timestamp,rpm,egt,cht,vibration,fuel_flow,throttle,altitude,temperature,pressure,engine_load,expected_egt,expected_cht,expected_vibration,fault_type,health_index,degradation_level,rul
2026-09-02T09:47:41.606032,5369.5,838.0,136.1,2.5,24.37,92.3,115.0,14.3,37.2,0.923,829.1,137.1,2.64,NONE,98.7,0.0,500.0
2026-09-02T09:47:42.606032,5419.2,831.5,142.1,2.74,24.15,91.2,130.0,14.2,37.1,0.912,829.0,136.9,2.68,NONE,98.9,0.0,500.0
2026-09-02T09:47:43.606032,5397.2,826.5,139.4,2.6,24.19,91.5,145.0,14.1,37.1,0.915,829.1,136.9,2.66,NONE,97.9,0.0,500.0
2026-09-02T09:47:44.606032,5432.3,826.4,134.0,2.76,23.67,90.4,160.0,14.0,37.0,0.904,828.9,136.7,2.69,NONE,97.0,0.0,500.0
2026-09-02T09:47:45.606032,5416.9,833.7,137.1,2.59,24.0,91.6,175.0,13.9,37.2,0.916,829.2,136.9,2.68,NONE,99.8,0.0,500.0
2026-09-02T09:47:46.606032,5406.4,829.5,136.8,2.69,23.77,90.0,190.0,13.8,37.0,0.9,828.9,136.4,2.67,NONE,97.9,0.0,500.0
2026-09-02T09:47:47.606032,5386.3,827.0,135.3,2.46,24.24,92.9,205.0,13.7,37.3,0.929,829.6,137.2,2.66,NONE,98.2,0.0,500.0
2026-09-02T09:47:48.606032,5418.3,831.4,137.2,2.77,24.27,92.8,220.0,13.6,37.3,0.928,829.7,137.2,2.68,NONE,99.7,0.0,500.0
2026-09-02T09:47:49.606032,5361.9,827.9,133.8,2.7,23.72,93.4,235.0,13.5,37.3,0.934,829.8,137.2,2.64,NONE,97.4,0.0,500.0
2026-09-02T09:47:50.606032,5423.8,833.3,135.9,2.73,24.13,93.2,250.0,13.4,37.3,0.932,829.9,137.3,2.69,NONE,98.2,0.0,500.0
2026-09-02T09:47:51.606032,5356.8,823.6,135.5,2.61,23.79,91.4,265.0,13.3,37.1,0.914,829.4,136.4,2.63,NONE,97.1,0.0,500.0
2026-09-02T09:47:52.606032,5443.7,829.3,137.9,2.91,24.15,90.4,280.0,13.2,37.0,0.904,829.4,136.5,2.7,NONE,98.6,0.0,500.0
2026-09-02T09:47:53.606032,5415.3,829.8,136.1,2.55,23.09,90.4,295.0,13.1,37.0,0.904,829.4,136.3,2.68,NONE,97.7,0.0,500.0
2026-09-02T09:47:54.606032,5373.9,829.1,139.9,2.53,23.92,93.2,310.0,13.0,37.3,0.932,830.0,137.0,2.65,NONE,99.2,0.0,500.0
2026-09-02T09:47:55.606032,5417.9,832.9,135.3,2.75,23.7,91.2,325.0,12.9,37.1,0.912,829.7,136.5,2.68,NONE,97.8,0.0,500.0
2026-09-02T09:47:56.606032,5384.2,826.5,137.7,2.57,23.02,90.5,340.0,12.8,37.0,0.905,829.5,136.1,2.65,NONE,98.1,0.0,500.0
2026-09-02T09:47:57.606032,5405.0,833.6,138.7,2.61,24.28,92.7,355.0,12.7,37.3,0.927,830.1,136.9,2.67,NONE,97.6,0.0,500.0
2026-09-02T09:47:58.606032,5395.5,829.6,137.1,2.96,23.91,91.7,370.0,12.6,37.2,0.917,829.9,136.5,2.66,NONE,99.9,0.0,500.0
2026-09-02T09:47:59.606032,5376.9,827.8,131.9,2.67,23.43,92.7,385.0,12.5,37.3,0.927,830.2,136.7,2.65,NONE,97.8,0.0,500.0
2026-09-02T09:48:00.606032,5391.2,826.5,136.5,2.62,23.12,90.2,400.0,12.4,37.0,0.902,829.6,135.9,2.66,NONE,97.5,0.0,500.0
2026-09-02T09:48:01.606032,5419.2,829.1,138.8,2.58,22.48,90.2,415.0,12.3,37.0,0.902,829.7,136.0,2.68,NONE,98.6,0.0,500.0
2026-09-02T09:48:02.606032,5364.7,829.5,134.6,2.63,23.91,92.9,430.0,12.2,37.3,0.929,830.3,136.6,2.64,NONE,97.9,0.0,500.0
2026-09-02T09:48:03.606032,5373.2,830.6,136.9,2.63,22.74,90.4,445.0,12.1,37.0,0.904,829.8,135.8,2.65,NONE,97.7,0.0,500.0
2026-09-02T09:48:04.606032,5353.8,832.0,138.4,2.58,22.72,91.8,460.0,12.0,37.2,0.918,830.2,136.2,2.63,NONE,99.9,0.0,500.0
2026-09-02T09:48:05.606032,5443.5,825.9,140.7,2.81,23.38,92.4,475.0,11.9,37.2,0.924,830.5,136.7,2.7,NONE,99.6,0.0,500.0
2026-09-02T09:48:06.606032,5354.1,825.1,133.7,2.77,23.01,90.4,490.0,11.8,37.0,0.904,829.9,135.7,2.63,NONE,98.3,0.0,500.0
2026-09-02T09:48:07.606032,5356.0,828.8,138.1,2.71,23.0,90.5,505.0,11.7,37.1,0.905,830.0,135.7,2.63,NONE,97.7,0.0,500.0
2026-09-02T09:48:08.606032,5405.8,834.9,139.4,2.82,23.04,91.6,520.0,11.6,37.2,0.916,830.4,136.2,2.67,NONE,98.4,0.0,500.0
2026-09-02T09:48:09.606032,5380.5,833.6,134.3,2.67,23.07,90.1,535.0,11.5,37.0,0.901,830.0,135.6,2.65,NONE,98.1,0.0,500.0
2026-09-02T09:48:10.606032,5438.4,831.4,133.6,2.76,24.19,93.7,550.0,11.4,37.4,0.937,831.0,137.0,2.7,NONE,99.5,0.0,500.0
2026-09-02T09:48:11.606032,5439.2,834.0,137.7,2.62,22.57,90.1,565.0,11.3,37.0,0.901,830.3,135.8,2.7,NONE,98.8,0.0,500.0
2026-09-02T09:48:12.606032,5443.8,822.8,133.0,2.72,23.46,93.2,580.0,11.2,37.3,0.932,831.1,136.8,2.7,NONE,97.0,0.0,500.0
2026-09-02T09:48:13.606032,5387.1,831.6,135.8,2.69,23.28,92.6,595.0,11.1,37.3,0.926,830.9,136.3,2.66,NONE,98.1,0.0,500.0
2026-09-02T09:48:14.606032,5448.6,835.1,132.1,2.77,23.35,90.5,610.0,11.0,37.1,0.905,830.5,135.9,2.71,NONE,99.4,0.0,500.0
2026-09-02T09:48:15.606032,5447.1,829.9,133.0,2.69,23.31,91.1,625.0,10.9,37.1,0.911,830.7,136.0,2.71,NONE,97.6,0.0,500.0
2026-09-02T09:48:16.606032,5442.0,824.1,138.1,2.82,23.27,92.0,640.0,10.8,37.2,0.92,831.0,136.3,2.7,NONE,98.1,0.0,500.0
2026-09-02T09:48:17.606032,5378.6,827.2,134.2,2.81,23.74,92.8,655.0,10.7,37.3,0.928,831.1,136.2,2.65,NONE,99.8,0.0,500.0
2026-09-02T09:48:18.606032,5356.4,836.3,137.7,2.73,23.15,91.8,670.0,10.6,37.2,0.918,830.9,135.8,2.63,NONE,99.5,0.0,500.0
2026-09-02T09:48:19.606032,5433.0,832.2,137.2,2.73,22.73,93.3,685.0,10.5,37.3,0.933,831.4,136.5,2.69,NONE,98.4,0.0,500.0
2026-09-02T09:48:20.606032,5445.8,830.8,132.8,2.73,23.0,92.0,700.0,10.4,37.2,0.92,831.2,136.1,2.7,NONE,99.3,0.0,500.0
2026-09-02T09:48:21.606032,5375.5,829.6,132.8,2.57,22.42,90.1,715.0,10.4,37.0,0.901,830.7,135.2,2.65,NONE,99.5,0.0,500.0
2026-09-02T09:48:22.606032,5405.2,831.5,135.7,2.75,23.61,93.9,730.0,10.3,37.4,0.939,831.7,136.5,2.67,NONE,98.7,0.0,500.0
2026-09-02T09:48:23.606032,5400.0,830.2,136.4,2.73,22.85,90.6,745.0,10.2,37.1,0.906,830.9,135.4,2.67,NONE,98.1,0.0,500.0
2026-09-02T09:48:24.606032,5357.5,831.6,139.0,2.72,23.04,93.2,760.0,10.1,37.3,0.932,831.6,136.0,2.63,NONE,97.7,0.0,500.0
2026-09-02T09:48:25.606032,5365.9,830.1,131.8,2.64,23.68,93.5,775.0,10.0,37.4,0.935,831.7,136.1,2.64,NONE,99.0,0.0,500.0
2026-09-02T09:48:26.606032,5385.0,836.2,133.8,2.61,23.19,92.3,790.0,9.9,37.2,0.923,831.5,135.8,2.66,NONE,99.3,0.0,500.0
2026-09-02T09:48:27.606032,5447.5,836.9,140.2,2.71,23.14,93.8,805.0,9.8,37.4,0.938,832.0,136.5,2.71,NONE,98.3,0.0,500.0
2026-09-02T09:48:28.606032,5437.4,832.0,138.6,2.76,23.0,93.5,820.0,9.7,37.4,0.935,832.0,136.3,2.7,NONE,99.5,0.0,500.0
2026-09-02T09:48:29.606032,5437.3,832.2,135.9,2.72,23.03,92.7,835.0,9.6,37.3,0.927,831.8,136.1,2.7,NONE,98.6,0.0,500.0
2026-09-02T09:48:30.606032,5411.5,827.5,134.2,2.74,23.63,93.7,850.0,9.5,37.4,0.937,832.1,136.2,2.68,NONE,97.1,0.0,500.0
2026-09-02T09:48:31.606032,5367.2,835.5,136.4,2.63,22.61,93.1,865.0,9.4,37.3,0.931,831.9,135.8,2.64,NONE,98.6,0.0,500.0
2026-09-02T09:48:32.606032,5398.4,836.3,138.8,2.72,23.06,92.8,880.0,9.3,37.3,0.928,832.0,135.8,2.67,NONE,97.2,0.0,500.0
2026-09-02T09:48:33.606032,5437.9,829.8,137.3,2.56,22.59,90.9,895.0,9.2,37.1,0.909,831.6,135.4,2.7,NONE,97.1,0.0,500.0
2026-09-02T09:48:34.606032,5430.1,828.4,137.5,2.72,22.55,92.0,910.0,9.1,37.2,0.92,831.9,135.7,2.69,NONE,98.0,0.0,500.0
2026-09-02T09:48:35.606032,5377.5,833.3,138.9,2.73,23.04,91.2,925.0,9.0,37.1,0.912,831.7,135.1,2.65,NONE,98.5,0.0,500.0
2026-09-02T09:48:36.606032,5408.1,834.0,135.2,2.66,22.64,93.1,940.0,8.9,37.3,0.931,832.2,135.9,2.67,NONE,97.7,0.0,500.0
2026-09-02T09:48:37.606032,5378.3,825.8,133.7,2.55,22.44,91.3,955.0,8.8,37.1,0.913,831.8,135.1,2.65,NONE,98.3,0.0,500.0
2026-09-02T09:48:38.606032,5352.4,827.4,138.5,2.64,23.01,94.0,970.0,8.7,37.4,0.94,832.5,135.8,2.63,NONE,99.5,0.0,500.0
2026-09-02T09:48:39.606032,5358.1,830.2,135.4,2.7,22.64,93.5,985.0,8.6,37.4,0.935,832.4,135.7,2.63,NONE,99.9,0.0,500.0
2026-09-02T09:48:40.606032,5106.4,832.0,132.6,2.59,20.77,84.4,1000.0,8.5,36.4,0.844,828.8,131.7,2.44,NONE,97.4,0.0,500.0
2026-09-02T09:48:41.606032,5093.2,826.1,130.9,2.27,20.27,84.5,1025.0,8.3,36.5,0.845,828.9,131.6,2.43,NONE,100.0,0.0,500.0
2026-09-02T09:48:42.606032,5099.1,832.3,132.8,2.49,20.51,83.6,1050.0,8.2,36.4,0.836,828.6,131.3,2.43,NONE,97.8,0.0,500.0
2026-09-02T09:48:43.606032,5136.8,821.7,133.2,2.52,20.45,85.9,1075.0,8.0,36.6,0.859,829.8,132.1,2.46,NONE,98.1,0.0,500.0
2026-09-02T09:48:44.606032,5120.1,826.9,128.8,2.43,19.98,84.0,1100.0,7.8,36.4,0.84,829.1,131.4,2.45,NONE,99.0,0.0,500.0
2026-09-02T09:48:45.606032,5137.3,829.1,130.8,2.52,20.25,84.1,1125.0,7.7,36.4,0.841,829.3,131.5,2.46,NONE,97.7,0.0,500.0
2026-09-02T09:48:46.606032,5130.7,831.0,133.4,2.55,20.73,86.3,1150.0,7.5,36.6,0.863,830.3,132.1,2.46,NONE,97.7,0.0,500.0
2026-09-02T09:48:47.606032,5109.0,832.7,128.0,2.45,20.08,86.0,1175.0,7.4,36.6,0.86,830.2,131.8,2.44,NONE,98.4,0.0,500.0
2026-09-02T09:48:48.606032,5113.5,833.4,129.1,2.44,20.59,84.9,1200.0,7.2,36.5,0.849,829.8,131.5,2.44,NONE,99.4,0.0,500.0
2026-09-02T09:48:49.606032,5096.1,835.1,129.9,2.64,20.16,83.8,1225.0,7.0,36.4,0.838,829.3,131.0,2.43,NONE,98.5,0.0,500.0
2026-09-02T09:48:50.606032,5084.8,826.9,132.8,2.52,20.11,83.5,1250.0,6.9,36.4,0.835,829.2,130.8,2.42,NONE,99.9,0.0,500.0
2026-09-02T09:48:51.606032,5104.6,835.8,133.7,2.57,19.64,85.0,1275.0,6.7,36.5,0.85,830.1,131.3,2.44,NONE,98.6,0.0,500.0
2026-09-02T09:48:52.606032,5064.1,831.5,127.0,2.53,19.7,84.4,1300.0,6.5,36.4,0.844,829.8,130.9,2.41,NONE,98.8,0.0,500.0
2026-09-02T09:48:53.606032,5065.5,837.2,127.0,2.38,19.32,83.9,1325.0,6.4,36.4,0.839,829.6,130.7,2.41,NONE,98.6,0.0,500.0
2026-09-02T09:48:54.606032,5064.3,830.4,130.1,2.38,19.35,84.4,1350.0,6.2,36.4,0.844,829.9,130.8,2.41,NONE,99.3,0.0,500.0
2026-09-02T09:48:55.606032,5124.6,830.8,129.2,2.5,20.03,84.3,1375.0,6.1,36.4,0.843,830.2,131.0,2.45,NONE,99.8,0.0,500.0
2026-09-02T09:48:56.606032,5085.7,834.4,133.6,2.27,20.3,86.3,1400.0,5.9,36.6,0.863,831.0,131.4,2.42,NONE,98.2,0.0,500.0
2026-09-02T09:48:57.606032,5075.7,831.4,130.0,2.28,20.0,85.9,1425.0,5.7,36.6,0.859,830.9,131.2,2.41,NONE,97.4,0.0,500.0
2026-09-02T09:48:58.606032,5082.4,829.9,132.9,2.36,19.83,84.9,1450.0,5.6,36.5,0.849,830.6,130.8,2.42,NONE,97.5,0.0,500.0
2026-09-02T09:48:59.606032,5074.4,831.7,133.2,2.28,19.67,86.3,1475.0,5.4,36.6,0.863,831.2,131.2,2.41,NONE,97.0,0.0,500.0
2026-09-02T09:49:00.606032,5136.9,832.6,130.1,2.46,19.91,86.5,1500.0,5.2,36.6,0.865,831.6,131.5,2.46,NONE,97.1,0.0,500.0
2026-09-02T09:49:01.606032,5093.9,830.7,129.7,2.49,19.76,86.3,1525.0,5.1,36.6,0.863,831.5,131.2,2.43,NONE,98.4,0.0,500.0
2026-09-02T09:49:02.606032,5103.0,833.3,128.1,2.49,18.98,85.5,1550.0,4.9,36.5,0.855,831.2,130.9,2.44,NONE,98.5,0.0,500.0
2026-09-02T09:49:03.606032,5070.7,824.7,129.4,2.46,19.72,84.4,1575.0,4.8,36.4,0.844,830.7,130.4,2.41,NONE,99.5,0.0,500.0
2026-09-02T09:49:04.606032,5081.2,826.8,125.4,2.53,19.5,84.3,1600.0,4.6,36.4,0.843,830.8,130.3,2.42,NONE,98.6,0.0,500.0
2026-09-02T09:49:05.606032,5136.5,830.1,133.0,2.35,19.53,83.9,1625.0,4.4,36.4,0.839,830.9,130.4,2.46,NONE,98.4,0.0,500.0
2026-09-02T09:49:06.606032,5136.2,835.8,135.1,2.43,19.18,84.5,1650.0,4.3,36.5,0.845,831.3,130.5,2.46,NONE,98.9,0.0,500.0
2026-09-02T09:49:07.606032,5124.7,834.2,131.5,2.21,19.51,85.0,1675.0,4.1,36.5,0.85,831.5,130.6,2.45,NONE,98.6,0.0,500.0
2026-09-02T09:49:08.606032,5117.4,832.1,129.6,2.57,19.2,85.2,1700.0,4.0,36.5,0.852,831.7,130.6,2.45,NONE,97.9,0.0,500.0
2026-09-02T09:49:09.606032,5104.9,839.1,129.0,2.34,19.37,85.9,1725.0,3.8,36.6,0.859,832.0,130.7,2.44,NONE,98.6,0.0,500.0
2026-09-02T09:49:10.606032,5101.6,832.4,130.6,2.52,19.26,84.4,1750.0,3.6,36.4,0.844,831.5,130.2,2.43,NONE,99.5,0.0,500.0
2026-09-02T09:49:11.606032,5137.1,831.9,134.6,2.42,19.65,85.8,1775.0,3.5,36.6,0.858,832.3,130.7,2.46,NONE,97.7,0.0,500.0
2026-09-02T09:49:12.606032,5064.7,828.2,132.0,2.39,18.94,84.9,1800.0,3.3,36.5,0.849,831.7,130.1,2.41,NONE,98.7,0.0,500.0
2026-09-02T09:49:13.606032,5091.5,830.0,132.4,2.43,18.7,85.0,1825.0,3.1,36.5,0.85,832.0,130.2,2.43,NONE,98.9,0.0,500.0
2026-09-02T09:49:14.606032,5069.3,834.1,130.8,2.32,19.3,86.3,1850.0,3.0,36.6,0.863,832.5,130.4,2.41,NONE,97.0,0.0,500.0
2026-09-02T09:49:15.606032,5064.6,825.3,126.4,2.41,19.55,85.9,1875.0,2.8,36.6,0.859,832.4,130.2,2.41,NONE,97.6,0.0,500.0
2026-09-02T09:49:16.606032,5062.8,826.5,128.8,2.21,19.19,86.3,1900.0,2.7,36.6,0.863,832.7,130.3,2.4,NONE,98.5,0.0,500.0
2026-09-02T09:49:17.606032,5115.3,836.2,128.0,2.51,19.03,84.9,1925.0,2.5,36.5,0.849,832.3,130.0,2.44,NONE,98.0,0.0,500.0
2026-09-02T09:49:18.606032,5137.8,820.1,129.7,2.55,18.34,84.0,1950.0,2.3,36.4,0.84,832.1,129.8,2.46,NONE,99.5,0.0,500.0
2026-09-02T09:49:19.606032,5077.7,826.3,129.5,2.48,18.9,83.7,1975.0,2.2,36.4,0.837,831.8,129.4,2.42,NONE,97.5,0.0,500.0
2026-09-02T09:49:20.606032,5127.0,826.6,126.1,2.44,19.0,84.4,2000.0,2.0,36.4,0.844,832.4,129.8,2.45,NONE,97.4,0.0,500.0
2026-09-02T09:49:21.606032,5136.2,830.3,129.7,2.59,19.03,85.3,2025.0,1.8,36.5,0.853,832.9,130.0,2.46,NONE,98.4,0.0,500.0
2026-09-02T09:49:22.606032,5123.8,830.2,128.4,2.72,18.51,84.6,2050.0,1.7,36.5,0.846,832.7,129.7,2.45,NONE,99.7,0.0,500.0
2026-09-02T09:49:23.606032,5087.2,834.7,133.2,2.52,18.56,85.3,2075.0,1.5,36.5,0.853,832.9,129.7,2.42,NONE,97.9,0.0,500.0
2026-09-02T09:49:24.606032,5101.2,835.5,125.7,2.32,18.74,85.4,2100.0,1.3,36.5,0.854,833.1,129.8,2.43,NONE,97.1,0.0,500.0
2026-09-02T09:49:25.606032,5072.8,835.7,131.0,2.5,18.76,85.5,2125.0,1.2,36.5,0.855,833.2,129.6,2.41,NONE,99.3,0.0,500.0
2026-09-02T09:49:26.606032,5111.0,834.9,128.4,2.42,18.12,83.9,2150.0,1.0,36.4,0.839,832.7,129.2,2.44,NONE,97.8,0.0,500.0
2026-09-02T09:49:27.606032,5098.5,835.9,129.3,2.37,18.59,83.8,2175.0,0.9,36.4,0.838,832.7,129.1,2.43,NONE,98.1,0.0,500.0
2026-09-02T09:49:28.606032,5096.1,835.6,127.6,2.4,18.26,85.3,2200.0,0.7,36.5,0.853,833.4,129.5,2.43,NONE,98.0,0.0,500.0
2026-09-02T09:49:29.606032,5115.8,832.8,127.3,2.57,18.44,84.0,2225.0,0.5,36.4,0.84,833.0,129.1,2.44,NONE,98.5,0.0,500.0
2026-09-02T09:49:30.606032,5124.1,834.7,128.9,2.45,18.55,85.9,2250.0,0.4,36.6,0.859,833.9,129.7,2.45,NONE,97.1,0.0,500.0
2026-09-02T09:49:31.606032,5128.7,836.9,126.6,2.48,18.52,85.8,2275.0,0.2,36.6,0.858,834.0,129.7,2.45,NONE,98.7,0.0,500.0
2026-09-02T09:49:32.606032,5124.2,827.4,130.7,2.55,18.43,83.9,2300.0,0.1,36.4,0.839,833.2,129.0,2.45,NONE,97.9,0.0,500.0
2026-09-02T09:49:33.606032,5079.3,837.3,125.9,2.4,18.14,84.0,2325.0,-0.1,36.4,0.84,833.2,128.8,2.42,NONE,100.0,0.0,500.0
2026-09-02T09:49:34.606032,5137.9,829.2,126.7,2.46,18.65,85.4,2350.0,-0.3,36.5,0.854,834.1,129.4,2.46,NONE,97.5,0.0,500.0
2026-09-02T09:49:35.606032,5109.9,831.2,126.3,2.37,18.24,83.8,2375.0,-0.4,36.4,0.838,833.4,128.8,2.44,NONE,98.6,0.0,500.0
2026-09-02T09:49:36.606032,5119.8,837.4,128.9,2.31,17.86,83.8,2400.0,-0.6,36.4,0.838,833.5,128.8,2.45,NONE,97.8,0.0,500.0
2026-09-02T09:49:37.606032,5125.6,825.3,130.1,2.24,18.47,85.5,2425.0,-0.8,36.5,0.855,834.4,129.3,2.45,NONE,97.1,0.0,500.0
2026-09-02T09:49:38.606032,5110.2,833.9,128.1,2.45,17.92,84.4,2450.0,-0.9,36.4,0.844,833.9,128.8,2.44,NONE,97.2,0.0,500.0
2026-09-02T09:49:39.606032,5085.2,833.5,131.3,2.31,18.39,84.2,2475.0,-1.1,36.4,0.842,833.8,128.6,2.42,NONE,99.1,0.0,500.0
2026-09-02T09:49:40.606032,5102.4,830.9,127.7,2.46,17.55,84.4,2500.0,-1.2,36.4,0.844,834.1,128.7,2.43,NONE,97.3,0.0,500.0
2026-09-02T09:49:41.606032,5085.7,838.4,126.3,2.08,18.09,84.2,2525.0,-1.4,36.4,0.842,834.0,128.5,2.42,NONE,98.0,0.0,500.0
2026-09-02T09:49:42.606032,5091.3,830.0,129.9,2.4,18.1,83.9,2550.0,-1.6,36.4,0.839,834.0,128.4,2.43,NONE,97.5,0.0,500.0
2026-09-02T09:49:43.606032,5102.4,837.9,128.5,2.43,18.26,83.8,2575.0,-1.7,36.4,0.838,834.1,128.3,2.43,NONE,99.4,0.0,500.0
2026-09-02T09:49:44.606032,5114.0,833.2,129.9,2.6,17.92,86.1,2600.0,-1.9,36.6,0.861,835.2,129.1,2.44,NONE,97.8,0.0,500.0
2026-09-02T09:49:45.606032,5129.8,838.2,125.2,2.41,18.22,84.2,2625.0,-2.1,36.4,0.842,834.5,128.5,2.46,NONE,99.2,0.0,500.0
2026-09-02T09:49:46.606032,5065.2,838.1,129.1,2.44,17.62,85.6,2650.0,-2.2,36.6,0.856,835.0,128.6,2.41,NONE,99.3,0.0,500.0
2026-09-02T09:49:47.606032,5093.0,833.2,125.8,2.31,17.53,84.0,2675.0,-2.4,36.4,0.84,834.5,128.2,2.43,NONE,99.2,0.0,500.0
2026-09-02T09:49:48.606032,5069.5,834.3,127.2,2.45,17.72,85.0,2700.0,-2.6,36.5,0.85,834.9,128.3,2.41,NONE,97.6,0.0,500.0
2026-09-02T09:49:49.606032,5122.4,828.9,127.9,2.29,17.67,85.0,2725.0,-2.7,36.5,0.85,835.2,128.5,2.45,NONE,98.8,0.0,500.0
2026-09-02T09:49:50.606032,5122.9,837.2,125.8,2.49,17.45,85.9,2750.0,-2.9,36.6,0.859,835.7,128.7,2.45,NONE,99.8,0.0,500.0
2026-09-02T09:49:51.606032,5063.0,840.7,124.9,2.36,17.82,84.7,2775.0,-3.0,36.5,0.847,835.0,128.0,2.41,NONE,98.3,0.0,500.0
2026-09-02T09:49:52.606032,5094.6,842.6,128.4,2.37,16.9,83.7,2800.0,-3.2,36.4,0.837,834.8,127.8,2.43,NONE,99.1,0.0,500.0
2026-09-02T09:49:53.606032,5067.1,835.7,129.4,2.37,17.73,86.2,2825.0,-3.4,36.6,0.862,835.9,128.4,2.41,NONE,98.6,0.0,500.0
2026-09-02T09:49:54.606032,5126.2,836.9,128.7,2.34,17.77,85.7,2850.0,-3.5,36.6,0.857,835.9,128.5,2.45,NONE,98.8,0.0,500.0
2026-09-02T09:49:55.606032,5102.7,830.2,128.7,2.57,17.43,86.3,2875.0,-3.7,36.6,0.863,836.2,128.5,2.44,NONE,97.6,0.0,500.0
2026-09-02T09:49:56.606032,5061.9,829.9,125.6,2.45,17.61,83.8,2900.0,-3.8,36.4,0.838,835.1,127.5,2.4,NONE,99.1,0.0,500.0
2026-09-02T09:49:57.606032,5129.9,836.3,129.3,2.47,18.03,86.4,2925.0,-4.0,36.6,0.864,836.5,128.6,2.46,NONE,98.4,0.0,500.0
2026-09-02T09:49:58.606032,5133.0,833.5,129.7,2.4,17.76,85.0,2950.0,-4.2,36.5,0.85,836.0,128.1,2.46,NONE,97.7,0.0,500.0
2026-09-02T09:49:59.606032,5124.0,827.5,126.6,2.39,17.66,85.0,2975.0,-4.3,36.5,0.85,836.1,128.0,2.45,NONE,99.8,0.0,500.0
2026-09-02T09:50:00.606032,5116.0,837.7,128.0,2.56,17.02,85.7,3000.0,-4.5,36.6,0.857,836.4,128.1,2.45,NONE,97.4,0.0,500.0
2026-09-02T09:50:01.606032,5118.8,835.1,126.9,2.7,17.36,84.3,3025.0,-4.7,36.4,0.843,835.9,127.7,2.45,NONE,97.0,0.0,500.0
2026-09-02T09:50:02.606032,5073.2,833.6,132.5,2.61,17.58,84.9,3050.0,-4.8,36.5,0.849,836.1,127.6,2.41,NONE,97.2,0.0,500.0
2026-09-02T09:50:03.606032,5103.8,833.3,126.0,2.23,17.66,85.8,3075.0,-5.0,36.6,0.858,836.7,128.0,2.44,NONE,99.2,0.0,500.0
2026-09-02T09:50:04.606032,5082.4,838.6,128.8,2.46,16.99,85.1,3100.0,-5.2,36.5,0.851,836.4,127.6,2.42,NONE,98.5,0.0,500.0
2026-09-02T09:50:05.606032,5080.9,839.4,130.9,2.57,17.62,86.4,3125.0,-5.3,36.6,0.864,837.1,128.0,2.42,NONE,98.6,0.0,500.0
2026-09-02T09:50:06.606032,5077.3,842.4,129.6,2.51,17.07,85.9,3150.0,-5.5,36.6,0.859,836.9,127.7,2.42,NONE,99.2,0.0,500.0
2026-09-02T09:50:07.606032,5137.8,835.5,126.1,2.26,17.34,85.9,3175.0,-5.6,36.6,0.859,837.2,127.9,2.46,NONE,99.9,0.0,500.0
2026-09-02T09:50:08.606032,5138.7,837.2,125.9,2.5,16.2,84.1,3200.0,-5.8,36.4,0.841,836.5,127.3,2.46,NONE,98.6,0.0,500.0
2026-09-02T09:50:09.606032,5128.1,829.2,128.5,2.32,17.24,84.3,3225.0,-6.0,36.4,0.843,836.7,127.3,2.45,NONE,97.7,0.0,500.0
2026-09-02T09:50:10.606032,4827.7,821.9,124.5,2.49,14.85,72.8,3287.4,-6.4,35.3,0.728,828.8,122.2,2.23,NONE,98.0,0.0,500.0
2026-09-02T09:50:11.606032,4785.3,827.2,122.8,2.29,14.66,71.5,3291.9,-6.4,35.1,0.715,827.6,121.6,2.2,NONE,98.7,0.0,500.0
2026-09-02T09:50:12.606032,4811.1,829.1,125.3,2.0,14.41,73.0,3294.9,-6.4,35.3,0.73,828.9,122.2,2.22,NONE,99.5,0.0,500.0
2026-09-02T09:50:13.606032,4789.6,828.9,125.3,2.16,15.05,71.8,3291.4,-6.4,35.2,0.718,827.9,121.8,2.2,NONE,99.2,0.0,500.0
2026-09-02T09:50:14.606032,4786.5,823.2,120.4,2.3,14.35,71.7,3292.3,-6.4,35.2,0.717,827.8,121.7,2.2,NONE,98.4,0.0,500.0
2026-09-02T09:50:15.606032,4783.7,826.5,121.4,2.09,14.49,72.9,3306.4,-6.5,35.3,0.729,828.7,122.1,2.2,NONE,98.6,0.0,500.0
2026-09-02T09:50:16.606032,4775.7,825.5,122.2,2.16,14.45,71.6,3301.1,-6.5,35.2,0.716,827.7,121.6,2.19,NONE,98.4,0.0,500.0
2026-09-02T09:50:17.606032,4776.9,821.9,121.9,2.33,14.66,72.7,3296.2,-6.4,35.3,0.727,828.5,122.0,2.2,NONE,99.8,0.0,500.0
2026-09-02T09:50:18.606032,4817.4,827.3,118.8,2.19,14.88,72.7,3306.9,-6.5,35.3,0.727,828.7,122.1,2.22,NONE,97.2,0.0,500.0
2026-09-02T09:50:19.606032,4791.9,822.6,123.4,2.19,15.14,73.0,3299.6,-6.4,35.3,0.73,828.8,122.1,2.21,NONE,98.2,0.0,500.0
2026-09-02T09:50:20.606032,4796.9,829.3,123.4,2.14,14.63,72.2,3291.9,-6.4,35.2,0.722,828.2,121.9,2.21,NONE,99.5,0.0,500.0
2026-09-02T09:50:21.606032,4784.9,831.5,125.0,2.27,14.69,72.4,3295.9,-6.4,35.2,0.724,828.3,121.9,2.2,NONE,99.1,0.0,500.0
2026-09-02T09:50:22.606032,4799.5,824.7,122.3,2.13,14.68,71.4,3290.0,-6.4,35.1,0.714,827.6,121.7,2.21,NONE,97.0,0.0,500.0
2026-09-02T09:50:23.606032,4797.4,838.3,120.7,2.33,14.37,71.9,3297.4,-6.4,35.2,0.719,828.0,121.8,2.21,NONE,98.9,0.0,500.0
2026-09-02T09:50:24.606032,4780.5,833.6,123.3,2.33,15.16,72.9,3286.7,-6.4,35.3,0.729,828.6,122.1,2.2,NONE,98.9,0.0,500.0
2026-09-02T09:50:25.606032,4801.0,827.4,121.5,2.28,14.86,71.3,3293.2,-6.4,35.1,0.713,827.5,121.6,2.21,NONE,99.7,0.0,500.0
2026-09-02T09:50:26.606032,4784.5,826.9,124.1,2.29,14.66,72.3,3288.3,-6.4,35.2,0.723,828.2,121.9,2.2,NONE,97.5,0.0,500.0
2026-09-02T09:50:27.606032,4808.6,825.9,121.9,2.12,15.42,73.0,3288.4,-6.4,35.3,0.73,828.8,122.2,2.22,NONE,99.1,0.0,500.0
2026-09-02T09:50:28.606032,4813.6,827.8,123.5,2.14,15.07,72.4,3288.3,-6.4,35.2,0.724,828.4,122.1,2.22,NONE,99.7,0.0,500.0
2026-09-02T09:50:29.606032,4799.5,825.4,126.5,2.1,14.22,71.7,3291.1,-6.4,35.2,0.717,827.8,121.8,2.21,NONE,97.3,0.0,500.0
2026-09-02T09:50:30.606032,4808.7,835.6,124.8,2.33,15.13,71.5,3278.6,-6.3,35.1,0.715,827.7,121.8,2.22,NONE,98.5,0.0,500.0
2026-09-02T09:50:31.606032,4819.3,828.0,123.3,2.27,14.69,71.2,3282.2,-6.3,35.1,0.712,827.5,121.7,2.23,NONE,98.1,0.0,500.0
2026-09-02T09:50:32.606032,4786.8,824.8,123.0,2.12,15.12,72.7,3272.3,-6.3,35.3,0.727,828.4,122.1,2.2,NONE,99.4,0.0,500.0
2026-09-02T09:50:33.606032,4795.8,825.6,121.4,2.24,14.77,71.8,3275.2,-6.3,35.2,0.718,827.8,121.8,2.21,NONE,97.2,0.0,500.0
2026-09-02T09:50:34.606032,4810.3,826.4,122.5,2.28,14.73,72.5,3258.4,-6.2,35.3,0.725,828.4,122.1,2.22,NONE,97.6,0.0,500.0
2026-09-02T09:50:35.606032,4823.6,822.5,123.6,2.31,15.31,72.9,3257.1,-6.2,35.3,0.729,828.7,122.3,2.23,NONE,100.0,0.0,500.0
2026-09-02T09:50:36.606032,4802.7,829.5,120.3,2.11,15.27,72.9,3262.9,-6.2,35.3,0.729,828.6,122.2,2.21,NONE,97.8,0.0,500.0
2026-09-02T09:50:37.606032,4800.2,830.5,123.6,2.26,14.77,72.4,3248.6,-6.1,35.2,0.724,828.2,122.1,2.21,NONE,98.1,0.0,500.0
2026-09-02T09:50:38.606032,4827.8,826.7,122.0,2.38,15.36,72.9,3251.2,-6.1,35.3,0.729,828.7,122.4,2.23,NONE,98.2,0.0,500.0
2026-09-02T09:50:39.606032,4814.0,828.0,122.0,2.31,14.63,72.1,3254.8,-6.2,35.2,0.721,828.1,122.0,2.22,NONE,98.0,0.0,500.0
2026-09-02T09:50:40.606032,4819.4,823.8,117.6,2.29,14.57,71.5,3233.8,-6.0,35.2,0.715,827.6,121.9,2.23,NONE,97.6,0.0,500.0
2026-09-02T09:50:41.606032,4795.8,832.9,115.9,2.14,14.61,72.7,3242.6,-6.1,35.3,0.727,828.4,122.2,2.21,NONE,99.4,0.0,499.9
2026-09-02T09:50:42.606032,4821.1,827.8,123.0,2.29,14.79,72.0,3229.2,-6.0,35.2,0.72,828.0,122.1,2.23,NONE,98.1,0.0,499.9
2026-09-02T09:50:43.606032,4819.6,826.6,118.5,2.28,14.85,72.1,3236.5,-6.0,35.2,0.721,828.1,122.1,2.23,NONE,99.9,0.0,499.9
2026-09-02T09:50:44.606032,4792.5,833.4,120.0,2.12,15.18,71.8,3227.9,-6.0,35.2,0.718,827.6,121.9,2.21,NONE,98.1,0.0,499.9
2026-09-02T09:50:45.606032,4805.8,822.1,121.1,2.25,15.32,71.3,3213.1,-5.9,35.1,0.713,827.3,121.8,2.22,NONE,98.0,0.0,499.9
2026-09-02T09:50:46.606032,4775.0,824.7,119.4,2.24,14.87,71.5,3222.0,-5.9,35.1,0.715,827.3,121.7,2.19,NONE,97.5,0.0,499.9
2026-09-02T09:50:47.606032,4771.1,826.1,122.4,2.08,14.83,71.4,3200.9,-5.8,35.1,0.714,827.1,121.7,2.19,NONE,97.5,0.0,499.9
2026-09-02T09:50:48.606032,4824.8,834.2,125.3,2.18,15.01,72.4,3203.5,-5.8,35.2,0.724,828.2,122.3,2.23,NONE,99.6,0.0,499.9
2026-09-02T09:50:49.606032,4782.7,824.2,121.3,2.23,14.59,71.0,3204.6,-5.8,35.1,0.71,826.9,121.7,2.2,NONE,98.3,0.0,499.9
2026-09-02T09:50:50.606032,4773.2,829.2,120.1,2.04,14.62,72.0,3199.7,-5.8,35.2,0.72,827.6,121.9,2.19,NONE,97.5,0.0,499.9
2026-09-02T09:50:51.606032,4822.0,825.2,120.6,2.22,14.29,71.3,3183.9,-5.7,35.1,0.713,827.3,122.0,2.23,NONE,98.4,0.0,499.9
2026-09-02T09:50:52.606032,4818.8,832.2,122.6,2.13,15.11,72.6,3187.5,-5.7,35.3,0.726,828.2,122.3,2.23,NONE,97.9,0.0,499.9
2026-09-02T09:50:53.606032,4795.0,826.3,124.8,2.28,14.41,71.8,3185.6,-5.7,35.2,0.718,827.5,122.0,2.21,NONE,99.8,0.0,499.9
2026-09-02T09:50:54.606032,4782.5,827.6,123.0,2.28,15.49,71.6,3163.0,-5.6,35.2,0.716,827.2,121.9,2.2,NONE,98.7,0.0,499.9
2026-09-02T09:50:55.606032,4778.4,836.3,118.6,2.28,14.29,72.6,3174.8,-5.6,35.3,0.726,828.0,122.2,2.2,NONE,98.8,0.0,499.9
2026-09-02T09:50:56.606032,4803.4,833.1,124.5,2.19,14.41,71.0,3162.2,-5.6,35.1,0.71,826.9,121.8,2.21,NONE,97.6,0.0,499.9
2026-09-02T09:50:57.606032,4816.4,830.5,122.7,2.33,14.86,72.2,3154.2,-5.5,35.2,0.722,827.8,122.3,2.22,NONE,99.0,0.0,499.9
2026-09-02T09:50:58.606032,4813.2,832.4,119.0,2.14,14.94,72.8,3162.3,-5.6,35.3,0.728,828.3,122.4,2.22,NONE,99.2,0.0,499.9
2026-09-02T09:50:59.606032,4788.4,827.6,121.1,2.3,15.3,72.2,3156.6,-5.5,35.2,0.722,827.7,122.2,2.2,NONE,97.5,0.0,499.9
2026-09-02T09:51:00.606032,4829.0,828.0,124.3,2.22,14.8,71.6,3150.3,-5.5,35.2,0.716,827.4,122.2,2.23,NONE,99.9,0.0,499.9
2026-09-02T09:51:01.606032,4781.4,828.2,124.1,2.2,15.12,72.8,3149.7,-5.5,35.3,0.728,828.1,122.3,2.2,NONE,99.8,0.0,499.9
2026-09-02T09:51:02.606032,4808.1,826.7,120.6,2.34,14.66,72.8,3128.3,-5.3,35.3,0.728,828.1,122.5,2.22,NONE,98.0,0.0,499.9
2026-09-02T09:51:03.606032,4773.9,835.3,122.8,2.16,14.59,72.2,3141.5,-5.4,35.2,0.722,827.5,122.1,2.19,NONE,98.7,0.0,499.9
2026-09-02T09:51:04.606032,4773.4,828.2,124.5,2.07,15.19,72.4,3121.2,-5.3,35.2,0.724,827.6,122.2,2.19,NONE,98.3,0.0,499.9
2026-09-02T09:51:05.606032,4811.2,828.2,124.1,2.28,14.74,72.1,3126.9,-5.3,35.2,0.721,827.6,122.3,2.22,NONE,98.9,0.0,499.9
2026-09-02T09:51:06.606032,4798.5,826.5,124.7,2.09,15.21,72.8,3124.8,-5.3,35.3,0.728,828.1,122.4,2.21,NONE,98.8,0.0,499.9
2026-09-02T09:51:07.606032,4774.9,833.5,123.7,2.04,14.94,71.6,3118.7,-5.3,35.2,0.716,827.0,122.0,2.19,NONE,97.6,0.0,499.9
2026-09-02T09:51:08.606032,4782.3,827.2,120.0,2.3,15.4,71.9,3124.4,-5.3,35.2,0.719,827.3,122.1,2.2,NONE,98.3,0.0,499.9
2026-09-02T09:51:09.606032,4793.5,820.3,124.5,2.29,15.07,72.4,3118.6,-5.3,35.2,0.724,827.7,122.3,2.21,NONE,97.6,0.0,499.9
2026-09-02T09:51:10.606032,4794.4,817.7,123.5,2.12,14.75,72.9,3118.3,-5.3,35.3,0.729,828.1,122.5,2.21,NONE,98.2,0.0,499.9
2026-09-02T09:51:11.606032,4776.8,832.2,120.7,2.31,14.89,72.5,3108.1,-5.2,35.3,0.725,827.7,122.3,2.2,NONE,98.5,0.0,499.9
2026-09-02T09:51:12.606032,4785.4,829.0,121.5,2.31,15.27,71.3,3117.2,-5.3,35.1,0.713,826.8,121.9,2.2,NONE,99.1,0.0,499.9
2026-09-02T09:51:13.606032,4811.5,828.9,121.5,2.2,14.94,71.5,3100.8,-5.2,35.1,0.715,827.1,122.1,2.22,NONE,99.1,0.0,499.9
2026-09-02T09:51:14.606032,4781.8,821.1,123.6,2.18,15.02,72.4,3111.1,-5.2,35.2,0.724,827.6,122.3,2.2,NONE,98.0,0.0,499.9
2026-09-02T09:51:15.606032,4802.3,824.0,120.9,2.26,14.42,71.0,3094.7,-5.1,35.1,0.71,826.6,122.0,2.21,NONE,98.9,0.0,499.9
2026-09-02T09:51:16.606032,4800.0,826.6,125.9,2.19,14.89,72.7,3110.9,-5.2,35.3,0.727,828.0,122.5,2.21,NONE,99.0,0.0,499.9
2026-09-02T09:51:17.606032,4822.8,824.3,118.7,2.26,14.66,71.8,3102.9,-5.2,35.2,0.718,827.4,122.3,2.23,NONE,97.2,0.0,499.9
2026-09-02T09:51:18.606032,4813.5,828.4,122.7,2.27,14.71,71.5,3101.1,-5.2,35.1,0.715,827.1,122.2,2.22,NONE,97.8,0.0,499.9
2026-09-02T09:51:19.606032,4793.1,824.9,118.4,2.31,15.33,72.9,3104.8,-5.2,35.3,0.729,828.0,122.5,2.21,NONE,97.1,0.0,499.9
2026-09-02T09:51:20.606032,4785.6,824.5,121.0,2.35,14.71,71.8,3094.8,-5.1,35.2,0.718,827.1,122.1,2.2,NONE,97.4,0.0,499.9
2026-09-02T09:51:21.606032,4797.0,830.5,120.9,2.2,15.07,72.4,3102.7,-5.2,35.2,0.724,827.7,122.4,2.21,NONE,99.7,0.0,499.9
2026-09-02T09:51:22.606032,4823.2,830.8,123.6,2.08,15.44,72.1,3102.7,-5.2,35.2,0.721,827.6,122.4,2.23,NONE,97.2,0.0,499.9
2026-09-02T09:51:23.606032,4776.9,829.9,121.8,2.34,15.26,71.4,3104.8,-5.2,35.1,0.714,826.8,122.0,2.2,NONE,99.9,0.0,499.9
2026-09-02T09:51:24.606032,4826.2,835.3,120.8,2.25,15.51,72.5,3107.7,-5.2,35.2,0.725,827.9,122.5,2.23,NONE,99.5,0.0,499.9
2026-09-02T09:51:25.606032,4771.0,830.7,126.0,2.34,15.13,72.5,3100.7,-5.2,35.3,0.725,827.6,122.3,2.19,NONE,98.8,0.0,499.9
2026-09-02T09:51:26.606032,4780.8,819.9,120.2,2.15,15.5,72.6,3105.6,-5.2,35.3,0.726,827.8,122.3,2.2,NONE,98.1,0.0,499.9
2026-09-02T09:51:27.606032,4781.8,829.8,120.8,2.32,14.93,72.2,3115.6,-5.3,35.2,0.722,827.5,122.2,2.2,NONE,99.1,0.0,499.9
2026-09-02T09:51:28.606032,4828.7,826.0,123.7,2.15,15.55,72.4,3106.8,-5.2,35.2,0.724,827.9,122.5,2.23,NONE,99.3,0.0,499.9
2026-09-02T09:51:29.606032,4809.4,827.0,121.3,2.17,15.12,72.4,3101.2,-5.2,35.2,0.724,827.7,122.4,2.22,NONE,97.9,0.0,499.9
2026-09-02T09:51:30.606032,4771.1,829.1,120.7,2.35,15.17,72.8,3119.2,-5.3,35.3,0.728,827.9,122.3,2.19,NONE,98.2,0.0,499.9
2026-09-02T09:51:31.606032,4776.7,826.2,124.7,2.15,14.87,72.8,3122.8,-5.3,35.3,0.728,827.9,122.4,2.2,NONE,97.0,0.0,499.9
2026-09-02T09:51:32.606032,4788.6,827.7,120.1,2.24,14.96,71.5,3122.1,-5.3,35.2,0.715,827.0,122.0,2.2,NONE,98.1,0.0,499.9
2026-09-02T09:51:33.606032,4771.1,823.0,124.8,2.27,14.62,71.9,3123.8,-5.3,35.2,0.719,827.2,122.0,2.19,NONE,99.6,0.0,499.9
2026-09-02T09:51:34.606032,4817.2,827.8,123.4,2.22,15.09,72.4,3118.1,-5.3,35.2,0.724,827.8,122.4,2.22,NONE,97.1,0.0,499.9
2026-09-02T09:51:35.606032,4799.6,826.4,121.9,2.23,15.38,71.8,3121.3,-5.3,35.2,0.718,827.3,122.1,2.21,NONE,98.7,0.0,499.9
2026-09-02T09:51:36.606032,4776.0,824.7,127.1,2.28,14.89,71.3,3124.2,-5.3,35.1,0.713,826.8,121.9,2.2,NONE,98.2,0.0,499.9
2026-09-02T09:51:37.606032,4792.3,828.0,119.2,2.38,14.61,71.4,3128.9,-5.3,35.1,0.714,827.0,122.0,2.21,NONE,99.3,0.0,499.9
2026-09-02T09:51:38.606032,4784.8,831.5,123.5,2.22,15.14,72.8,3144.5,-5.4,35.3,0.728,828.1,122.3,2.2,NONE,99.2,0.0,499.9
2026-09-02T09:51:39.606032,4805.0,826.2,124.5,2.2,14.76,71.6,3134.5,-5.4,35.2,0.716,827.2,122.1,2.22,NONE,98.4,0.0,499.9
2026-09-02T09:51:40.606032,4825.9,828.7,119.5,2.33,14.82,71.1,3154.5,-5.5,35.1,0.711,827.0,122.0,2.23,NONE,98.0,0.0,499.9
2026-09-02T09:51:41.606032,4789.6,826.9,124.0,2.27,14.71,72.3,3143.1,-5.4,35.2,0.723,827.7,122.2,2.2,NONE,99.0,0.0,499.9
2026-09-02T09:51:42.606032,4809.8,818.8,122.3,2.13,15.26,72.5,3145.5,-5.4,35.3,0.725,828.0,122.4,2.22,NONE,98.5,0.0,499.9
2026-09-02T09:51:43.606032,4814.3,820.3,123.1,2.15,14.84,71.7,3165.7,-5.6,35.2,0.717,827.5,122.1,2.22,NONE,98.9,0.0,499.9
2026-09-02T09:51:44.606032,4786.5,831.5,123.2,2.17,14.86,71.5,3168.1,-5.6,35.2,0.715,827.2,121.9,2.2,NONE,97.1,0.0,499.9
2026-09-02T09:51:45.606032,4809.4,823.9,121.5,2.3,14.75,72.2,3171.1,-5.6,35.2,0.722,827.8,122.2,2.22,NONE,98.1,0.0,499.9
2026-09-02T09:51:46.606032,4807.0,831.1,126.3,2.31,14.44,71.5,3164.9,-5.6,35.2,0.715,827.3,122.0,2.22,NONE,99.9,0.0,499.9
2026-09-02T09:51:47.606032,4792.5,827.4,123.5,2.17,15.45,72.3,3170.2,-5.6,35.2,0.723,827.8,122.2,2.21,NONE,99.8,0.0,499.9
2026-09-02T09:51:48.606032,4809.1,832.2,121.5,2.25,15.12,71.9,3179.3,-5.7,35.2,0.719,827.6,122.1,2.22,NONE,97.7,0.0,499.9
2026-09-02T09:51:49.606032,4770.9,823.4,121.8,2.13,15.24,71.2,3190.6,-5.7,35.1,0.712,826.9,121.7,2.19,NONE,99.8,0.0,499.9
2026-09-02T09:51:50.606032,4787.9,828.6,121.2,2.28,14.91,72.7,3191.2,-5.7,35.3,0.727,828.2,122.2,2.2,NONE,97.4,0.0,499.9
2026-09-02T09:51:51.606032,4802.1,825.9,125.4,1.99,15.11,72.3,3193.5,-5.8,35.2,0.723,828.0,122.2,2.21,NONE,99.8,0.0,499.9
2026-09-02T09:51:52.606032,4776.8,827.0,117.9,2.18,15.25,72.3,3205.6,-5.8,35.2,0.723,827.9,122.0,2.2,NONE,98.0,0.0,499.9
2026-09-02T09:51:53.606032,4814.2,824.0,126.1,2.21,15.27,72.8,3216.9,-5.9,35.3,0.728,828.5,122.3,2.22,NONE,99.0,0.0,499.9
2026-09-02T09:51:54.606032,4805.0,835.0,120.1,2.19,15.15,72.5,3219.2,-5.9,35.3,0.725,828.2,122.2,2.22,NONE,97.1,0.0,499.9
2026-09-02T09:51:55.606032,4774.0,827.9,122.0,2.13,15.32,72.4,3216.7,-5.9,35.2,0.724,828.0,122.0,2.19,NONE,99.9,0.0,499.9
2026-09-02T09:51:56.606032,4807.7,828.1,122.5,2.39,14.45,71.5,3226.6,-6.0,35.2,0.715,827.5,121.9,2.22,NONE,99.2,0.0,499.9
2026-09-02T09:51:57.606032,4780.8,824.8,121.9,2.19,15.2,71.7,3237.7,-6.0,35.2,0.717,827.5,121.8,2.2,NONE,99.4,0.0,499.9
2026-09-02T09:51:58.606032,4826.2,835.2,124.9,2.34,15.26,72.4,3230.7,-6.0,35.2,0.724,828.3,122.2,2.23,NONE,98.9,0.0,499.9
2026-09-02T09:51:59.606032,4770.9,824.4,122.1,2.22,14.2,71.3,3244.7,-6.1,35.1,0.713,827.2,121.6,2.19,NONE,99.1,0.0,499.9
2026-09-02T09:52:00.606032,4786.3,827.3,119.4,2.13,14.68,71.3,3248.5,-6.1,35.1,0.713,827.3,121.7,2.2,NONE,97.9,0.0,499.9
2026-09-02T09:52:01.606032,4817.0,833.6,122.5,2.44,14.83,72.7,3254.2,-6.2,35.3,0.727,828.5,122.2,2.22,NONE,99.2,0.0,499.9
2026-09-02T09:52:02.606032,4777.3,825.0,123.2,2.12,14.57,72.5,3244.8,-6.1,35.2,0.725,828.1,122.0,2.2,NONE,99.3,0.0,499.9
2026-09-02T09:52:03.606032,4818.8,831.4,120.9,2.18,15.51,72.8,3262.6,-6.2,35.3,0.728,828.7,122.3,2.23,NONE,97.0,0.0,499.9
2026-09-02T09:52:04.606032,4828.7,833.4,123.1,2.19,14.3,71.6,3251.7,-6.1,35.2,0.716,827.8,121.9,2.23,NONE,98.2,0.0,499.9
2026-09-02T09:52:05.606032,4793.2,826.3,123.3,2.03,14.28,72.2,3254.6,-6.2,35.2,0.722,828.0,122.0,2.21,NONE,99.0,0.0,499.9
2026-09-02T09:52:06.606032,4786.3,825.6,124.4,2.07,14.56,71.4,3265.8,-6.2,35.1,0.714,827.4,121.7,2.2,NONE,99.8,0.0,499.9
2026-09-02T09:52:07.606032,4798.3,829.8,123.0,2.03,14.72,72.3,3267.0,-6.2,35.2,0.723,828.2,122.0,2.21,NONE,97.2,0.0,499.9
2026-09-02T09:52:08.606032,4792.9,830.0,119.8,2.18,14.9,71.9,3280.9,-6.3,35.2,0.719,827.9,121.8,2.21,NONE,97.2,0.0,499.9
2026-09-02T09:52:09.606032,4807.7,821.4,124.8,2.17,14.16,71.6,3276.9,-6.3,35.2,0.716,827.8,121.8,2.22,NONE,99.6,0.0,499.9
2026-09-02T09:52:10.606032,4817.7,824.8,121.2,2.14,14.26,72.2,3288.7,-6.4,35.2,0.722,828.3,122.0,2.22,NONE,97.2,0.0,499.9
2026-09-02T09:52:11.606032,4817.7,831.0,122.9,2.27,15.05,72.3,3287.8,-6.4,35.2,0.723,828.4,122.0,2.22,NONE,99.8,0.0,499.9
2026-09-02T09:52:12.606032,4772.6,832.7,120.3,2.19,14.64,72.5,3278.6,-6.3,35.3,0.725,828.2,121.9,2.19,NONE,99.3,0.0,499.9
2026-09-02T09:52:13.606032,4804.3,829.1,121.7,2.35,14.12,71.5,3278.9,-6.3,35.2,0.715,827.7,121.8,2.22,NONE,98.3,0.0,499.9
2026-09-02T09:52:14.606032,4810.6,829.4,122.7,2.19,14.43,71.4,3289.5,-6.4,35.1,0.714,827.7,121.7,2.22,NONE,97.6,0.0,499.9
2026-09-02T09:52:15.606032,4796.0,826.3,121.0,2.26,15.36,71.6,3293.7,-6.4,35.2,0.716,827.7,121.7,2.21,NONE,98.9,0.0,499.9
2026-09-02T09:52:16.606032,4778.3,829.3,120.1,2.16,14.51,72.5,3284.4,-6.3,35.3,0.725,828.3,121.9,2.2,NONE,98.6,0.0,499.9
2026-09-02T09:52:17.606032,4804.3,833.3,121.9,2.26,14.72,71.8,3302.3,-6.5,35.2,0.718,828.0,121.8,2.22,NONE,98.8,0.0,499.9
2026-09-02T09:52:18.606032,4825.5,834.1,127.1,2.08,14.89,71.5,3299.4,-6.4,35.2,0.715,827.9,121.8,2.23,NONE,99.7,0.0,499.9
2026-09-02T09:52:19.606032,4809.2,830.0,119.7,2.16,14.76,71.3,3303.2,-6.5,35.1,0.713,827.6,121.7,2.22,NONE,97.5,0.0,499.9
2026-09-02T09:52:20.606032,4819.9,822.6,121.9,2.03,15.21,72.6,3295.6,-6.4,35.3,0.726,828.6,122.1,2.23,NONE,98.3,0.0,499.9
2026-09-02T09:52:21.606032,4792.1,825.9,121.0,2.09,14.57,71.1,3300.4,-6.5,35.1,0.711,827.4,121.5,2.21,NONE,98.0,0.0,499.9
2026-09-02T09:52:22.606032,4789.2,832.4,120.5,2.21,14.61,72.7,3296.1,-6.4,35.3,0.727,828.5,122.0,2.2,NONE,98.7,0.0,499.9
2026-09-02T09:52:23.606032,4815.7,820.0,125.0,2.29,15.0,72.1,3294.5,-6.4,35.2,0.721,828.2,122.0,2.22,NONE,98.5,0.0,499.9
2026-09-02T09:52:24.606032,4778.0,833.3,123.8,2.16,15.09,72.7,3298.4,-6.4,35.3,0.727,828.5,122.0,2.2,NONE,99.9,0.0,499.9
2026-09-02T09:52:25.606032,4810.9,829.8,122.7,2.35,14.79,71.9,3289.8,-6.4,35.2,0.719,828.0,121.9,2.22,NONE,97.5,0.0,499.9
2026-09-02T09:52:26.606032,4801.1,828.5,120.0,2.16,14.93,72.5,3290.2,-6.4,35.2,0.725,828.4,122.0,2.21,NONE,99.1,0.0,499.9
2026-09-02T09:52:27.606032,4781.3,830.0,119.5,2.3,14.78,71.0,3298.3,-6.4,35.1,0.71,827.2,121.5,2.2,NONE,99.7,0.0,499.9
2026-09-02T09:52:28.606032,4814.8,826.6,121.4,2.07,15.05,72.2,3295.4,-6.4,35.2,0.722,828.3,122.0,2.22,NONE,98.0,0.0,499.9
2026-09-02T09:52:29.606032,4812.5,824.0,122.0,2.3,14.87,72.6,3290.9,-6.4,35.3,0.726,828.6,122.1,2.22,NONE,99.7,0.0,499.9
2026-09-02T09:52:30.606032,4827.2,824.2,117.1,2.29,14.75,72.8,3286.4,-6.4,35.3,0.728,828.8,122.2,2.23,NONE,99.7,0.0,499.9
2026-09-02T09:52:31.606032,4784.7,833.2,122.9,1.91,14.93,72.9,3296.3,-6.4,35.3,0.729,828.7,122.1,2.2,NONE,98.9,0.0,499.9
2026-09-02T09:52:32.606032,4819.9,824.8,127.4,2.28,14.46,71.5,3282.6,-6.3,35.1,0.715,827.8,121.8,2.23,NONE,97.1,0.0,499.9
2026-09-02T09:52:33.606032,4828.4,828.2,119.4,2.54,15.04,72.0,3287.1,-6.4,35.2,0.72,828.2,122.0,2.23,NONE,98.1,0.0,499.9
2026-09-02T09:52:34.606032,4814.0,830.3,124.4,2.21,14.7,72.5,3290.4,-6.4,35.3,0.725,828.5,122.1,2.22,NONE,97.4,0.0,499.9
2026-09-02T09:52:35.606032,4793.6,831.6,118.1,2.24,14.91,72.4,3271.8,-6.3,35.2,0.724,828.3,122.0,2.21,NONE,97.4,0.0,499.9
2026-09-02T09:52:36.606032,4779.1,832.9,119.8,2.15,15.31,72.8,3283.6,-6.3,35.3,0.728,828.5,122.0,2.2,NONE,98.8,0.0,499.9
2026-09-02T09:52:37.606032,4770.2,826.8,117.5,2.13,14.83,71.1,3274.5,-6.3,35.1,0.711,827.2,121.5,2.19,NONE,99.1,0.0,499.9
2026-09-02T09:52:38.606032,4819.9,824.2,118.2,2.26,14.27,71.2,3275.8,-6.3,35.1,0.712,827.5,121.7,2.23,NONE,98.5,0.0,499.9
2026-09-02T09:52:39.606032,4783.3,827.8,120.3,2.1,15.01,72.7,3259.7,-6.2,35.3,0.727,828.4,122.1,2.2,NONE,99.4,0.0,499.9
2026-09-02T09:52:40.606032,4791.4,824.2,122.4,2.13,14.45,72.4,3258.6,-6.2,35.2,0.724,828.2,122.0,2.21,NONE,99.5,0.0,499.9
2026-09-02T09:52:41.606032,4788.0,828.8,122.1,2.2,14.71,71.8,3266.3,-6.2,35.2,0.718,827.8,121.8,2.2,NONE,99.3,0.0,499.9
2026-09-02T09:52:42.606032,4781.4,829.1,122.3,2.3,14.63,71.9,3250.9,-6.1,35.2,0.719,827.7,121.8,2.2,NONE,98.5,0.0,499.9
2026-09-02T09:52:43.606032,4789.5,817.9,126.0,2.22,14.74,71.9,3259.6,-6.2,35.2,0.719,827.8,121.9,2.2,NONE,99.9,0.0,499.9
2026-09-02T09:52:44.606032,4797.9,831.4,120.7,2.02,15.0,72.2,3241.9,-6.1,35.2,0.722,828.0,122.0,2.21,NONE,98.4,0.0,499.9
2026-09-02T09:52:45.606032,4773.8,826.0,120.9,2.34,14.79,71.5,3236.3,-6.0,35.2,0.715,827.3,121.7,2.19,NONE,99.5,0.0,499.9
2026-09-02T09:52:46.606032,4785.0,832.5,123.0,1.97,14.86,72.3,3245.5,-6.1,35.2,0.723,828.0,122.0,2.2,NONE,100.0,0.0,499.9
2026-09-02T09:52:47.606032,4818.9,830.7,123.4,2.34,14.18,71.6,3230.4,-6.0,35.2,0.716,827.7,121.9,2.23,NONE,98.8,0.0,499.9
2026-09-02T09:52:48.606032,4822.4,832.6,123.3,2.06,14.92,71.4,3229.1,-6.0,35.1,0.714,827.5,121.9,2.23,NONE,97.1,0.0,499.9
2026-09-02T09:52:49.606032,4791.0,829.0,121.8,2.13,14.85,72.4,3222.4,-5.9,35.2,0.724,828.1,122.1,2.21,NONE,98.3,0.0,499.9
2026-09-02T09:52:50.606032,4804.8,824.7,123.1,2.18,14.79,71.5,3222.9,-5.9,35.1,0.715,827.5,121.9,2.22,NONE,99.0,0.0,499.9
2026-09-02T09:52:51.606032,4789.9,831.8,121.2,2.3,14.79,72.4,3223.3,-6.0,35.2,0.724,828.1,122.1,2.21,NONE,97.7,0.0,499.9
2026-09-02T09:52:52.606032,4783.6,825.8,122.5,2.18,14.99,71.6,3217.6,-5.9,35.2,0.716,827.4,121.8,2.2,NONE,100.0,0.0,499.9
2026-09-02T09:52:53.606032,4812.3,822.1,124.9,2.09,15.32,72.4,3197.4,-5.8,35.2,0.724,828.1,122.2,2.22,NONE,98.0,0.0,499.9
2026-09-02T09:52:54.606032,4806.4,826.8,126.1,2.26,15.19,72.0,3202.0,-5.8,35.2,0.72,827.8,122.1,2.22,NONE,97.9,0.0,499.9
2026-09-02T09:52:55.606032,4775.1,819.9,121.5,2.35,15.01,71.2,3190.5,-5.7,35.1,0.712,827.0,121.7,2.19,NONE,98.2,0.0,499.9
2026-09-02T09:52:56.606032,4775.5,828.8,121.1,2.02,15.07,72.6,3183.4,-5.7,35.3,0.726,828.0,122.2,2.19,NONE,98.8,0.0,499.9
2026-09-02T09:52:57.606032,4778.7,826.6,121.9,2.25,14.83,71.7,3178.6,-5.7,35.2,0.717,827.3,121.9,2.2,NONE,99.6,0.0,499.9
2026-09-02T09:52:58.606032,4828.0,820.9,123.9,2.37,14.5,71.3,3185.4,-5.7,35.1,0.713,827.3,122.0,2.23,NONE,98.0,0.0,499.9
2026-09-02T09:52:59.606032,4814.9,830.1,119.1,2.09,15.01,71.4,3179.0,-5.7,35.1,0.714,827.3,122.0,2.22,NONE,98.1,0.0,499.9
2026-09-02T09:53:00.606032,4803.7,824.2,125.0,2.36,14.78,72.1,3164.1,-5.6,35.2,0.721,827.7,122.2,2.21,NONE,99.6,0.0,499.9
2026-09-02T09:53:01.606032,4808.5,835.6,119.8,2.22,15.22,71.0,3174.8,-5.6,35.1,0.71,826.9,121.8,2.22,NONE,97.1,0.0,499.9
2026-09-02T09:53:02.606032,4777.8,825.7,122.8,2.3,15.06,71.3,3166.2,-5.6,35.1,0.713,827.0,121.8,2.2,NONE,99.4,0.0,499.9
2026-09-02T09:53:03.606032,4781.2,826.8,123.0,2.02,15.09,72.2,3150.6,-5.5,35.2,0.722,827.6,122.1,2.2,NONE,99.6,0.0,499.9
2026-09-02T09:53:04.606032,4787.5,824.2,122.0,2.2,15.26,72.6,3147.4,-5.5,35.3,0.726,827.9,122.3,2.2,NONE,97.5,0.0,499.9
2026-09-02T09:53:05.606032,4806.1,830.2,125.8,2.1,14.39,71.2,3139.1,-5.4,35.1,0.712,827.0,121.9,2.22,NONE,98.2,0.0,499.9
2026-09-02T09:53:06.606032,4829.3,821.6,125.1,2.34,15.04,72.8,3134.6,-5.4,35.3,0.728,828.3,122.6,2.23,NONE,98.0,0.0,499.9
2026-09-02T09:53:07.606032,4789.3,830.6,121.5,2.12,15.05,71.4,3143.3,-5.4,35.1,0.714,827.0,121.9,2.2,NONE,99.5,0.0,499.9
2026-09-02T09:53:08.606032,4780.8,823.4,121.2,2.05,15.02,72.1,3133.4,-5.4,35.2,0.721,827.5,122.1,2.2,NONE,99.3,0.0,499.9
2026-09-02T09:53:09.606032,4812.6,827.6,120.1,2.11,15.25,71.4,3139.1,-5.4,35.1,0.714,827.1,122.0,2.22,NONE,98.1,0.0,499.9
2026-09-02T09:53:10.606032,4813.7,830.4,124.1,2.15,15.38,72.5,3133.0,-5.4,35.3,0.725,828.0,122.4,2.22,NONE,99.2,0.0,499.9
2026-09-02T09:53:11.606032,4826.1,827.3,123.4,2.2,14.68,71.6,3122.4,-5.3,35.2,0.716,827.3,122.2,2.23,NONE,99.0,0.0,499.9
2026-09-02T09:53:12.606032,4781.2,827.7,119.6,2.09,14.79,71.2,3113.7,-5.2,35.1,0.712,826.7,121.9,2.2,NONE,99.2,0.0,499.9
2026-09-02T09:53:13.606032,4802.1,828.8,122.9,2.15,14.92,73.0,3123.0,-5.3,35.3,0.73,828.2,122.5,2.21,NONE,98.7,0.0,499.9
2026-09-02T09:53:14.606032,4805.3,831.5,122.0,2.31,14.52,72.8,3123.1,-5.3,35.3,0.728,828.1,122.5,2.22,NONE,97.1,0.0,499.9
2026-09-02T09:53:15.606032,4771.7,823.7,124.6,2.21,14.32,71.3,3107.9,-5.2,35.1,0.713,826.7,121.9,2.19,NONE,97.4,0.0,499.9
2026-09-02T09:53:16.606032,4770.2,832.4,123.9,1.99,15.18,72.8,3114.8,-5.2,35.3,0.728,827.9,122.3,2.19,NONE,98.3,0.0,499.9
2026-09-02T09:53:17.606032,4793.1,824.5,122.6,2.06,15.07,71.9,3117.3,-5.3,35.2,0.719,827.3,122.2,2.21,NONE,99.6,0.0,499.9
2026-09-02T09:53:18.606032,4809.5,820.4,117.0,2.15,14.87,71.2,3106.2,-5.2,35.1,0.712,826.9,122.0,2.22,NONE,99.9,0.0,499.9
2026-09-02T09:53:19.606032,4804.6,827.2,122.0,2.24,14.59,71.2,3101.4,-5.2,35.1,0.712,826.8,122.0,2.22,NONE,99.9,0.0,499.9
2026-09-02T09:53:20.606032,4814.2,832.7,122.5,2.28,15.08,71.3,3099.1,-5.1,35.1,0.713,826.9,122.1,2.22,NONE,97.1,0.0,499.9
2026-09-02T09:53:21.606032,4822.8,825.1,124.4,2.25,14.77,72.1,3104.8,-5.2,35.2,0.721,827.6,122.4,2.23,NONE,97.9,0.0,499.9
2026-09-02T09:53:22.606032,4818.1,822.7,120.1,2.35,15.06,71.0,3111.3,-5.2,35.1,0.71,826.8,122.0,2.23,NONE,98.2,0.0,499.9
2026-09-02T09:53:23.606032,4803.3,830.1,121.5,2.21,15.09,71.1,3094.3,-5.1,35.1,0.711,826.7,122.0,2.21,NONE,97.9,0.0,499.9
2026-09-02T09:53:24.606032,4817.3,820.2,120.3,2.31,14.76,71.6,3097.8,-5.1,35.2,0.716,827.2,122.2,2.22,NONE,97.2,0.0,499.9
2026-09-02T09:53:25.606032,4795.0,830.2,122.5,2.26,15.09,72.3,3102.9,-5.2,35.2,0.723,827.6,122.3,2.21,NONE,97.8,0.0,499.9
2026-09-02T09:53:26.606032,4779.0,822.6,122.8,1.89,14.89,71.0,3100.1,-5.2,35.1,0.71,826.5,121.8,2.2,NONE,99.2,0.0,499.9
2026-09-02T09:53:27.606032,4794.5,828.6,124.0,2.0,14.54,71.1,3094.5,-5.1,35.1,0.711,826.7,122.0,2.21,NONE,98.0,0.0,499.9
2026-09-02T09:53:28.606032,4805.4,829.2,123.6,2.4,15.09,72.1,3103.4,-5.2,35.2,0.721,827.5,122.3,2.22,NONE,98.7,0.0,499.9
2026-09-02T09:53:29.606032,4793.9,825.4,123.8,2.15,14.64,71.4,3107.3,-5.2,35.1,0.714,826.9,122.0,2.21,NONE,97.4,0.0,499.9
2026-09-02T09:53:30.606032,4826.0,825.8,124.6,2.29,15.17,72.2,3098.4,-5.1,35.2,0.722,827.7,122.4,2.23,NONE,98.7,0.0,499.9
2026-09-02T09:53:31.606032,4781.4,827.6,121.4,2.3,15.32,71.6,3097.7,-5.1,35.2,0.716,827.0,122.1,2.2,NONE,99.9,0.0,499.9
2026-09-02T09:53:32.606032,4797.2,834.1,125.3,2.07,15.29,72.3,3114.0,-5.2,35.2,0.723,827.7,122.3,2.21,NONE,99.9,0.0,499.9
2026-09-02T09:53:33.606032,4807.7,830.0,120.5,2.03,14.47,71.7,3111.6,-5.2,35.2,0.717,827.3,122.2,2.22,NONE,97.5,0.0,499.9
2026-09-02T09:53:34.606032,4817.8,826.7,124.8,2.36,14.95,72.4,3117.6,-5.3,35.2,0.724,827.9,122.4,2.22,NONE,97.1,0.0,499.9
2026-09-02T09:53:35.606032,4807.7,829.2,124.1,2.24,15.14,72.2,3115.9,-5.3,35.2,0.722,827.6,122.3,2.22,NONE,97.5,0.0,499.9
2026-09-02T09:53:36.606032,4796.2,829.9,123.6,2.23,14.78,71.5,3119.5,-5.3,35.2,0.715,827.1,122.0,2.21,NONE,98.2,0.0,499.9
2026-09-02T09:53:37.606032,4804.0,830.0,120.3,2.38,15.21,72.6,3110.1,-5.2,35.3,0.726,827.9,122.4,2.22,NONE,98.4,0.0,499.9
2026-09-02T09:53:38.606032,4773.8,830.4,119.5,2.15,14.69,72.9,3115.7,-5.3,35.3,0.729,828.0,122.4,2.19,NONE,97.6,0.0,499.9
2026-09-02T09:53:39.606032,4794.3,823.7,120.4,2.17,14.9,72.2,3123.5,-5.3,35.2,0.722,827.6,122.2,2.21,NONE,98.3,0.0,499.9
2026-09-02T09:53:40.606032,4805.4,830.4,118.8,2.37,14.68,72.9,3132.9,-5.4,35.3,0.729,828.2,122.5,2.22,NONE,99.4,0.0,499.9
2026-09-02T09:53:41.606032,4814.8,822.6,121.3,2.14,15.42,71.4,3125.6,-5.3,35.1,0.714,827.1,122.1,2.22,NONE,99.7,0.0,499.9
2026-09-02T09:53:42.606032,4803.4,831.3,123.1,2.38,14.83,72.8,3122.4,-5.3,35.3,0.728,828.1,122.5,2.21,NONE,97.2,0.0,499.9
2026-09-02T09:53:43.606032,4813.8,831.3,124.7,2.16,15.08,72.4,3126.1,-5.3,35.2,0.724,827.9,122.4,2.22,NONE,97.5,0.0,499.9
2026-09-02T09:53:44.606032,4825.7,822.9,126.0,2.07,14.9,72.9,3135.3,-5.4,35.3,0.729,828.3,122.6,2.23,NONE,99.3,0.0,499.9
2026-09-02T09:53:45.606032,4794.1,825.5,119.9,2.09,14.7,71.8,3143.9,-5.4,35.2,0.718,827.4,122.1,2.21,NONE,98.6,0.0,499.9
2026-09-02T09:53:46.606032,4829.0,824.9,123.4,2.15,14.65,72.0,3151.6,-5.5,35.2,0.72,827.7,122.3,2.23,NONE,98.6,0.0,499.9
2026-09-02T09:53:47.606032,4799.6,826.7,122.2,2.06,14.55,71.6,3156.5,-5.5,35.2,0.716,827.3,122.0,2.21,NONE,97.7,0.0,499.9
2026-09-02T09:53:48.606032,4808.1,832.1,121.7,2.3,14.86,71.3,3154.0,-5.5,35.1,0.713,827.1,122.0,2.22,NONE,99.4,0.0,499.9
2026-09-02T09:53:49.606032,4777.0,825.7,120.2,2.31,14.9,71.3,3153.4,-5.5,35.1,0.713,826.9,121.8,2.2,NONE,97.7,0.0,499.9
2026-09-02T09:53:50.606032,4793.4,829.4,119.2,2.15,14.4,71.2,3165.2,-5.6,35.1,0.712,827.0,121.8,2.21,NONE,97.2,0.0,499.9
2026-09-02T09:53:51.606032,4796.2,833.6,120.7,2.09,14.31,71.0,3172.8,-5.6,35.1,0.71,826.9,121.8,2.21,NONE,97.6,0.0,499.9
2026-09-02T09:53:52.606032,4824.7,829.3,123.4,2.14,15.0,71.5,3176.9,-5.6,35.2,0.715,827.4,122.0,2.23,NONE,99.4,0.0,499.9
2026-09-02T09:53:53.606032,4783.3,830.1,122.5,2.18,14.56,72.4,3176.0,-5.6,35.2,0.724,827.9,122.2,2.2,NONE,97.4,0.0,499.9
2026-09-02T09:53:54.606032,4791.4,820.1,123.3,2.16,15.52,72.3,3193.0,-5.8,35.2,0.723,827.9,122.1,2.21,NONE,97.3,0.0,499.9
2026-09-02T09:53:55.606032,4813.6,831.7,125.9,2.23,15.14,71.8,3192.1,-5.7,35.2,0.718,827.6,122.1,2.22,NONE,99.0,0.0,499.9
2026-09-02T09:53:56.606032,4785.8,823.4,120.2,1.91,14.74,71.6,3203.8,-5.8,35.2,0.716,827.4,121.9,2.2,NONE,98.4,0.0,499.9
2026-09-02T09:53:57.606032,4778.3,826.4,121.6,2.24,14.69,71.0,3195.3,-5.8,35.1,0.71,826.8,121.7,2.2,NONE,98.3,0.0,499.9
2026-09-02T09:53:58.606032,4789.3,831.5,123.0,2.24,15.38,72.8,3197.8,-5.8,35.3,0.728,828.3,122.3,2.2,NONE,98.4,0.0,499.9
2026-09-02T09:53:59.606032,4776.1,833.1,121.8,2.26,15.0,72.7,3200.5,-5.8,35.3,0.727,828.1,122.2,2.2,NONE,99.7,0.0,499.9
2026-09-02T09:54:00.606032,4818.3,831.4,124.6,2.27,15.07,73.0,3206.1,-5.8,35.3,0.73,828.6,122.4,2.23,NONE,99.9,0.0,499.9
2026-09-02T09:54:01.606032,4774.4,827.4,122.4,2.23,14.71,71.9,3211.3,-5.9,35.2,0.719,827.6,121.9,2.19,NONE,98.2,0.0,499.9
2026-09-02T09:54:02.606032,4824.7,835.0,121.9,2.11,15.01,71.7,3227.4,-6.0,35.2,0.717,827.8,122.0,2.23,NONE,99.3,0.0,499.9
2026-09-02T09:54:03.606032,4798.8,822.4,119.0,2.21,15.09,71.2,3237.4,-6.0,35.1,0.712,827.3,121.7,2.21,NONE,99.4,0.0,499.9
2026-09-02T09:54:04.606032,4803.8,829.2,119.4,2.26,15.3,71.3,3231.2,-6.0,35.1,0.713,827.3,121.8,2.21,NONE,99.2,0.0,499.9
2026-09-02T09:54:05.606032,4802.0,820.8,121.2,2.18,15.09,72.1,3243.1,-6.1,35.2,0.721,828.0,122.0,2.21,NONE,98.9,0.0,499.9
2026-09-02T09:54:06.606032,4806.1,828.6,119.3,2.16,15.0,71.3,3235.6,-6.0,35.1,0.713,827.4,121.8,2.22,NONE,98.0,0.0,499.9
2026-09-02T09:54:07.606032,4791.6,829.6,121.1,2.3,14.99,72.8,3248.6,-6.1,35.3,0.728,828.5,122.2,2.21,NONE,98.7,0.0,499.9
2026-09-02T09:54:08.606032,4800.4,828.3,123.6,2.21,14.14,71.3,3257.5,-6.2,35.1,0.713,827.4,121.7,2.21,NONE,99.9,0.0,499.9
2026-09-02T09:54:09.606032,4800.4,825.9,121.2,2.25,15.09,71.7,3263.6,-6.2,35.2,0.717,827.7,121.8,2.21,NONE,99.4,0.0,499.9
2026-09-02T09:54:10.606032,4827.6,832.3,121.4,2.31,14.83,71.9,3258.8,-6.2,35.2,0.719,828.0,122.0,2.23,NONE,99.7,0.0,499.9
2026-09-02T09:54:11.606032,4815.1,827.0,121.8,2.29,14.44,71.0,3269.1,-6.2,35.1,0.71,827.3,121.7,2.22,NONE,98.3,0.0,499.9
2026-09-02T09:54:12.606032,4796.9,827.5,121.5,2.29,14.72,72.2,3260.5,-6.2,35.2,0.722,828.1,122.0,2.21,NONE,99.6,0.0,499.9
2026-09-02T09:54:13.606032,4776.9,827.3,121.1,2.08,14.68,71.5,3262.7,-6.2,35.2,0.715,827.5,121.7,2.2,NONE,97.3,0.0,499.9
2026-09-02T09:54:14.606032,4816.5,830.1,121.6,2.44,15.46,72.8,3276.2,-6.3,35.3,0.728,828.7,122.2,2.22,NONE,99.7,0.0,499.9
2026-09-02T09:54:15.606032,4785.4,827.7,123.8,2.2,14.87,72.9,3284.0,-6.3,35.3,0.729,828.6,122.1,2.2,NONE,98.8,0.0,499.9
2026-09-02T09:54:16.606032,4774.8,825.3,122.8,2.08,14.92,71.1,3282.1,-6.3,35.1,0.711,827.2,121.5,2.19,NONE,99.3,0.0,499.9
2026-09-02T09:54:17.606032,4775.6,827.2,125.6,2.24,14.73,73.0,3285.9,-6.4,35.3,0.73,828.7,122.1,2.19,NONE,99.0,0.0,499.9
2026-09-02T09:54:18.606032,4775.6,829.6,123.2,2.06,14.78,71.1,3280.2,-6.3,35.1,0.711,827.2,121.5,2.19,NONE,98.2,0.0,499.9
2026-09-02T09:54:19.606032,4794.5,829.8,121.7,2.24,14.88,72.8,3292.6,-6.4,35.3,0.728,828.6,122.1,2.21,NONE,99.1,0.0,499.9
2026-09-02T09:54:20.606032,4794.3,830.0,119.0,2.22,14.7,71.2,3299.0,-6.4,35.1,0.712,827.5,121.6,2.21,NONE,97.6,0.0,499.9
2026-09-02T09:54:21.606032,4821.2,826.8,121.7,2.26,14.83,72.7,3294.0,-6.4,35.3,0.727,828.7,122.2,2.23,NONE,99.0,0.0,499.9
2026-09-02T09:54:22.606032,4803.3,828.0,120.9,2.24,14.65,71.4,3295.1,-6.4,35.1,0.714,827.6,121.7,2.21,NONE,99.2,0.0,499.9
2026-09-02T09:54:23.606032,4799.0,827.9,123.5,2.22,14.45,72.4,3305.7,-6.5,35.2,0.724,828.4,122.0,2.21,NONE,99.0,0.0,499.9
2026-09-02T09:54:24.606032,4822.6,824.0,118.9,2.21,14.36,72.2,3306.4,-6.5,35.2,0.722,828.4,122.0,2.23,NONE,99.9,0.0,499.9
2026-09-02T09:54:25.606032,4809.9,828.7,120.7,2.04,14.55,71.4,3303.3,-6.5,35.1,0.714,827.7,121.7,2.22,NONE,99.9,0.0,499.9
2026-09-02T09:54:26.606032,4783.5,822.8,122.5,2.26,14.7,71.9,3293.1,-6.4,35.2,0.719,827.9,121.8,2.2,NONE,98.6,0.0,499.9
2026-09-02T09:54:27.606032,4812.9,822.4,117.4,2.37,14.43,71.5,3292.0,-6.4,35.1,0.715,827.8,121.8,2.22,NONE,97.7,0.0,499.9
2026-09-02T09:54:28.606032,4811.0,829.0,125.5,2.31,14.61,71.1,3292.5,-6.4,35.1,0.711,827.4,121.6,2.22,NONE,99.4,0.0,499.9
2026-09-02T09:54:29.606032,4810.8,829.0,122.2,2.09,15.11,72.7,3309.4,-6.5,35.3,0.727,828.7,122.1,2.22,NONE,97.5,0.0,499.9
2026-09-02T09:54:30.606032,4815.4,829.5,116.3,2.31,14.85,71.8,3299.8,-6.4,35.2,0.718,828.0,121.9,2.22,NONE,99.8,0.0,499.9
2026-09-02T09:54:31.606032,4815.5,831.8,120.3,2.17,14.01,71.5,3301.3,-6.5,35.1,0.715,827.8,121.8,2.22,NONE,99.6,0.0,499.9
2026-09-02T09:54:32.606032,4797.3,828.1,123.8,2.03,14.99,71.9,3305.8,-6.5,35.2,0.719,828.0,121.8,2.21,NONE,99.8,0.0,499.9
2026-09-02T09:54:33.606032,4783.4,824.2,121.2,2.25,15.08,71.9,3298.8,-6.4,35.2,0.719,827.9,121.8,2.2,NONE,99.1,0.0,499.9
2026-09-02T09:54:34.606032,4804.2,827.6,119.1,2.36,14.76,71.5,3297.4,-6.4,35.1,0.715,827.7,121.7,2.22,NONE,99.4,0.0,499.9
2026-09-02T09:54:35.606032,4828.1,829.4,123.7,2.14,15.14,72.1,3298.5,-6.4,35.2,0.721,828.3,122.0,2.23,NONE,98.8,0.0,499.9
2026-09-02T09:54:36.606032,4804.1,830.4,123.8,2.22,14.75,71.1,3300.0,-6.4,35.1,0.711,827.4,121.6,2.22,NONE,97.3,0.0,499.9
2026-09-02T09:54:37.606032,4774.3,829.2,121.5,2.13,14.9,72.8,3283.0,-6.3,35.3,0.728,828.5,122.0,2.19,NONE,97.5,0.0,499.9
2026-09-02T09:54:38.606032,4796.7,828.3,124.0,2.21,14.77,71.7,3289.5,-6.4,35.2,0.717,827.8,121.8,2.21,NONE,99.2,0.0,499.9
2026-09-02T09:54:39.606032,4779.6,825.1,124.2,2.33,15.04,71.8,3276.8,-6.3,35.2,0.718,827.7,121.7,2.2,NONE,99.4,0.0,499.9
2026-09-02T09:54:40.606032,4788.5,831.3,123.0,2.18,14.31,71.7,3284.9,-6.4,35.2,0.717,827.8,121.7,2.2,NONE,99.6,0.0,499.9
2026-09-02T09:54:41.606032,4774.0,830.7,124.8,2.23,14.21,72.3,3274.8,-6.3,35.2,0.723,828.1,121.9,2.19,NONE,97.1,0.0,499.9
2026-09-02T09:54:42.606032,4790.0,825.8,120.0,2.13,14.35,71.4,3273.9,-6.3,35.1,0.714,827.5,121.7,2.21,NONE,98.8,0.0,499.9
2026-09-02T09:54:43.606032,4791.6,825.3,120.3,2.32,14.55,72.5,3277.8,-6.3,35.3,0.725,828.3,122.0,2.21,NONE,98.1,0.0,499.9
2026-09-02T09:54:44.606032,4797.4,827.7,124.3,2.11,14.84,72.0,3269.9,-6.3,35.2,0.72,828.0,121.9,2.21,NONE,97.6,0.0,499.9
2026-09-02T09:54:45.606032,4809.1,822.0,123.8,2.24,14.4,72.1,3276.6,-6.3,35.2,0.721,828.1,122.0,2.22,NONE,99.3,0.0,499.9
2026-09-02T09:54:46.606032,4770.1,830.4,120.3,2.29,14.32,72.0,3265.1,-6.2,35.2,0.72,827.8,121.8,2.19,NONE,97.3,0.0,499.9
2026-09-02T09:54:47.606032,4789.8,828.9,121.5,2.1,14.58,71.7,3251.3,-6.1,35.2,0.717,827.6,121.8,2.2,NONE,98.5,0.0,499.9
2026-09-02T09:54:48.606032,4803.5,833.9,124.3,2.13,15.02,72.4,3246.4,-6.1,35.2,0.724,828.2,122.1,2.21,NONE,98.2,0.0,499.9
2026-09-02T09:54:49.606032,4817.0,830.1,121.1,2.13,14.7,72.4,3251.6,-6.1,35.2,0.724,828.3,122.1,2.22,NONE,98.0,0.0,499.9
2026-09-02T09:54:50.606032,4793.8,831.0,119.0,2.02,15.35,71.3,3255.0,-6.2,35.1,0.713,827.4,121.7,2.21,NONE,99.7,0.0,499.9
2026-09-02T09:54:51.606032,4809.8,833.2,125.0,2.16,15.08,72.7,3242.9,-6.1,35.3,0.727,828.5,122.2,2.22,NONE,97.4,0.0,499.9
2026-09-02T09:54:52.606032,4806.6,833.0,121.8,2.32,15.02,72.8,3246.6,-6.1,35.3,0.728,828.5,122.2,2.22,NONE,98.3,0.0,499.9
2026-09-02T09:54:53.606032,4811.9,823.1,122.9,2.26,15.14,72.9,3234.7,-6.0,35.3,0.729,828.6,122.3,2.22,NONE,98.3,0.0,499.9
2026-09-02T09:54:54.606032,4806.6,828.0,121.3,2.3,14.69,72.2,3233.7,-6.0,35.2,0.722,828.0,122.1,2.22,NONE,99.3,0.0,499.9
2026-09-02T09:54:55.606032,4788.9,826.4,122.4,2.3,14.84,71.8,3223.1,-6.0,35.2,0.718,827.6,121.9,2.2,NONE,99.4,0.0,499.9
2026-09-02T09:54:56.606032,4821.5,824.0,123.8,2.11,14.72,71.0,3215.4,-5.9,35.1,0.71,827.2,121.8,2.23,NONE,99.7,0.0,499.9
2026-09-02T09:54:57.606032,4829.5,832.2,123.4,2.35,15.07,72.7,3210.1,-5.9,35.3,0.727,828.5,122.4,2.23,NONE,98.6,0.0,499.9
2026-09-02T09:54:58.606032,4808.8,822.8,118.4,2.04,14.86,71.8,3199.3,-5.8,35.2,0.718,827.6,122.0,2.22,NONE,97.1,0.0,499.9
2026-09-02T09:54:59.606032,4804.8,836.4,124.7,2.16,14.86,72.8,3201.1,-5.8,35.3,0.728,828.4,122.3,2.22,NONE,97.9,0.0,499.9
2026-09-02T09:55:00.606032,4779.3,831.4,119.7,2.47,14.88,72.7,3199.3,-5.8,35.3,0.727,828.1,122.2,2.2,NONE,97.1,0.0,499.9
2026-09-02T09:55:01.606032,4801.4,820.5,123.1,2.04,14.86,72.5,3195.6,-5.8,35.2,0.725,828.1,122.2,2.21,NONE,98.2,0.0,499.9
2026-09-02T09:55:02.606032,4811.8,827.4,124.5,2.24,14.67,72.5,3195.5,-5.8,35.3,0.725,828.2,122.3,2.22,NONE,99.6,0.0,499.9
2026-09-02T09:55:03.606032,4772.8,825.5,121.9,2.11,14.97,72.0,3177.2,-5.7,35.2,0.72,827.5,122.0,2.19,NONE,99.4,0.0,499.9
2026-09-02T09:55:04.606032,4821.8,828.2,126.8,2.29,14.97,71.1,3185.5,-5.7,35.1,0.711,827.1,121.9,2.23,NONE,97.2,0.0,499.9
2026-09-02T09:55:05.606032,4809.0,838.1,119.1,2.22,14.65,72.2,3171.7,-5.6,35.2,0.722,827.8,122.2,2.22,NONE,98.7,0.0,499.9
2026-09-02T09:55:06.606032,4773.3,831.9,124.6,2.14,14.99,71.7,3167.0,-5.6,35.2,0.717,827.3,121.9,2.19,NONE,97.6,0.0,499.9
2026-09-02T09:55:07.606032,4814.5,822.5,125.5,2.09,14.69,72.0,3158.9,-5.5,35.2,0.72,827.7,122.2,2.22,NONE,100.0,0.0,499.9
2026-09-02T09:55:08.606032,4771.1,823.2,121.7,1.9,14.73,71.8,3166.3,-5.6,35.2,0.718,827.3,121.9,2.19,NONE,97.6,0.0,499.9
2026-09-02T09:55:09.606032,4797.2,834.2,124.2,2.33,14.95,72.2,3157.5,-5.5,35.2,0.722,827.7,122.2,2.21,NONE,98.7,0.0,499.9
2026-09-02T09:55:10.606032,4776.9,822.1,124.4,2.24,15.33,71.3,3147.1,-5.5,35.1,0.713,826.9,121.8,2.2,NONE,99.5,0.0,499.9
2026-09-02T09:55:11.606032,4796.4,823.2,123.7,2.21,14.96,71.2,3142.1,-5.4,35.1,0.712,826.9,121.9,2.21,NONE,99.4,0.0,499.9
2026-09-02T09:55:12.606032,4813.8,822.1,122.8,2.3,15.01,72.3,3150.2,-5.5,35.2,0.723,827.9,122.3,2.22,NONE,98.0,0.0,499.9
2026-09-02T09:55:13.606032,4821.9,824.7,124.3,2.3,15.49,72.2,3135.3,-5.4,35.2,0.722,827.8,122.3,2.23,NONE,98.6,0.0,499.9
2026-09-02T09:55:14.606032,4819.1,823.6,122.3,2.39,14.67,71.5,3134.9,-5.4,35.2,0.715,827.2,122.1,2.23,NONE,98.6,0.0,499.9
2026-09-02T09:55:15.606032,4781.3,823.9,125.4,2.35,14.89,71.2,3138.8,-5.4,35.1,0.712,826.8,121.8,2.2,NONE,99.2,0.0,499.9
2026-09-02T09:55:16.606032,4802.6,827.6,123.0,2.33,15.21,71.8,3132.4,-5.4,35.2,0.718,827.4,122.1,2.21,NONE,99.3,0.0,499.9
2026-09-02T09:55:17.606032,4804.6,818.1,125.9,2.05,14.95,73.0,3118.9,-5.3,35.3,0.73,828.2,122.5,2.22,NONE,98.9,0.0,499.9
2026-09-02T09:55:18.606032,4796.0,827.4,123.5,2.29,14.65,72.6,3129.2,-5.3,35.3,0.726,827.9,122.4,2.21,NONE,98.6,0.0,499.9
2026-09-02T09:55:19.606032,4817.5,826.5,120.1,2.52,14.63,71.5,3126.5,-5.3,35.2,0.715,827.2,122.1,2.22,NONE,98.4,0.0,499.9
2026-09-02T09:55:20.606032,4791.9,828.2,124.1,2.28,14.78,71.4,3112.6,-5.2,35.1,0.714,826.9,122.0,2.21,NONE,98.2,0.0,499.9
2026-09-02T09:55:21.606032,4784.6,824.6,125.2,2.15,15.2,71.9,3106.5,-5.2,35.2,0.719,827.3,122.1,2.2,NONE,98.6,0.0,499.9
2026-09-02T09:55:22.606032,4806.0,833.1,126.5,2.27,15.01,72.7,3107.8,-5.2,35.3,0.727,828.0,122.5,2.22,NONE,98.7,0.0,499.9
2026-09-02T09:55:23.606032,4794.0,829.1,121.8,2.31,15.1,72.2,3108.1,-5.2,35.2,0.722,827.5,122.3,2.21,NONE,99.0,0.0,499.9
2026-09-02T09:55:24.606032,4791.6,822.5,124.0,2.41,14.83,71.0,3109.7,-5.2,35.1,0.71,826.6,121.9,2.21,NONE,97.5,0.0,499.9
2026-09-02T09:55:25.606032,4815.6,831.8,124.2,2.4,15.43,72.7,3106.3,-5.2,35.3,0.727,828.0,122.5,2.22,NONE,99.8,0.0,499.9
2026-09-02T09:55:26.606032,4791.9,836.7,122.8,2.21,15.23,73.0,3097.2,-5.1,35.3,0.73,828.1,122.5,2.21,NONE,98.3,0.0,499.9
2026-09-02T09:55:27.606032,4824.6,828.2,120.1,2.31,14.62,72.0,3104.4,-5.2,35.2,0.72,827.5,122.4,2.23,NONE,99.9,0.0,499.9
2026-09-02T09:55:28.606032,4789.5,829.0,124.2,2.23,14.81,72.8,3095.9,-5.1,35.3,0.728,827.9,122.5,2.2,NONE,99.1,0.0,499.9
2026-09-02T09:55:29.606032,4806.7,828.1,122.5,2.36,14.88,72.5,3105.6,-5.2,35.3,0.725,827.8,122.4,2.22,NONE,99.3,0.0,499.9
2026-09-02T09:55:30.606032,4772.7,821.1,123.8,2.3,15.0,71.6,3107.2,-5.2,35.2,0.716,827.0,122.0,2.19,NONE,98.5,0.0,499.9
2026-09-02T09:55:31.606032,4771.2,823.7,121.2,2.17,14.83,72.7,3101.8,-5.2,35.3,0.727,827.8,122.3,2.19,NONE,99.1,0.0,499.9
2026-09-02T09:55:32.606032,4795.4,829.1,125.7,2.19,14.7,72.2,3100.5,-5.2,35.2,0.722,827.5,122.3,2.21,NONE,97.8,0.0,499.9
2026-09-02T09:55:33.606032,4802.0,825.0,122.3,2.31,14.67,71.7,3100.5,-5.2,35.2,0.717,827.2,122.2,2.21,NONE,99.9,0.0,499.9
2026-09-02T09:55:34.606032,4815.7,825.7,121.1,2.14,15.19,73.0,3100.8,-5.2,35.3,0.73,828.2,122.6,2.22,NONE,100.0,0.0,499.9
2026-09-02T09:55:35.606032,4803.9,825.3,120.6,2.09,15.32,72.7,3099.0,-5.1,35.3,0.727,827.9,122.5,2.22,NONE,99.6,0.0,499.9
2026-09-02T09:55:36.606032,4778.4,824.1,119.5,1.95,14.67,71.6,3107.8,-5.2,35.2,0.716,827.0,122.0,2.2,NONE,98.4,0.0,499.9
2026-09-02T09:55:37.606032,4802.0,827.4,122.9,2.18,14.68,71.5,3095.7,-5.1,35.1,0.715,827.0,122.1,2.21,NONE,99.1,0.0,499.9
2026-09-02T09:55:38.606032,4807.3,832.6,122.6,2.2,15.36,72.5,3113.4,-5.2,35.2,0.725,827.9,122.4,2.22,NONE,99.6,0.0,499.9
2026-09-02T09:55:39.606032,4828.6,834.7,126.5,2.2,15.64,72.1,3111.7,-5.2,35.2,0.721,827.7,122.4,2.23,NONE,99.9,0.0,499.9
2026-09-02T09:55:40.606032,3185.7,777.2,105.4,1.24,10.34,46.5,3200.0,-5.8,32.7,0.465,786.5,107.0,1.25,NONE,98.8,0.0,499.9
2026-09-02T09:55:41.606032,3228.5,792.0,105.5,1.34,10.01,46.7,3175.0,-5.6,32.7,0.467,787.2,107.3,1.27,NONE,99.2,0.0,499.9
2026-09-02T09:55:42.606032,3171.1,787.5,107.0,1.13,10.08,44.0,3150.0,-5.5,32.4,0.44,782.6,106.3,1.25,NONE,98.8,0.0,499.9
2026-09-02T09:55:43.606032,3235.4,781.7,106.7,1.33,10.03,44.1,3125.0,-5.3,32.4,0.441,783.3,106.6,1.28,NONE,97.7,0.0,499.9
2026-09-02T09:55:44.606032,3218.4,783.0,105.8,1.26,9.81,45.2,3100.0,-5.2,32.5,0.452,784.7,107.0,1.27,NONE,97.3,0.0,499.9
2026-09-02T09:55:45.606032,3249.5,785.4,106.1,1.38,9.39,44.4,3075.0,-5.0,32.4,0.444,783.7,106.9,1.28,NONE,97.4,0.0,499.9
2026-09-02T09:55:46.606032,3163.9,778.7,109.4,1.24,10.32,44.8,3050.0,-4.8,32.5,0.448,783.3,106.7,1.24,NONE,98.8,0.0,499.9
2026-09-02T09:55:47.606032,3172.9,775.3,109.1,1.37,10.15,45.2,3025.0,-4.7,32.5,0.452,783.9,106.9,1.25,NONE,97.2,0.0,499.9
2026-09-02T09:55:48.606032,3218.7,782.0,106.0,1.11,10.71,44.2,3000.0,-4.5,32.4,0.442,782.9,106.9,1.27,NONE,97.4,0.0,499.9
2026-09-02T09:55:49.606032,3166.0,785.1,106.8,1.38,9.99,44.8,2975.0,-4.3,32.5,0.448,783.1,106.9,1.24,NONE,98.9,0.0,499.9
2026-09-02T09:55:50.606032,3188.0,782.9,105.2,1.29,10.31,44.9,2950.0,-4.2,32.5,0.449,783.4,107.0,1.26,NONE,98.4,0.0,499.9
2026-09-02T09:55:51.606032,3184.3,791.5,105.7,1.18,10.87,46.8,2925.0,-4.0,32.7,0.468,786.0,107.7,1.25,NONE,98.7,0.0,499.9
2026-09-02T09:55:52.606032,3204.6,784.9,104.8,1.24,9.87,43.5,2900.0,-3.8,32.4,0.435,781.3,106.8,1.26,NONE,98.8,0.0,499.9
2026-09-02T09:55:53.606032,3195.0,792.6,105.6,1.13,10.19,45.3,2875.0,-3.7,32.5,0.453,783.8,107.3,1.26,NONE,98.7,0.0,499.9
2026-09-02T09:55:54.606032,3230.7,790.2,108.4,1.15,10.42,46.8,2850.0,-3.5,32.7,0.468,786.2,108.0,1.28,NONE,99.5,0.0,499.9
2026-09-02T09:55:55.606032,3160.1,790.1,110.6,1.27,10.34,46.1,2825.0,-3.4,32.6,0.461,784.4,107.5,1.24,NONE,97.9,0.0,499.9
2026-09-02T09:55:56.606032,3198.9,787.0,105.2,1.18,10.08,44.3,2800.0,-3.2,32.4,0.443,782.1,107.2,1.26,NONE,99.4,0.0,499.9
2026-09-02T09:55:57.606032,3244.9,782.9,107.3,1.2,9.76,43.0,2775.0,-3.0,32.3,0.43,780.6,107.0,1.28,NONE,97.0,0.0,499.9
2026-09-02T09:55:58.606032,3214.2,786.3,108.7,1.13,9.99,46.8,2750.0,-2.9,32.7,0.468,785.7,108.2,1.27,NONE,99.5,0.0,499.9
2026-09-02T09:55:59.606032,3158.0,778.1,107.7,1.25,10.06,44.4,2725.0,-2.7,32.4,0.444,781.5,107.2,1.24,NONE,97.5,0.0,499.9
2026-09-02T09:56:00.606032,3241.8,785.3,108.5,1.31,9.82,44.5,2700.0,-2.6,32.4,0.445,782.5,107.6,1.28,NONE,98.2,0.0,499.9
2026-09-02T09:56:01.606032,3234.8,779.0,107.2,1.31,10.0,43.1,2675.0,-2.4,32.3,0.431,780.3,107.2,1.28,NONE,98.9,0.0,499.9
2026-09-02T09:56:02.606032,3194.4,779.2,107.9,1.34,10.69,45.7,2650.0,-2.2,32.6,0.457,783.5,107.9,1.26,NONE,98.6,0.0,499.9
2026-09-02T09:56:03.606032,3161.5,772.3,108.0,1.19,10.59,43.3,2625.0,-2.1,32.3,0.433,779.6,107.1,1.24,NONE,99.0,0.0,499.9
2026-09-02T09:56:04.606032,3243.3,775.1,107.1,1.15,10.08,43.4,2600.0,-1.9,32.3,0.434,780.6,107.5,1.28,NONE,97.7,0.0,499.9
2026-09-02T09:56:05.606032,3204.2,784.4,107.5,1.39,10.4,46.3,2575.0,-1.7,32.6,0.463,784.2,108.3,1.26,NONE,97.5,0.0,499.9
2026-09-02T09:56:06.606032,3248.8,784.6,111.0,1.39,11.13,46.7,2550.0,-1.6,32.7,0.467,785.2,108.7,1.28,NONE,97.4,0.0,499.9
2026-09-02T09:56:07.606032,3216.6,783.4,106.9,1.58,10.18,44.8,2525.0,-1.4,32.5,0.448,782.1,108.0,1.27,NONE,97.7,0.0,499.9
2026-09-02T09:56:08.606032,3212.7,786.0,109.3,1.4,10.28,46.3,2500.0,-1.2,32.6,0.463,784.1,108.5,1.27,NONE,97.8,0.0,499.9
2026-09-02T09:56:09.606032,3157.5,789.0,111.3,1.31,10.42,46.2,2475.0,-1.1,32.6,0.462,783.3,108.3,1.24,NONE,98.0,0.0,499.9
2026-09-02T09:56:10.606032,3214.0,777.0,105.3,1.12,9.83,44.0,2450.0,-0.9,32.4,0.44,780.6,107.9,1.27,NONE,98.9,0.0,499.9
2026-09-02T09:56:11.606032,3214.7,782.5,104.5,1.12,10.43,44.2,2425.0,-0.8,32.4,0.442,780.8,108.0,1.27,NONE,98.9,0.0,499.9
2026-09-02T09:56:12.606032,3232.4,778.3,108.3,1.34,10.56,44.9,2400.0,-0.6,32.5,0.449,781.9,108.3,1.28,NONE,97.1,0.0,499.9
2026-09-02T09:56:13.606032,3166.9,785.3,107.6,1.15,10.56,46.5,2375.0,-0.4,32.6,0.465,783.4,108.6,1.25,NONE,99.5,0.0,499.9
2026-09-02T09:56:14.606032,3164.8,776.1,107.8,1.36,10.81,43.7,2350.0,-0.3,32.4,0.437,779.3,107.8,1.24,NONE,99.6,0.0,499.9
2026-09-02T09:56:15.606032,3211.8,781.9,106.9,1.23,10.31,43.3,2325.0,-0.1,32.3,0.433,779.1,107.9,1.27,NONE,97.8,0.0,499.9
2026-09-02T09:56:16.606032,3174.3,770.5,111.7,1.4,10.56,43.7,2300.0,0.1,32.4,0.437,779.2,107.9,1.25,NONE,99.0,0.0,499.9
2026-09-02T09:56:17.606032,3170.9,784.7,107.8,1.39,10.91,46.2,2275.0,0.2,32.6,0.462,782.7,108.7,1.25,NONE,99.6,0.0,499.9
2026-09-02T09:56:18.606032,3244.2,782.1,109.6,1.27,10.96,45.6,2250.0,0.4,32.6,0.456,782.5,108.9,1.28,NONE,98.6,0.0,499.9
2026-09-02T09:56:19.606032,3159.4,786.8,110.0,1.31,10.32,44.6,2225.0,0.5,32.5,0.446,780.1,108.3,1.24,NONE,99.0,0.0,499.9
2026-09-02T09:56:20.606032,3167.2,781.3,108.3,1.25,10.53,44.2,2200.0,0.7,32.4,0.442,779.5,108.2,1.25,NONE,97.2,0.0,499.9
2026-09-02T09:56:21.606032,3230.4,781.7,107.1,1.33,10.65,43.2,2175.0,0.9,32.3,0.432,778.6,108.2,1.28,NONE,99.9,0.0,499.9
2026-09-02T09:56:22.606032,3220.6,784.3,107.7,1.09,10.89,43.9,2150.0,1.0,32.4,0.439,779.5,108.5,1.27,NONE,97.5,0.0,499.9
2026-09-02T09:56:23.606032,3236.1,781.6,107.5,1.48,10.64,44.0,2125.0,1.2,32.4,0.44,779.7,108.6,1.28,NONE,97.6,0.0,499.9
2026-09-02T09:56:24.606032,3164.9,783.2,111.8,1.38,10.76,45.6,2100.0,1.3,32.6,0.456,781.2,108.9,1.24,NONE,98.3,0.0,499.9
2026-09-02T09:56:25.606032,3222.1,776.7,107.6,1.28,10.87,44.9,2075.0,1.5,32.5,0.449,780.7,108.9,1.27,NONE,99.1,0.0,499.9
2026-09-02T09:56:26.606032,3150.1,786.5,106.0,1.16,10.1,45.1,2050.0,1.7,32.5,0.451,780.1,108.7,1.24,NONE,99.1,0.0,499.9
2026-09-02T09:56:27.606032,3236.8,775.3,105.2,1.22,10.51,43.0,2025.0,1.8,32.3,0.43,777.9,108.5,1.28,NONE,98.8,0.0,499.9
2026-09-02T09:56:28.606032,3168.8,781.5,108.1,1.43,10.73,46.1,2000.0,2.0,32.6,0.461,781.6,109.2,1.25,NONE,97.4,0.0,499.9
2026-09-02T09:56:29.606032,3166.0,776.0,108.5,1.39,10.81,46.0,1975.0,2.2,32.6,0.46,781.3,109.2,1.24,NONE,98.8,0.0,499.9
2026-09-02T09:56:30.606032,3157.3,785.9,109.0,1.22,10.97,46.0,1950.0,2.3,32.6,0.46,781.1,109.3,1.24,NONE,98.4,0.0,499.9
2026-09-02T09:56:31.606032,3218.6,778.1,109.2,1.14,10.46,43.2,1925.0,2.5,32.3,0.432,777.6,108.7,1.27,NONE,98.9,0.0,499.9
2026-09-02T09:56:32.606032,3224.2,782.3,110.6,1.32,10.94,44.1,1900.0,2.7,32.4,0.441,778.9,109.0,1.27,NONE,99.2,0.0,499.9
2026-09-02T09:56:33.606032,3203.7,779.0,113.0,1.33,10.53,43.8,1875.0,2.8,32.4,0.438,778.2,108.9,1.26,NONE,98.0,0.0,499.9
2026-09-02T09:56:34.606032,3207.3,779.7,111.2,1.26,10.54,46.5,1850.0,3.0,32.6,0.465,782.0,109.8,1.26,NONE,98.8,0.0,499.9
2026-09-02T09:56:35.606032,3231.5,781.3,108.2,1.24,10.59,44.9,1825.0,3.1,32.5,0.449,779.9,109.5,1.28,NONE,98.7,0.0,499.9
2026-09-02T09:56:36.606032,3246.4,774.0,112.0,1.31,11.43,43.8,1800.0,3.3,32.4,0.438,778.4,109.2,1.28,NONE,99.0,0.0,499.9
2026-09-02T09:56:37.606032,3232.2,787.9,110.9,1.14,10.97,46.3,1775.0,3.5,32.6,0.463,781.7,110.0,1.28,NONE,98.5,0.0,499.9
2026-09-02T09:56:38.606032,3246.0,779.6,109.5,1.22,11.16,45.0,1750.0,3.6,32.5,0.45,779.9,109.7,1.28,NONE,98.3,0.0,499.9
2026-09-02T09:56:39.606032,3198.7,781.4,107.8,1.31,11.19,43.3,1725.0,3.8,32.3,0.433,776.9,109.0,1.26,NONE,98.8,0.0,499.9
2026-09-02T09:56:40.606032,3222.2,780.8,111.9,1.09,10.79,45.5,1700.0,4.0,32.5,0.455,780.2,109.9,1.27,NONE,97.1,0.0,499.9
2026-09-02T09:56:41.606032,3210.5,770.4,106.6,1.41,10.65,45.3,1675.0,4.1,32.5,0.453,779.7,109.8,1.27,NONE,97.7,0.0,499.9
2026-09-02T09:56:42.606032,3197.2,777.7,109.7,1.12,11.06,46.2,1650.0,4.3,32.6,0.462,780.8,110.1,1.26,NONE,99.2,0.0,499.8
2026-09-02T09:56:43.606032,3232.3,780.2,108.4,1.28,10.97,44.1,1625.0,4.4,32.4,0.441,778.1,109.6,1.28,NONE,99.6,0.0,499.8
2026-09-02T09:56:44.606032,3155.6,785.6,111.4,1.18,10.81,45.3,1600.0,4.6,32.5,0.453,778.9,109.7,1.24,NONE,98.6,0.0,499.8
2026-09-02T09:56:45.606032,3225.1,782.5,109.3,1.2,11.12,46.5,1575.0,4.8,32.6,0.465,781.2,110.5,1.27,NONE,97.6,0.0,499.8
2026-09-02T09:56:46.606032,3195.5,786.1,108.6,1.39,12.27,46.6,1550.0,4.9,32.7,0.466,781.0,110.4,1.26,NONE,97.9,0.0,499.8
2026-09-02T09:56:47.606032,3169.0,781.1,109.2,1.33,11.24,44.8,1525.0,5.1,32.5,0.448,778.0,109.8,1.25,NONE,97.5,0.0,499.8
2026-09-02T09:56:48.606032,3167.3,772.7,110.6,1.27,10.09,43.1,1500.0,5.2,32.3,0.431,775.5,109.3,1.25,NONE,97.3,0.0,499.8
2026-09-02T09:56:49.606032,3212.0,774.7,111.1,1.16,11.77,45.5,1475.0,5.4,32.6,0.455,779.3,110.3,1.27,NONE,98.0,0.0,499.8
2026-09-02T09:56:50.606032,3194.9,786.9,112.1,1.1,10.84,45.7,1450.0,5.6,32.6,0.457,779.4,110.3,1.26,NONE,97.9,0.0,499.8
2026-09-02T09:56:51.606032,3248.1,776.9,111.6,1.25,11.09,44.4,1425.0,5.7,32.4,0.444,778.0,110.2,1.28,NONE,97.9,0.0,499.8
2026-09-02T09:56:52.606032,3162.9,774.2,109.4,1.17,10.85,43.2,1400.0,5.9,32.3,0.432,775.2,109.5,1.24,NONE,99.6,0.0,499.8
2026-09-02T09:56:53.606032,3219.5,774.9,108.9,1.24,11.56,43.7,1375.0,6.1,32.4,0.437,776.5,109.9,1.27,NONE,99.8,0.0,499.8
2026-09-02T09:56:54.606032,3198.1,775.3,113.2,1.28,11.61,46.2,1350.0,6.2,32.6,0.462,779.7,110.7,1.26,NONE,99.2,0.0,499.8
2026-09-02T09:56:55.606032,3223.0,780.6,109.2,1.44,11.05,45.5,1325.0,6.4,32.5,0.455,778.9,110.6,1.27,NONE,99.4,0.0,499.8
2026-09-02T09:56:56.606032,3196.8,772.5,108.1,1.15,11.88,45.4,1300.0,6.5,32.5,0.454,778.4,110.5,1.26,NONE,98.0,0.0,499.8
2026-09-02T09:56:57.606032,3212.1,774.6,109.8,1.2,11.39,43.3,1275.0,6.7,32.3,0.433,775.4,110.0,1.27,NONE,99.9,0.0,499.8
2026-09-02T09:56:58.606032,3153.4,781.7,111.2,1.22,11.16,45.0,1250.0,6.9,32.5,0.45,777.2,110.3,1.24,NONE,98.3,0.0,499.8
2026-09-02T09:56:59.606032,3216.8,779.4,114.9,1.3,11.22,44.8,1225.0,7.0,32.5,0.448,777.5,110.6,1.27,NONE,97.9,0.0,499.8
2026-09-02T09:57:00.606032,3151.3,779.8,110.2,1.28,10.9,45.5,1200.0,7.2,32.5,0.455,777.7,110.6,1.24,NONE,99.8,0.0,499.8
2026-09-02T09:57:01.606032,3210.4,770.1,109.7,1.13,11.93,44.5,1175.0,7.4,32.4,0.445,776.8,110.6,1.27,NONE,99.0,0.0,499.8
2026-09-02T09:57:02.606032,3237.6,776.8,112.5,1.32,11.58,45.4,1150.0,7.5,32.5,0.454,778.3,111.0,1.28,NONE,97.6,0.0,499.8
2026-09-02T09:57:03.606032,3216.2,779.8,109.4,1.39,11.29,46.1,1125.0,7.7,32.6,0.461,779.0,111.2,1.27,NONE,98.2,0.0,499.8
2026-09-02T09:57:04.606032,3208.7,767.8,110.7,1.3,11.6,43.1,1100.0,7.8,32.3,0.431,774.5,110.3,1.27,NONE,98.6,0.0,499.8
2026-09-02T09:57:05.606032,3205.6,779.5,111.3,1.28,11.23,46.1,1075.0,8.0,32.6,0.461,778.7,111.2,1.26,NONE,97.8,0.0,499.8
2026-09-02T09:57:06.606032,3175.0,777.7,109.2,1.35,11.55,46.9,1050.0,8.2,32.7,0.469,779.5,111.4,1.25,NONE,100.0,0.0,499.8
2026-09-02T09:57:07.606032,3238.1,778.8,109.9,1.14,12.34,47.0,1025.0,8.3,32.7,0.47,780.2,111.8,1.28,NONE,98.8,0.0,499.8
2026-09-02T09:57:08.606032,3240.3,774.3,109.2,1.36,11.87,43.8,1000.0,8.5,32.4,0.438,775.5,110.8,1.28,NONE,99.4,0.0,499.8
2026-09-02T09:57:09.606032,3158.3,776.3,111.2,1.34,11.78,46.8,975.0,8.7,32.7,0.468,778.9,111.5,1.24,NONE,97.0,0.0,499.8
2026-09-02T09:57:10.606032,3163.1,772.7,110.6,1.27,11.91,46.0,950.0,8.8,32.6,0.46,777.7,111.3,1.24,NONE,97.8,0.0,499.8
2026-09-02T09:57:11.606032,3228.5,770.5,107.9,1.35,11.63,43.3,925.0,9.0,32.3,0.433,774.4,110.8,1.27,NONE,99.0,0.0,499.8
2026-09-02T09:57:12.606032,3183.1,774.5,109.9,1.09,11.05,43.9,900.0,9.1,32.4,0.439,774.7,110.8,1.25,NONE,97.9,0.0,499.8
2026-09-02T09:57:13.606032,3183.2,775.7,109.9,1.38,11.83,45.4,875.0,9.3,32.5,0.454,776.8,111.3,1.25,NONE,98.2,0.0,499.8
2026-09-02T09:57:14.606032,3236.1,783.1,107.4,1.3,11.52,43.5,850.0,9.5,32.4,0.435,774.5,111.0,1.28,NONE,97.0,0.0,499.8
2026-09-02T09:57:15.606032,3246.9,787.1,112.0,1.24,11.32,46.6,825.0,9.6,32.7,0.466,779.0,112.1,1.28,NONE,98.2,0.0,499.8
2026-09-02T09:57:16.606032,3205.7,780.2,115.6,1.13,12.2,46.6,800.0,9.8,32.7,0.466,778.5,112.0,1.26,NONE,97.1,0.0,499.8
2026-09-02T09:57:17.606032,3213.6,784.5,109.3,1.31,12.38,46.5,775.0,10.0,32.7,0.465,778.3,112.0,1.27,NONE,98.5,0.0,499.8
2026-09-02T09:57:18.606032,3219.2,786.8,110.1,1.24,11.69,46.4,750.0,10.1,32.6,0.464,778.2,112.0,1.27,NONE,97.5,0.0,499.8
2026-09-02T09:57:19.606032,3226.4,774.9,114.9,1.33,11.84,43.3,725.0,10.3,32.3,0.433,773.7,111.2,1.27,NONE,99.4,0.0,499.8
2026-09-02T09:57:20.606032,3203.8,776.8,112.1,1.33,11.61,44.7,700.0,10.4,32.5,0.447,775.4,111.5,1.26,NONE,99.9,0.0,499.8
2026-09-02T09:57:21.606032,3241.1,783.1,113.7,1.37,11.9,45.9,675.0,10.6,32.6,0.459,777.4,112.1,1.28,NONE,97.8,0.0,499.8
2026-09-02T09:57:22.606032,3157.8,775.7,107.4,1.21,11.44,43.9,650.0,10.8,32.4,0.439,773.5,111.2,1.24,NONE,99.5,0.0,499.8
2026-09-02T09:57:23.606032,3209.4,770.8,110.7,1.33,12.37,46.6,625.0,10.9,32.7,0.466,777.9,112.3,1.27,NONE,99.2,0.0,499.8
2026-09-02T09:57:24.606032,3161.1,773.3,114.0,1.25,11.81,45.9,600.0,11.1,32.6,0.459,776.3,111.9,1.24,NONE,99.0,0.0,499.8
2026-09-02T09:57:25.606032,3217.6,782.8,112.4,1.29,12.1,46.9,575.0,11.3,32.7,0.469,778.2,112.5,1.27,NONE,99.5,0.0,499.8
2026-09-02T09:57:26.606032,3225.1,775.2,114.7,1.27,11.39,44.1,550.0,11.4,32.4,0.441,774.2,111.7,1.27,NONE,98.7,0.0,499.8
2026-09-02T09:57:27.606032,3237.6,777.3,112.5,1.28,11.82,44.9,525.0,11.6,32.5,0.449,775.4,112.1,1.28,NONE,99.4,0.0,499.8
2026-09-02T09:57:28.606032,3205.8,772.4,109.1,1.45,11.9,45.1,500.0,11.8,32.5,0.451,775.3,112.1,1.26,NONE,97.6,0.0,499.8
2026-09-02T09:57:29.606032,3171.6,775.9,110.5,1.13,11.79,44.2,475.0,11.9,32.4,0.442,773.5,111.7,1.25,NONE,98.0,0.0,499.8
2026-09-02T09:57:30.606032,3183.7,780.0,112.0,1.13,11.41,46.0,450.0,12.1,32.6,0.46,776.2,112.4,1.25,NONE,98.1,0.0,499.8
2026-09-02T09:57:31.606032,3236.4,779.0,111.0,1.35,11.39,43.1,425.0,12.2,32.3,0.431,772.4,111.7,1.28,NONE,98.1,0.0,499.8
2026-09-02T09:57:32.606032,3226.7,774.7,111.8,1.34,12.17,44.2,400.0,12.4,32.4,0.442,773.9,112.1,1.27,NONE,99.4,0.0,499.8
2026-09-02T09:57:33.606032,3172.1,777.8,117.0,1.28,11.99,45.5,375.0,12.6,32.6,0.455,775.1,112.3,1.25,NONE,99.2,0.0,499.8
2026-09-02T09:57:34.606032,3247.5,770.1,110.4,1.36,12.29,45.1,350.0,12.7,32.5,0.451,775.2,112.6,1.28,NONE,99.5,0.0,499.8
2026-09-02T09:57:35.606032,3188.2,778.4,113.3,1.1,11.94,44.1,325.0,12.9,32.4,0.441,773.0,112.0,1.26,NONE,97.9,0.0,499.8
2026-09-02T09:57:36.606032,3152.3,769.2,112.6,1.39,11.76,43.2,300.0,13.1,32.3,0.432,771.2,111.6,1.24,NONE,97.8,0.0,499.8
2026-09-02T09:57:37.606032,3217.2,771.9,112.1,1.27,12.03,43.1,275.0,13.2,32.3,0.431,771.7,111.9,1.27,NONE,98.4,0.0,499.8
2026-09-02T09:57:38.606032,3232.3,772.2,115.4,1.49,11.42,43.7,250.0,13.4,32.4,0.437,772.7,112.3,1.28,NONE,97.3,0.0,499.8
2026-09-02T09:57:39.606032,3152.6,775.8,114.9,1.29,12.5,46.9,225.0,13.5,32.7,0.469,776.3,113.0,1.24,NONE,99.0,0.0,499.8
2026-09-02T09:57:40.606032,5379.2,830.6,139.2,2.52,23.61,91.9,100.0,14.3,37.2,0.919,829.0,137.0,2.65,NONE,98.2,0.0,499.8
2026-09-02T09:57:41.606032,5367.1,828.9,134.8,2.74,23.49,90.3,115.0,14.3,37.0,0.903,828.6,136.4,2.64,NONE,98.1,0.0,499.8
2026-09-02T09:57:42.606032,5381.4,831.9,136.4,2.3,24.16,92.8,130.0,14.2,37.3,0.928,829.3,137.3,2.65,NONE,98.9,0.0,499.8
2026-09-02T09:57:43.606032,5370.2,828.6,139.4,2.64,24.58,93.5,145.0,14.1,37.4,0.935,829.5,137.4,2.64,NONE,98.3,0.0,499.8
2026-09-02T09:57:44.606032,5357.8,827.4,137.4,2.56,23.9,91.9,160.0,14.0,37.2,0.919,829.2,136.8,2.63,NONE,99.3,0.0,499.8
2026-09-02T09:57:45.606032,5400.2,831.5,135.9,2.52,23.76,90.7,175.0,13.9,37.1,0.907,829.0,136.6,2.67,NONE,98.3,0.0,499.8
2026-09-02T09:57:46.606032,5406.2,834.9,137.8,2.64,25.22,93.5,190.0,13.8,37.4,0.935,829.7,137.5,2.67,NONE,99.5,0.0,499.8
2026-09-02T09:57:47.606032,5363.2,837.7,138.8,2.85,24.66,92.5,205.0,13.7,37.2,0.925,829.5,136.9,2.64,NONE,98.2,0.0,499.8
2026-09-02T09:57:48.606032,5364.1,833.8,134.3,2.65,24.03,93.6,220.0,13.6,37.4,0.936,829.8,137.3,2.64,NONE,97.1,0.0,499.8
2026-09-02T09:57:49.606032,5442.9,824.3,137.0,2.79,24.17,92.5,235.0,13.5,37.2,0.925,829.7,137.2,2.7,NONE,97.7,0.0,499.8
2026-09-02T09:57:50.606032,5438.0,830.7,131.5,2.89,23.79,91.2,250.0,13.4,37.1,0.912,829.4,136.8,2.7,NONE,98.3,0.0,499.8
2026-09-02T09:57:51.606032,5411.6,830.9,134.7,2.55,23.59,91.3,265.0,13.3,37.1,0.913,829.5,136.6,2.68,NONE,97.5,0.0,499.8
2026-09-02T09:57:52.606032,5377.7,832.8,139.2,2.7,24.12,93.4,280.0,13.2,37.3,0.934,830.0,137.1,2.65,NONE,99.8,0.0,499.8
2026-09-02T09:57:53.606032,5379.7,828.2,138.4,2.91,23.19,90.6,295.0,13.1,37.1,0.906,829.3,136.2,2.65,NONE,97.1,0.0,499.8
2026-09-02T09:57:54.606032,5357.5,839.1,135.7,2.38,23.65,93.1,310.0,13.0,37.3,0.931,830.0,136.9,2.63,NONE,99.3,0.0,499.8
2026-09-02T09:57:55.606032,5433.5,826.1,135.5,2.76,24.13,92.2,325.0,12.9,37.2,0.922,829.9,136.9,2.69,NONE,99.3,0.0,499.8
2026-09-02T09:57:56.606032,5376.1,824.2,138.8,2.62,23.85,93.7,340.0,12.8,37.4,0.937,830.2,137.1,2.65,NONE,97.4,0.0,499.8
2026-09-02T09:57:57.606032,5403.8,829.7,139.2,2.74,23.61,90.3,355.0,12.7,37.0,0.903,829.5,136.1,2.67,NONE,97.4,0.0,499.8
2026-09-02T09:57:58.606032,5384.7,832.6,135.1,2.7,24.36,93.7,370.0,12.6,37.4,0.937,830.3,137.1,2.65,NONE,98.3,0.0,499.8
2026-09-02T09:57:59.606032,5410.8,831.1,138.0,2.7,23.02,90.7,385.0,12.5,37.1,0.907,829.7,136.2,2.68,NONE,98.5,0.0,499.8
2026-09-02T09:58:00.606032,5441.1,832.0,135.7,2.7,23.86,93.6,400.0,12.4,37.4,0.936,830.5,137.2,2.7,NONE,98.1,0.0,499.8
2026-09-02T09:58:01.606032,5449.5,827.5,136.8,2.68,24.18,91.8,415.0,12.3,37.2,0.918,830.2,136.7,2.71,NONE,97.7,0.0,499.8
2026-09-02T09:58:02.606032,5423.2,830.2,131.4,2.64,23.16,90.1,430.0,12.2,37.0,0.901,829.8,136.0,2.69,NONE,97.7,0.0,499.8
2026-09-02T09:58:03.606032,5363.7,830.5,135.2,2.67,23.4,91.2,445.0,12.1,37.1,0.912,830.0,136.0,2.64,NONE,100.0,0.0,499.8
2026-09-02T09:58:04.606032,5370.5,824.4,136.8,2.53,23.88,93.0,460.0,12.0,37.3,0.93,830.5,136.6,2.64,NONE,97.1,0.0,499.8
2026-09-02T09:58:05.606032,5437.8,826.5,135.1,2.7,23.45,92.0,475.0,11.9,37.2,0.92,830.4,136.6,2.7,NONE,98.3,0.0,499.8
2026-09-02T09:58:06.606032,5406.1,831.5,140.4,2.64,24.07,92.9,490.0,11.8,37.3,0.929,830.6,136.7,2.67,NONE,99.1,0.0,499.8
2026-09-02T09:58:07.606032,5355.2,827.8,135.7,2.51,23.32,92.1,505.0,11.7,37.2,0.921,830.4,136.2,2.63,NONE,97.9,0.0,499.8
2026-09-02T09:58:08.606032,5442.6,840.2,136.9,2.61,23.17,90.6,520.0,11.6,37.1,0.906,830.2,136.1,2.7,NONE,97.9,0.0,499.8
2026-09-02T09:58:09.606032,5366.2,834.2,134.2,2.75,23.89,92.7,535.0,11.5,37.3,0.927,830.7,136.4,2.64,NONE,99.0,0.0,499.8
2026-09-02T09:58:10.606032,5351.0,825.5,134.7,2.62,23.2,90.1,550.0,11.4,37.0,0.901,830.0,135.4,2.63,NONE,97.8,0.0,499.8
2026-09-02T09:58:11.606032,5357.6,830.6,139.2,2.51,23.32,92.4,565.0,11.3,37.2,0.924,830.7,136.2,2.63,NONE,98.8,0.0,499.8
2026-09-02T09:58:12.606032,5437.3,827.8,136.4,2.54,22.93,92.5,580.0,11.2,37.3,0.925,830.9,136.5,2.7,NONE,99.6,0.0,499.8
2026-09-02T09:58:13.606032,5376.9,830.8,137.0,2.64,22.81,90.2,595.0,11.1,37.0,0.902,830.3,135.5,2.65,NONE,99.1,0.0,499.8
2026-09-02T09:58:14.606032,5381.7,835.7,135.7,2.67,23.72,92.6,610.0,11.0,37.3,0.926,830.9,136.2,2.65,NONE,98.6,0.0,499.8
2026-09-02T09:58:15.606032,5431.7,828.0,135.8,2.75,23.33,91.6,625.0,10.9,37.2,0.916,830.8,136.1,2.69,NONE,98.2,0.0,499.8
2026-09-02T09:58:16.606032,5415.4,835.6,135.1,2.65,23.62,92.4,640.0,10.8,37.2,0.924,831.1,136.3,2.68,NONE,98.8,0.0,499.8
2026-09-02T09:58:17.606032,5418.6,831.2,135.4,2.4,23.98,93.8,655.0,10.7,37.4,0.938,831.4,136.7,2.68,NONE,99.1,0.0,499.8
2026-09-02T09:58:18.606032,5420.5,829.4,135.3,2.68,23.42,92.8,670.0,10.6,37.3,0.928,831.3,136.3,2.68,NONE,99.6,0.0,499.8
2026-09-02T09:58:19.606032,5385.9,830.7,134.6,2.81,22.89,91.6,685.0,10.5,37.2,0.916,831.0,135.8,2.66,NONE,97.7,0.0,499.8
2026-09-02T09:58:20.606032,5367.5,832.6,135.0,2.74,22.0,90.9,700.0,10.4,37.1,0.909,830.8,135.5,2.64,NONE,97.9,0.0,499.8
2026-09-02T09:58:21.606032,5427.8,830.5,135.2,2.56,23.5,93.5,715.0,10.4,37.3,0.935,831.6,136.5,2.69,NONE,99.3,0.0,499.8
2026-09-02T09:58:22.606032,5432.5,829.4,136.8,2.52,23.28,93.7,730.0,10.3,37.4,0.937,831.7,136.6,2.69,NONE,99.1,0.0,499.8
2026-09-02T09:58:23.606032,5368.1,836.9,132.4,2.63,22.1,90.4,745.0,10.2,37.0,0.904,830.8,135.2,2.64,NONE,99.0,0.0,499.8
2026-09-02T09:58:24.606032,5351.9,828.1,134.7,2.82,22.65,90.6,760.0,10.1,37.1,0.906,830.9,135.2,2.63,NONE,98.0,0.0,499.8
2026-09-02T09:58:25.606032,5412.2,831.2,133.8,2.58,23.42,93.4,775.0,10.0,37.3,0.934,831.7,136.3,2.68,NONE,99.1,0.0,499.8
2026-09-02T09:58:26.606032,5392.8,831.6,132.9,2.61,22.93,92.2,790.0,9.9,37.2,0.922,831.5,135.8,2.66,NONE,98.0,0.0,499.8
2026-09-02T09:58:27.606032,5354.0,833.8,136.4,2.63,23.29,92.8,805.0,9.8,37.3,0.928,831.6,135.8,2.63,NONE,97.7,0.0,499.8
2026-09-02T09:58:28.606032,5417.0,832.7,135.9,2.75,22.56,90.9,820.0,9.7,37.1,0.909,831.3,135.4,2.68,NONE,97.2,0.0,499.8
2026-09-02T09:58:29.606032,5446.1,835.2,131.9,2.64,23.09,91.9,835.0,9.6,37.2,0.919,831.7,135.8,2.7,NONE,98.8,0.0,499.8
2026-09-02T09:58:30.606032,5375.8,835.1,137.8,2.69,21.58,90.5,850.0,9.5,37.1,0.905,831.2,135.1,2.65,NONE,97.3,0.0,499.8
2026-09-02T09:58:31.606032,5430.1,830.6,133.0,2.78,22.92,92.0,865.0,9.4,37.2,0.92,831.8,135.7,2.69,NONE,98.2,0.0,499.8
2026-09-02T09:58:32.606032,5443.8,830.7,135.5,2.63,22.05,90.7,880.0,9.3,37.1,0.907,831.5,135.4,2.7,NONE,99.3,0.0,499.8
2026-09-02T09:58:33.606032,5358.9,835.0,133.9,2.59,23.08,91.3,895.0,9.2,37.1,0.913,831.6,135.2,2.63,NONE,99.3,0.0,499.8
2026-09-02T09:58:34.606032,5409.2,834.9,135.8,2.7,22.97,91.7,910.0,9.1,37.2,0.917,831.8,135.5,2.67,NONE,99.9,0.0,499.8
2026-09-02T09:58:35.606032,5414.2,832.6,136.3,2.55,23.26,91.7,925.0,9.0,37.2,0.917,831.9,135.5,2.68,NONE,99.1,0.0,499.8
2026-09-02T09:58:36.606032,5373.3,835.0,131.4,2.57,21.83,90.4,940.0,8.9,37.0,0.904,831.5,134.8,2.65,NONE,99.3,0.0,499.8
2026-09-02T09:58:37.606032,5365.3,836.5,135.8,2.72,22.39,91.8,955.0,8.8,37.2,0.918,831.9,135.2,2.64,NONE,97.4,0.0,499.8
2026-09-02T09:58:38.606032,5383.2,827.1,134.8,2.71,22.42,91.5,970.0,8.7,37.2,0.915,831.9,135.2,2.65,NONE,98.0,0.0,499.8
2026-09-02T09:58:39.606032,5358.2,829.6,135.8,2.76,21.77,91.5,985.0,8.6,37.1,0.915,831.9,135.0,2.63,NONE,99.9,0.0,499.8
2026-09-02T09:58:40.606032,5095.0,832.0,129.9,2.39,20.77,85.2,1000.0,8.5,36.5,0.852,829.2,131.9,2.43,NONE,99.8,0.0,499.8
2026-09-02T09:58:41.606032,5069.0,828.6,129.8,2.6,19.98,83.7,1025.0,8.3,36.4,0.837,828.5,131.3,2.41,NONE,99.0,0.0,499.8
2026-09-02T09:58:42.606032,5062.5,824.5,132.2,2.57,20.02,83.8,1050.0,8.2,36.4,0.838,828.6,131.2,2.4,NONE,99.2,0.0,499.8
2026-09-02T09:58:43.606032,5110.2,826.4,130.3,2.58,19.99,84.3,1075.0,8.0,36.4,0.843,829.1,131.5,2.44,NONE,100.0,0.0,499.8
2026-09-02T09:58:44.606032,5068.4,831.8,128.6,2.59,19.97,83.8,1100.0,7.8,36.4,0.838,828.8,131.1,2.41,NONE,99.8,0.0,499.8
2026-09-02T09:58:45.606032,5083.0,834.2,130.9,2.36,20.51,85.8,1125.0,7.7,36.6,0.858,829.8,131.8,2.42,NONE,99.8,0.0,499.8
2026-09-02T09:58:46.606032,5093.1,825.7,129.3,2.52,19.9,85.1,1150.0,7.5,36.5,0.851,829.6,131.5,2.43,NONE,98.5,0.0,499.8
2026-09-02T09:58:47.606032,5083.6,829.2,130.8,2.4,19.84,83.8,1175.0,7.4,36.4,0.838,829.1,131.0,2.42,NONE,98.2,0.0,499.8
2026-09-02T09:58:48.606032,5107.8,833.9,129.6,2.48,20.21,86.3,1200.0,7.2,36.6,0.863,830.4,131.9,2.44,NONE,99.1,0.0,499.8
2026-09-02T09:58:49.606032,5132.5,829.8,134.5,2.49,20.43,85.7,1225.0,7.0,36.6,0.857,830.3,131.8,2.46,NONE,98.2,0.0,499.8
2026-09-02T09:58:50.606032,5111.8,834.9,132.1,2.51,19.94,83.8,1250.0,6.9,36.4,0.838,829.5,131.0,2.44,NONE,97.8,0.0,499.8
2026-09-02T09:58:51.606032,5085.8,832.9,128.1,2.35,20.23,84.5,1275.0,6.7,36.5,0.845,829.8,131.1,2.42,NONE,98.9,0.0,499.8
2026-09-02T09:58:52.606032,5106.4,827.1,129.7,2.42,20.33,84.5,1300.0,6.5,36.4,0.845,829.9,131.1,2.44,NONE,98.3,0.0,499.8
2026-09-02T09:58:53.606032,5106.0,830.4,131.8,2.28,19.76,84.3,1325.0,6.4,36.4,0.843,829.9,131.0,2.44,NONE,99.6,0.0,499.8
2026-09-02T09:58:54.606032,5082.3,830.3,128.2,2.45,20.1,85.6,1350.0,6.2,36.6,0.856,830.5,131.3,2.42,NONE,99.9,0.0,499.8
2026-09-02T09:58:55.606032,5081.1,830.0,130.2,2.43,20.14,85.5,1375.0,6.1,36.5,0.855,830.6,131.2,2.42,NONE,99.6,0.0,499.8
2026-09-02T09:58:56.606032,5071.6,835.6,129.4,2.35,19.82,84.0,1400.0,5.9,36.4,0.84,829.9,130.6,2.41,NONE,98.6,0.0,499.8
2026-09-02T09:58:57.606032,5100.7,829.3,133.3,2.3,19.62,84.1,1425.0,5.7,36.4,0.841,830.2,130.7,2.43,NONE,97.1,0.0,499.8
2026-09-02T09:58:58.606032,5131.2,831.9,129.1,2.48,19.77,84.3,1450.0,5.6,36.4,0.843,830.5,130.9,2.46,NONE,98.6,0.0,499.8
2026-09-02T09:58:59.606032,5113.3,822.4,133.9,2.39,19.32,83.7,1475.0,5.4,36.4,0.837,830.2,130.5,2.44,NONE,97.7,0.0,499.8
2026-09-02T09:59:00.606032,5115.2,824.2,129.5,2.51,20.04,86.3,1500.0,5.2,36.6,0.863,831.4,131.3,2.44,NONE,99.8,0.0,499.8
2026-09-02T09:59:01.606032,5129.7,832.0,126.0,2.42,19.83,84.8,1525.0,5.1,36.5,0.848,830.9,130.9,2.46,NONE,98.2,0.0,499.8
2026-09-02T09:59:02.606032,5105.1,831.7,129.1,2.38,19.46,84.6,1550.0,4.9,36.5,0.846,830.9,130.6,2.44,NONE,98.4,0.0,499.8
2026-09-02T09:59:03.606032,5091.9,829.2,129.7,2.45,19.19,84.5,1575.0,4.8,36.4,0.845,830.9,130.5,2.43,NONE,99.4,0.0,499.8
2026-09-02T09:59:04.606032,5095.3,823.5,133.7,2.47,19.35,84.8,1600.0,4.6,36.5,0.848,831.1,130.6,2.43,NONE,97.9,0.0,499.8
2026-09-02T09:59:05.606032,5075.8,825.4,128.0,2.39,19.61,85.7,1625.0,4.4,36.6,0.857,831.5,130.7,2.41,NONE,97.1,0.0,499.8
2026-09-02T09:59:06.606032,5135.1,831.4,130.0,2.42,19.23,84.9,1650.0,4.3,36.5,0.849,831.4,130.7,2.46,NONE,99.7,0.0,499.8
2026-09-02T09:59:07.606032,5138.4,836.2,133.0,2.33,19.42,86.3,1675.0,4.1,36.6,0.863,832.1,131.1,2.46,NONE,99.8,0.0,499.8
2026-09-02T09:59:08.606032,5136.9,835.9,130.1,2.52,20.35,86.3,1700.0,4.0,36.6,0.863,832.2,131.0,2.46,NONE,98.2,0.0,499.8
2026-09-02T09:59:09.606032,5110.2,835.7,130.0,2.37,19.43,85.5,1725.0,3.8,36.6,0.855,831.9,130.6,2.44,NONE,97.2,0.0,499.8
2026-09-02T09:59:10.606032,5095.5,831.3,130.0,2.52,18.55,83.9,1750.0,3.6,36.4,0.839,831.2,130.0,2.43,NONE,99.7,0.0,499.8
2026-09-02T09:59:11.606032,5137.8,828.9,128.8,2.43,18.85,85.5,1775.0,3.5,36.5,0.855,832.1,130.6,2.46,NONE,99.8,0.0,499.8
2026-09-02T09:59:12.606032,5115.3,827.3,127.6,2.41,19.2,86.1,1800.0,3.3,36.6,0.861,832.4,130.7,2.44,NONE,97.2,0.0,499.8
2026-09-02T09:59:13.606032,5112.2,831.6,127.2,2.27,18.96,86.4,1825.0,3.1,36.6,0.864,832.6,130.7,2.44,NONE,97.6,0.0,499.8
2026-09-02T09:59:14.606032,5114.2,838.8,130.2,2.3,18.67,84.8,1850.0,3.0,36.5,0.848,832.0,130.1,2.44,NONE,98.8,0.0,499.8
2026-09-02T09:59:15.606032,5126.1,832.4,130.8,2.45,19.36,84.5,1875.0,2.8,36.4,0.845,832.0,130.1,2.45,NONE,98.8,0.0,499.8
2026-09-02T09:59:16.606032,5139.3,835.2,132.4,2.46,19.03,85.7,1900.0,2.7,36.6,0.857,832.7,130.4,2.46,NONE,98.4,0.0,499.8
2026-09-02T09:59:17.606032,5110.3,837.5,131.8,2.58,19.35,84.5,1925.0,2.5,36.5,0.845,832.1,129.9,2.44,NONE,97.8,0.0,499.8
2026-09-02T09:59:18.606032,5099.1,830.7,127.5,2.42,19.01,83.5,1950.0,2.3,36.4,0.835,831.7,129.5,2.43,NONE,99.2,0.0,499.8
2026-09-02T09:59:19.606032,5094.9,834.2,129.1,2.48,18.47,83.6,1975.0,2.2,36.4,0.836,831.9,129.4,2.43,NONE,99.5,0.0,499.8
2026-09-02T09:59:20.606032,5115.0,841.9,129.4,2.65,18.6,84.8,2000.0,2.0,36.5,0.848,832.6,129.8,2.44,NONE,97.8,0.0,499.8
2026-09-02T09:59:21.606032,5139.8,837.6,128.4,2.28,18.95,84.7,2025.0,1.8,36.5,0.847,832.7,129.9,2.46,NONE,99.6,0.0,499.8
2026-09-02T09:59:22.606032,5069.1,827.9,128.1,2.43,18.1,84.2,2050.0,1.7,36.4,0.842,832.3,129.4,2.41,NONE,97.2,0.0,499.8
2026-09-02T09:59:23.606032,5099.7,826.7,129.3,2.45,18.99,86.2,2075.0,1.5,36.6,0.862,833.4,130.1,2.43,NONE,97.9,0.0,499.8
2026-09-02T09:59:24.606032,5111.2,831.9,130.4,2.45,18.8,83.7,2100.0,1.3,36.4,0.837,832.4,129.3,2.44,NONE,97.6,0.0,499.8
2026-09-02T09:59:25.606032,5090.2,832.8,126.3,2.58,18.77,86.4,2125.0,1.2,36.6,0.864,833.6,130.0,2.43,NONE,97.3,0.0,499.8
2026-09-02T09:59:26.606032,5080.7,839.0,126.5,2.45,18.02,86.1,2150.0,1.0,36.6,0.861,833.5,129.8,2.42,NONE,97.9,0.0,499.8
2026-09-02T09:59:27.606032,5060.3,831.9,128.7,2.27,18.23,83.8,2175.0,0.9,36.4,0.838,832.5,128.9,2.4,NONE,99.1,0.0,499.8
2026-09-02T09:59:28.606032,5120.6,830.3,124.2,2.61,18.85,83.5,2200.0,0.7,36.4,0.835,832.7,129.1,2.45,NONE,99.4,0.0,499.8
2026-09-02T09:59:29.606032,5139.7,827.8,126.4,2.4,17.96,83.7,2225.0,0.5,36.4,0.837,832.9,129.2,2.46,NONE,98.6,0.0,499.8
2026-09-02T09:59:30.606032,5138.7,833.5,125.7,2.43,18.2,83.6,2250.0,0.4,36.4,0.836,833.0,129.1,2.46,NONE,98.7,0.0,499.8
2026-09-02T09:59:31.606032,5095.3,828.1,127.4,2.38,18.5,83.9,2275.0,0.2,36.4,0.839,833.0,128.9,2.43,NONE,98.1,0.0,499.8
2026-09-02T09:59:32.606032,5095.2,831.2,127.2,2.31,17.87,85.2,2300.0,0.1,36.5,0.852,833.7,129.3,2.43,NONE,99.9,0.0,499.8
2026-09-02T09:59:33.606032,5084.8,834.7,131.6,2.34,18.48,86.1,2325.0,-0.1,36.6,0.861,834.1,129.5,2.42,NONE,99.5,0.0,499.8
2026-09-02T09:59:34.606032,5078.0,841.1,130.5,2.51,18.18,85.2,2350.0,-0.3,36.5,0.852,833.8,129.1,2.42,NONE,98.1,0.0,499.8
2026-09-02T09:59:35.606032,5110.7,827.4,125.8,2.45,17.93,84.9,2375.0,-0.4,36.5,0.849,833.9,129.1,2.44,NONE,98.3,0.0,499.8
2026-09-02T09:59:36.606032,5083.7,836.9,131.6,2.41,17.5,84.2,2400.0,-0.6,36.4,0.842,833.6,128.7,2.42,NONE,97.6,0.0,499.8
2026-09-02T09:59:37.606032,5097.1,834.8,125.9,2.46,17.75,84.3,2425.0,-0.8,36.4,0.843,833.8,128.8,2.43,NONE,98.7,0.0,499.8
2026-09-02T09:59:38.606032,5066.9,833.6,130.2,2.59,17.77,85.2,2450.0,-0.9,36.5,0.852,834.1,128.9,2.41,NONE,98.4,0.0,499.8
2026-09-02T09:59:39.606032,5061.4,834.4,133.1,2.46,18.36,84.6,2475.0,-1.1,36.5,0.846,833.9,128.6,2.4,NONE,97.2,0.0,499.8
2026-09-02T09:59:40.606032,5081.8,835.2,131.1,2.48,17.83,85.5,2500.0,-1.2,36.5,0.855,834.5,128.9,2.42,NONE,97.6,0.0,499.8
2026-09-02T09:59:41.606032,5101.9,826.8,128.9,2.36,18.71,85.4,2525.0,-1.4,36.5,0.854,834.6,128.9,2.43,NONE,97.8,0.0,499.8
2026-09-02T09:59:42.606032,5124.9,834.8,125.4,2.34,17.35,83.7,2550.0,-1.6,36.4,0.837,834.0,128.4,2.45,NONE,99.7,0.0,499.8
2026-09-02T09:59:43.606032,5118.0,836.2,124.5,2.49,18.13,84.0,2575.0,-1.7,36.4,0.84,834.2,128.5,2.45,NONE,99.7,0.0,499.8
2026-09-02T09:59:44.606032,5132.1,833.2,126.6,2.18,18.07,85.4,2600.0,-1.9,36.5,0.854,835.0,128.9,2.46,NONE,98.2,0.0,499.8
2026-09-02T09:59:45.606032,5114.5,834.8,125.7,2.55,18.18,85.2,2625.0,-2.1,36.5,0.852,834.9,128.7,2.44,NONE,99.3,0.0,499.8
2026-09-02T09:59:46.606032,5095.0,835.4,129.4,2.26,17.64,85.1,2650.0,-2.2,36.5,0.851,834.9,128.6,2.43,NONE,98.9,0.0,499.8
2026-09-02T09:59:47.606032,5064.6,835.1,128.1,2.44,17.37,84.4,2675.0,-2.4,36.4,0.844,834.6,128.2,2.41,NONE,99.2,0.0,499.8
2026-09-02T09:59:48.606032,5118.7,828.8,128.4,2.49,17.68,84.4,2700.0,-2.6,36.4,0.844,834.8,128.3,2.45,NONE,98.9,0.0,499.8
2026-09-02T09:59:49.606032,5106.7,842.2,128.6,2.28,17.53,85.0,2725.0,-2.7,36.5,0.85,835.1,128.4,2.44,NONE,98.8,0.0,499.8
2026-09-02T09:59:50.606032,5114.5,831.3,129.5,2.39,18.09,84.4,2750.0,-2.9,36.4,0.844,835.0,128.2,2.44,NONE,99.6,0.0,499.8
2026-09-02T09:59:51.606032,5094.2,836.8,125.8,2.4,17.48,83.8,2775.0,-3.0,36.4,0.838,834.7,127.9,2.43,NONE,99.0,0.0,499.8
2026-09-02T09:59:52.606032,5092.1,832.2,129.2,2.41,17.54,85.3,2800.0,-3.2,36.5,0.853,835.5,128.3,2.43,NONE,97.9,0.0,499.8
2026-09-02T09:59:53.606032,5083.1,835.9,128.8,2.28,17.96,85.5,2825.0,-3.4,36.6,0.855,835.6,128.3,2.42,NONE,98.5,0.0,499.8
2026-09-02T09:59:54.606032,5105.7,826.5,124.5,2.44,17.58,84.1,2850.0,-3.5,36.4,0.841,835.2,127.9,2.44,NONE,99.6,0.0,499.8
2026-09-02T09:59:55.606032,5071.8,832.7,126.5,2.45,17.14,84.0,2875.0,-3.7,36.4,0.84,835.1,127.7,2.41,NONE,98.4,0.0,499.8
2026-09-02T09:59:56.606032,5091.0,835.3,130.2,2.48,17.51,84.4,2900.0,-3.8,36.4,0.844,835.4,127.8,2.43,NONE,99.0,0.0,499.8
2026-09-02T09:59:57.606032,5115.9,834.1,129.7,2.27,17.67,85.5,2925.0,-4.0,36.6,0.855,836.1,128.2,2.45,NONE,99.2,0.0,499.8
2026-09-02T09:59:58.606032,5119.3,835.7,128.8,2.46,17.23,85.8,2950.0,-4.2,36.6,0.858,836.3,128.3,2.45,NONE,97.9,0.0,499.8
2026-09-02T09:59:59.606032,5075.8,836.2,128.5,2.27,16.85,83.9,2975.0,-4.3,36.4,0.839,835.4,127.4,2.41,NONE,97.4,0.0,499.8
2026-09-02T10:00:00.606032,5084.1,831.1,129.8,2.45,17.24,84.2,3000.0,-4.5,36.4,0.842,835.7,127.5,2.42,NONE,98.8,0.0,499.8
2026-09-02T10:00:01.606032,5113.3,831.1,124.9,2.34,17.67,84.0,3025.0,-4.7,36.4,0.84,835.8,127.5,2.44,NONE,99.8,0.0,499.8
2026-09-02T10:00:02.606032,5117.6,836.9,128.4,2.25,17.39,84.2,3050.0,-4.8,36.4,0.842,836.0,127.6,2.45,NONE,99.0,0.0,499.8
2026-09-02T10:00:03.606032,5077.2,834.0,132.2,2.45,17.41,85.3,3075.0,-5.0,36.5,0.853,836.4,127.7,2.42,NONE,97.5,0.0,499.8
2026-09-02T10:00:04.606032,5087.7,843.0,131.2,2.23,17.02,84.7,3100.0,-5.2,36.5,0.847,836.3,127.5,2.42,NONE,97.0,0.0,499.8
2026-09-02T10:00:05.606032,5082.3,838.0,125.1,2.39,17.27,85.6,3125.0,-5.3,36.6,0.856,836.7,127.7,2.42,NONE,100.0,0.0,499.8
2026-09-02T10:00:06.606032,5101.9,839.2,126.1,2.65,17.62,84.4,3150.0,-5.5,36.4,0.844,836.4,127.4,2.43,NONE,99.4,0.0,499.8
2026-09-02T10:00:07.606032,5071.5,837.7,128.7,2.52,17.22,86.4,3175.0,-5.6,36.6,0.864,837.2,127.8,2.41,NONE,98.9,0.0,499.8
2026-09-02T10:00:08.606032,5060.9,832.4,129.8,2.35,17.11,84.6,3200.0,-5.8,36.5,0.846,836.5,127.2,2.4,NONE,97.3,0.0,499.8
2026-09-02T10:00:09.606032,5091.1,837.6,125.8,2.57,16.69,86.1,3225.0,-6.0,36.6,0.861,837.3,127.7,2.43,NONE,99.3,0.0,499.8
2026-09-02T10:00:10.606032,4780.0,827.4,119.2,2.28,15.15,72.2,3173.0,-5.6,35.2,0.722,827.7,122.1,2.2,NONE,97.3,0.0,499.8
2026-09-02T10:00:11.606032,4826.2,829.2,121.7,2.23,14.43,71.7,3176.5,-5.6,35.2,0.717,827.6,122.1,2.23,NONE,97.7,0.0,499.8
2026-09-02T10:00:12.606032,4788.2,824.5,124.2,2.3,14.81,72.3,3187.6,-5.7,35.2,0.723,827.9,122.1,2.2,NONE,99.5,0.0,499.8
2026-09-02T10:00:13.606032,4770.4,832.1,121.8,2.24,14.4,71.1,3187.7,-5.7,35.1,0.711,826.8,121.7,2.19,NONE,99.4,0.0,499.8
2026-09-02T10:00:14.606032,4789.4,821.7,121.3,2.15,15.04,72.3,3208.8,-5.9,35.2,0.723,827.9,122.1,2.2,NONE,99.1,0.0,499.8
2026-09-02T10:00:15.606032,4787.3,821.6,119.9,2.2,14.58,71.3,3211.7,-5.9,35.1,0.713,827.2,121.8,2.2,NONE,98.5,0.0,499.8
2026-09-02T10:00:16.606032,4776.5,825.7,124.6,2.36,14.99,71.2,3211.1,-5.9,35.1,0.712,827.0,121.7,2.2,NONE,97.4,0.0,499.8
2026-09-02T10:00:17.606032,4805.3,821.6,122.2,2.35,14.67,71.4,3222.7,-5.9,35.1,0.714,827.4,121.8,2.22,NONE,97.9,0.0,499.8
2026-09-02T10:00:18.606032,4819.7,827.6,123.5,2.14,14.47,71.5,3227.7,-6.0,35.1,0.715,827.6,121.9,2.23,NONE,98.0,0.0,499.8
2026-09-02T10:00:19.606032,4789.3,824.5,119.1,2.08,14.57,71.0,3233.6,-6.0,35.1,0.71,827.0,121.6,2.2,NONE,97.5,0.0,499.8
2026-09-02T10:00:20.606032,4779.8,830.9,118.3,2.13,15.08,71.2,3235.0,-6.0,35.1,0.712,827.1,121.6,2.2,NONE,99.7,0.0,499.8
2026-09-02T10:00:21.606032,4804.8,824.7,122.6,2.13,15.05,71.5,3236.1,-6.0,35.1,0.715,827.5,121.8,2.22,NONE,98.9,0.0,499.8
2026-09-02T10:00:22.606032,4826.5,829.8,124.5,2.18,15.1,71.3,3233.1,-6.0,35.1,0.713,827.5,121.9,2.23,NONE,98.6,0.0,499.8
2026-09-02T10:00:23.606032,4828.6,824.8,122.9,2.15,15.14,72.4,3238.5,-6.1,35.2,0.724,828.3,122.2,2.23,NONE,98.6,0.0,499.8
2026-09-02T10:00:24.606032,4793.6,835.1,121.9,2.17,14.31,72.6,3251.5,-6.1,35.3,0.726,828.3,122.1,2.21,NONE,97.9,0.0,499.8
2026-09-02T10:00:25.606032,4780.7,822.7,121.5,2.29,14.64,72.6,3242.6,-6.1,35.3,0.726,828.2,122.1,2.2,NONE,98.8,0.0,499.8
2026-09-02T10:00:26.606032,4773.5,829.1,124.0,2.1,14.9,71.5,3259.5,-6.2,35.2,0.715,827.4,121.7,2.19,NONE,99.8,0.0,499.8
2026-09-02T10:00:27.606032,4814.1,839.4,125.5,2.09,14.61,72.9,3267.4,-6.2,35.3,0.729,828.7,122.3,2.22,NONE,97.3,0.0,499.8
2026-09-02T10:00:28.606032,4775.1,830.7,127.5,2.24,14.62,72.7,3266.6,-6.2,35.3,0.727,828.4,122.0,2.19,NONE,97.5,0.0,499.8
2026-09-02T10:00:29.606032,4785.0,829.9,124.7,2.06,14.72,71.9,3258.8,-6.2,35.2,0.719,827.8,121.8,2.2,NONE,97.8,0.0,499.8
2026-09-02T10:00:30.606032,4817.3,827.8,125.2,2.36,14.51,72.6,3266.3,-6.2,35.3,0.726,828.5,122.2,2.22,NONE,98.3,0.0,499.8
2026-09-02T10:00:31.606032,4812.7,828.5,122.3,2.26,14.46,71.6,3283.6,-6.3,35.2,0.716,827.8,121.8,2.22,NONE,98.6,0.0,499.8
2026-09-02T10:00:32.606032,4793.6,826.8,121.6,2.1,15.04,72.7,3281.9,-6.3,35.3,0.727,828.5,122.1,2.21,NONE,98.3,0.0,499.8
2026-09-02T10:00:33.606032,4804.6,831.2,120.9,2.18,14.61,72.7,3290.4,-6.4,35.3,0.727,828.6,122.1,2.22,NONE,97.0,0.0,499.8
2026-09-02T10:00:34.606032,4795.5,828.6,123.6,2.24,14.61,71.5,3277.7,-6.3,35.1,0.715,827.6,121.7,2.21,NONE,98.6,0.0,499.8
2026-09-02T10:00:35.606032,4776.6,827.9,118.5,1.95,14.88,72.7,3280.8,-6.3,35.3,0.727,828.4,122.0,2.2,NONE,98.5,0.0,499.8
2026-09-02T10:00:36.606032,4794.2,822.0,121.6,2.22,14.76,72.0,3295.2,-6.4,35.2,0.72,828.0,121.8,2.21,NONE,98.7,0.0,499.8
2026-09-02T10:00:37.606032,4812.6,829.1,122.0,2.36,15.29,72.7,3282.3,-6.3,35.3,0.727,828.6,122.2,2.22,NONE,98.5,0.0,499.8
2026-09-02T10:00:38.606032,4813.7,826.3,124.8,2.29,14.88,72.7,3294.2,-6.4,35.3,0.727,828.7,122.1,2.22,NONE,97.3,0.0,499.8
2026-09-02T10:00:39.606032,4807.7,830.1,117.6,2.32,14.82,71.6,3291.5,-6.4,35.2,0.716,827.8,121.8,2.22,NONE,98.2,0.0,499.8
2026-09-02T10:00:40.606032,4797.6,832.1,121.0,2.14,15.27,72.8,3297.1,-6.4,35.3,0.728,828.7,122.1,2.21,NONE,99.9,0.0,499.8
2026-09-02T10:00:41.606032,4812.3,824.6,122.0,2.48,14.42,72.3,3294.3,-6.4,35.2,0.723,828.4,122.0,2.22,NONE,97.6,0.0,499.8
2026-09-02T10:00:42.606032,4811.9,831.8,122.0,2.19,14.65,72.2,3304.5,-6.5,35.2,0.722,828.3,122.0,2.22,NONE,98.3,0.0,499.8
2026-09-02T10:00:43.606032,4778.7,824.8,120.3,2.09,14.91,72.1,3297.8,-6.4,35.2,0.721,828.0,121.8,2.2,NONE,99.6,0.0,499.8
2026-09-02T10:00:44.606032,4816.1,830.9,119.8,2.3,14.72,71.0,3293.0,-6.4,35.1,0.71,827.4,121.6,2.22,NONE,97.7,0.0,499.8
2026-09-02T10:00:45.606032,4788.8,826.1,122.9,2.05,14.78,72.9,3290.2,-6.4,35.3,0.729,828.7,122.1,2.2,NONE,98.2,0.0,499.8
2026-09-02T10:00:46.606032,4827.4,825.3,121.9,2.19,14.48,71.2,3309.2,-6.5,35.1,0.712,827.7,121.7,2.23,NONE,97.7,0.0,499.8
2026-09-02T10:00:47.606032,4815.6,823.7,119.9,2.12,14.24,72.1,3296.5,-6.4,35.2,0.721,828.2,122.0,2.22,NONE,98.6,0.0,499.8
2026-09-02T10:00:48.606032,4795.5,826.3,122.8,2.23,14.73,71.7,3302.1,-6.5,35.2,0.717,827.8,121.7,2.21,NONE,97.8,0.0,499.8
2026-09-02T10:00:49.606032,4800.9,826.0,122.1,2.42,15.45,72.8,3294.8,-6.4,35.3,0.728,828.7,122.1,2.21,NONE,97.3,0.0,499.8
2026-09-02T10:00:50.606032,4792.6,830.5,120.2,2.35,14.9,72.1,3289.5,-6.4,35.2,0.721,828.1,121.9,2.21,NONE,98.3,0.0,499.8
2026-09-02T10:00:51.606032,4794.3,831.4,122.2,2.14,14.69,71.1,3297.1,-6.4,35.1,0.711,827.4,121.6,2.21,NONE,99.4,0.0,499.8
2026-09-02T10:00:52.606032,4770.3,827.3,121.4,2.4,14.82,72.1,3294.6,-6.4,35.2,0.721,828.0,121.8,2.19,NONE,99.3,0.0,499.8
2026-09-02T10:00:53.606032,4809.0,828.0,125.5,2.21,15.34,72.7,3290.6,-6.4,35.3,0.727,828.6,122.1,2.22,NONE,98.3,0.0,499.8
2026-09-02T10:00:54.606032,4786.0,830.4,120.9,2.15,14.41,71.6,3290.7,-6.4,35.2,0.716,827.7,121.7,2.2,NONE,98.7,0.0,499.8
2026-09-02T10:00:55.606032,4809.6,826.2,121.4,2.27,14.32,71.5,3293.0,-6.4,35.1,0.715,827.7,121.8,2.22,NONE,97.2,0.0,499.8
2026-09-02T10:00:56.606032,4803.0,818.2,121.4,2.47,14.5,71.1,3291.5,-6.4,35.1,0.711,827.4,121.6,2.21,NONE,97.4,0.0,499.8
2026-09-02T10:00:57.606032,4806.8,820.6,125.6,2.41,14.75,72.4,3283.1,-6.3,35.2,0.724,828.4,122.0,2.22,NONE,98.2,0.0,499.8
2026-09-02T10:00:58.606032,4807.6,827.0,124.1,2.02,14.81,72.2,3277.0,-6.3,35.2,0.722,828.2,122.0,2.22,NONE,98.4,0.0,499.8
2026-09-02T10:00:59.606032,4798.0,830.0,125.3,2.37,14.53,71.0,3276.5,-6.3,35.1,0.71,827.2,121.6,2.21,NONE,99.1,0.0,499.8
2026-09-02T10:01:00.606032,4827.1,823.2,122.0,2.03,15.0,71.3,3279.1,-6.3,35.1,0.713,827.6,121.8,2.23,NONE,99.6,0.0,499.8
2026-09-02T10:01:01.606032,4817.3,830.1,120.0,1.97,14.71,72.1,3278.0,-6.3,35.2,0.721,828.2,122.0,2.22,NONE,99.9,0.0,499.8
2026-09-02T10:01:02.606032,4772.7,823.1,120.2,2.25,15.01,72.5,3276.2,-6.3,35.2,0.725,828.2,121.9,2.19,NONE,97.3,0.0,499.8
2026-09-02T10:01:03.606032,4776.5,819.9,123.2,2.37,14.51,71.1,3269.6,-6.3,35.1,0.711,827.2,121.5,2.2,NONE,98.4,0.0,499.8
2026-09-02T10:01:04.606032,4817.3,827.1,124.8,2.24,14.8,72.1,3252.4,-6.1,35.2,0.721,828.1,122.1,2.22,NONE,97.1,0.0,499.8
2026-09-02T10:01:05.606032,4813.3,832.7,123.0,2.26,14.71,72.9,3250.0,-6.1,35.3,0.729,828.7,122.3,2.22,NONE,97.8,0.0,499.8
2026-09-02T10:01:06.606032,4799.4,827.7,124.8,2.34,14.65,72.8,3259.0,-6.2,35.3,0.728,828.5,122.2,2.21,NONE,97.0,0.0,499.8
2026-09-02T10:01:07.606032,4818.8,826.3,121.9,2.19,14.23,71.1,3256.5,-6.2,35.1,0.711,827.4,121.7,2.23,NONE,98.9,0.0,499.8
2026-09-02T10:01:08.606032,4808.1,824.9,120.1,2.09,13.96,71.1,3247.8,-6.1,35.1,0.711,827.3,121.7,2.22,NONE,97.2,0.0,499.8
2026-09-02T10:01:09.606032,4785.0,829.7,123.2,2.15,14.68,72.8,3230.4,-6.0,35.3,0.728,828.4,122.2,2.2,NONE,99.0,0.0,499.8
2026-09-02T10:01:10.606032,4771.9,836.9,123.5,2.18,14.6,71.4,3225.8,-6.0,35.1,0.714,827.2,121.7,2.19,NONE,98.6,0.0,499.8
2026-09-02T10:01:11.606032,4774.7,833.3,121.9,2.22,14.82,72.5,3223.2,-6.0,35.3,0.725,828.1,122.1,2.19,NONE,98.2,0.0,499.8
2026-09-02T10:01:12.606032,4796.7,833.4,121.8,2.25,14.78,72.8,3231.0,-6.0,35.3,0.728,828.4,122.2,2.21,NONE,99.1,0.0,499.8
2026-09-02T10:01:13.606032,4784.2,825.8,122.9,2.29,15.0,72.6,3228.3,-6.0,35.3,0.726,828.2,122.1,2.2,NONE,98.7,0.0,499.8
2026-09-02T10:01:14.606032,4799.9,834.0,121.2,2.21,14.73,72.3,3223.7,-6.0,35.2,0.723,828.1,122.1,2.21,NONE,98.3,0.0,499.8
2026-09-02T10:01:15.606032,4822.0,828.1,122.7,2.25,14.9,72.2,3219.0,-5.9,35.2,0.722,828.1,122.2,2.23,NONE,98.0,0.0,499.8
2026-09-02T10:01:16.606032,4821.8,824.3,118.6,2.24,14.41,72.1,3204.1,-5.8,35.2,0.721,828.0,122.2,2.23,NONE,98.7,0.0,499.8
2026-09-02T10:01:17.606032,4817.1,822.9,121.4,2.16,14.57,71.9,3200.7,-5.8,35.2,0.719,827.8,122.1,2.22,NONE,98.0,0.0,499.8
2026-09-02T10:01:18.606032,4822.8,826.2,121.8,2.25,15.52,72.8,3196.4,-5.8,35.3,0.728,828.4,122.4,2.23,NONE,99.9,0.0,499.8
2026-09-02T10:01:19.606032,4821.2,820.9,119.7,2.2,14.87,72.5,3182.8,-5.7,35.3,0.725,828.2,122.3,2.23,NONE,99.5,0.0,499.8
2026-09-02T10:01:20.606032,4785.5,833.0,122.3,2.27,15.38,72.4,3185.0,-5.7,35.2,0.724,827.9,122.1,2.2,NONE,98.0,0.0,499.8
2026-09-02T10:01:21.606032,4794.2,824.2,122.7,2.04,15.06,72.7,3184.7,-5.7,35.3,0.727,828.2,122.3,2.21,NONE,97.6,0.0,499.8
2026-09-02T10:01:22.606032,4794.2,823.9,123.4,2.2,15.11,72.6,3165.3,-5.6,35.3,0.726,828.0,122.3,2.21,NONE,99.4,0.0,499.8
2026-09-02T10:01:23.606032,4785.5,830.9,122.3,2.21,14.66,71.1,3178.3,-5.7,35.1,0.711,826.9,121.7,2.2,NONE,99.4,0.0,499.8
2026-09-02T10:01:24.606032,4777.9,824.7,122.3,2.22,14.51,71.9,3167.7,-5.6,35.2,0.719,827.4,122.0,2.2,NONE,97.9,0.0,499.8
2026-09-02T10:01:25.606032,4818.2,826.1,123.3,2.36,15.15,72.7,3159.1,-5.5,35.3,0.727,828.2,122.4,2.23,NONE,99.1,0.0,499.8
2026-09-02T10:01:26.606032,4818.0,831.0,122.3,2.1,14.77,71.5,3162.4,-5.6,35.1,0.715,827.3,122.0,2.23,NONE,97.0,0.0,499.8
2026-09-02T10:01:27.606032,4816.8,824.7,121.5,2.3,14.42,71.5,3149.3,-5.5,35.2,0.715,827.3,122.1,2.22,NONE,97.6,0.0,499.8
2026-09-02T10:01:28.606032,4815.2,830.7,118.7,2.15,14.98,72.5,3144.2,-5.4,35.2,0.725,828.0,122.4,2.22,NONE,99.9,0.0,499.8
2026-09-02T10:01:29.606032,4790.7,826.1,122.1,2.12,14.52,72.1,3138.9,-5.4,35.2,0.721,827.6,122.2,2.21,NONE,98.1,0.0,499.8
2026-09-02T10:01:30.606032,4771.2,832.2,124.7,2.23,14.85,72.3,3129.3,-5.3,35.2,0.723,827.6,122.2,2.19,NONE,98.7,0.0,499.8
2026-09-02T10:01:31.606032,4812.2,833.0,119.4,2.28,14.91,71.5,3128.7,-5.3,35.1,0.715,827.2,122.1,2.22,NONE,97.5,0.0,499.8
2026-09-02T10:01:32.606032,4773.7,827.2,121.2,2.22,14.77,72.1,3125.5,-5.3,35.2,0.721,827.4,122.1,2.19,NONE,97.8,0.0,499.8
2026-09-02T10:01:33.606032,4816.3,828.3,127.2,2.36,14.54,71.2,3134.6,-5.4,35.1,0.712,827.0,122.0,2.22,NONE,97.8,0.0,499.8
2026-09-02T10:01:34.606032,4829.3,831.0,123.2,2.21,14.71,71.2,3121.5,-5.3,35.1,0.712,827.0,122.1,2.23,NONE,97.0,0.0,499.8
2026-09-02T10:01:35.606032,4826.9,831.2,120.8,2.06,15.59,73.0,3130.6,-5.3,35.3,0.73,828.4,122.6,2.23,NONE,98.4,0.0,499.8
2026-09-02T10:01:36.606032,4803.6,826.1,123.8,2.13,14.77,72.2,3114.4,-5.2,35.2,0.722,827.6,122.3,2.21,NONE,97.8,0.0,499.8
2026-09-02T10:01:37.606032,4780.5,822.2,121.0,2.37,14.8,72.1,3119.7,-5.3,35.2,0.721,827.4,122.2,2.2,NONE,98.5,0.0,499.8
2026-09-02T10:01:38.606032,4773.8,815.6,122.2,2.03,14.46,71.4,3114.6,-5.2,35.1,0.714,826.8,121.9,2.19,NONE,98.1,0.0,499.8
2026-09-02T10:01:39.606032,4820.5,826.8,123.5,2.24,14.4,71.9,3113.0,-5.2,35.2,0.719,827.5,122.3,2.23,NONE,99.5,0.0,499.8
2026-09-02T10:01:40.606032,4783.6,824.9,122.8,2.18,14.95,71.5,3107.1,-5.2,35.1,0.715,826.9,122.0,2.2,NONE,99.3,0.0,499.8
2026-09-02T10:01:41.606032,4824.9,824.4,125.6,2.08,15.46,71.4,3114.7,-5.2,35.1,0.714,827.1,122.1,2.23,NONE,99.4,0.0,499.8
2026-09-02T10:01:42.606032,4815.7,826.2,120.3,2.24,15.16,71.8,3113.0,-5.2,35.2,0.718,827.4,122.2,2.22,NONE,97.0,0.0,499.8
2026-09-02T10:01:43.606032,4807.1,825.0,125.1,2.41,14.62,72.8,3099.9,-5.1,35.3,0.728,828.0,122.5,2.22,NONE,97.4,0.0,499.8
2026-09-02T10:01:44.606032,4771.9,827.0,122.8,2.14,14.59,72.9,3111.7,-5.2,35.3,0.729,827.9,122.4,2.19,NONE,97.8,0.0,499.8
2026-09-02T10:01:45.606032,4801.1,820.7,120.3,2.04,14.83,71.5,3092.4,-5.1,35.2,0.715,827.0,122.1,2.21,NONE,97.5,0.0,499.8
2026-09-02T10:01:46.606032,4817.1,826.7,123.6,2.16,14.8,71.0,3107.4,-5.2,35.1,0.71,826.8,122.0,2.22,NONE,97.9,0.0,499.8
2026-09-02T10:01:47.606032,4770.7,833.0,122.5,2.25,14.94,71.9,3102.3,-5.2,35.2,0.719,827.2,122.1,2.19,NONE,99.3,0.0,499.8
2026-09-02T10:01:48.606032,4806.7,830.7,123.1,2.28,14.85,71.9,3105.3,-5.2,35.2,0.719,827.4,122.2,2.22,NONE,97.5,0.0,499.8
2026-09-02T10:01:49.606032,4777.7,827.0,118.6,2.17,14.83,72.3,3097.8,-5.1,35.2,0.723,827.5,122.3,2.2,NONE,98.9,0.0,499.8
2026-09-02T10:01:50.606032,4808.4,835.1,120.4,2.21,14.97,73.0,3107.6,-5.2,35.3,0.73,828.2,122.6,2.22,NONE,99.7,0.0,499.8
2026-09-02T10:01:51.606032,4787.7,818.4,121.7,2.09,15.13,72.7,3092.1,-5.1,35.3,0.727,827.8,122.4,2.2,NONE,99.2,0.0,499.8
2026-09-02T10:01:52.606032,4823.5,825.1,123.5,2.28,14.27,72.8,3108.1,-5.2,35.3,0.728,828.1,122.6,2.23,NONE,99.9,0.0,499.8
2026-09-02T10:01:53.606032,4792.6,828.7,124.4,2.37,14.86,72.3,3095.2,-5.1,35.2,0.723,827.6,122.3,2.21,NONE,99.5,0.0,499.8
2026-09-02T10:01:54.606032,4800.8,821.3,120.0,2.09,14.49,71.3,3109.2,-5.2,35.1,0.713,826.9,122.0,2.21,NONE,97.8,0.0,499.8
2026-09-02T10:01:55.606032,4777.6,830.9,121.7,2.21,15.27,72.3,3102.9,-5.2,35.2,0.723,827.5,122.2,2.2,NONE,99.5,0.0,499.8
2026-09-02T10:01:56.606032,4778.6,833.1,124.0,2.12,15.05,71.7,3114.4,-5.2,35.2,0.717,827.1,122.0,2.2,NONE,99.0,0.0,499.8
2026-09-02T10:01:57.606032,4779.6,827.4,121.7,2.31,15.1,71.4,3116.8,-5.3,35.1,0.714,826.9,121.9,2.2,NONE,99.8,0.0,499.8
2026-09-02T10:01:58.606032,4793.0,834.0,117.7,2.37,14.9,71.4,3121.7,-5.3,35.1,0.714,827.0,122.0,2.21,NONE,97.4,0.0,499.8
2026-09-02T10:01:59.606032,4809.8,835.2,122.6,2.28,14.28,72.1,3113.2,-5.2,35.2,0.721,827.6,122.3,2.22,NONE,99.4,0.0,499.8
2026-09-02T10:02:00.606032,4796.1,829.5,120.4,2.17,14.94,71.9,3126.8,-5.3,35.2,0.719,827.4,122.2,2.21,NONE,97.6,0.0,499.8
2026-09-02T10:02:01.606032,4772.9,832.4,123.6,1.97,14.79,71.1,3123.0,-5.3,35.1,0.711,826.6,121.8,2.19,NONE,98.7,0.0,499.8
2026-09-02T10:02:02.606032,4778.2,827.1,120.9,2.1,14.99,72.5,3116.2,-5.3,35.2,0.725,827.7,122.3,2.2,NONE,97.7,0.0,499.8
2026-09-02T10:02:03.606032,4782.0,827.2,124.1,2.12,14.78,71.8,3119.0,-5.3,35.2,0.718,827.2,122.1,2.2,NONE,98.6,0.0,499.8
2026-09-02T10:02:04.606032,4802.6,822.8,122.5,2.18,14.77,71.4,3131.9,-5.4,35.1,0.714,827.1,122.0,2.21,NONE,98.3,0.0,499.8
2026-09-02T10:02:05.606032,4787.8,826.2,124.4,2.17,15.22,72.7,3125.2,-5.3,35.3,0.727,827.9,122.4,2.2,NONE,99.5,0.0,499.8
2026-09-02T10:02:06.606032,4783.5,826.0,121.9,2.3,15.68,72.7,3144.9,-5.4,35.3,0.727,828.0,122.3,2.2,NONE,97.1,0.0,499.8
2026-09-02T10:02:07.606032,4775.4,823.9,120.8,2.11,14.94,71.0,3147.9,-5.5,35.1,0.71,826.7,121.7,2.19,NONE,98.2,0.0,499.8
2026-09-02T10:02:08.606032,4819.2,823.0,121.0,2.04,14.69,71.6,3136.2,-5.4,35.2,0.716,827.3,122.1,2.23,NONE,99.2,0.0,499.8
2026-09-02T10:02:09.606032,4783.7,828.4,122.6,2.13,15.02,71.2,3148.9,-5.5,35.1,0.712,826.9,121.8,2.2,NONE,98.9,0.0,499.8
2026-09-02T10:02:10.606032,4824.7,831.9,120.9,2.23,14.99,72.3,3148.0,-5.5,35.2,0.723,827.9,122.4,2.23,NONE,99.8,0.0,499.8
2026-09-02T10:02:11.606032,4804.0,831.7,122.8,2.24,14.79,71.5,3160.7,-5.5,35.1,0.715,827.3,122.0,2.22,NONE,97.3,0.0,499.8
2026-09-02T10:02:12.606032,4806.9,827.9,118.6,2.29,14.62,71.1,3159.7,-5.5,35.1,0.711,827.0,121.9,2.22,NONE,100.0,0.0,499.8
2026-09-02T10:02:13.606032,4798.4,823.8,124.6,2.17,15.24,72.3,3164.8,-5.6,35.2,0.723,827.8,122.2,2.21,NONE,97.4,0.0,499.8
2026-09-02T10:02:14.606032,4791.1,828.9,120.6,2.09,14.75,72.9,3163.1,-5.6,35.3,0.729,828.2,122.4,2.21,NONE,98.8,0.0,499.8
2026-09-02T10:02:15.606032,4813.4,827.8,121.6,2.06,14.32,71.2,3172.3,-5.6,35.1,0.712,827.1,121.9,2.22,NONE,97.7,0.0,499.8
2026-09-02T10:02:16.606032,4796.1,827.0,122.3,2.29,15.32,72.8,3188.4,-5.7,35.3,0.728,828.3,122.3,2.21,NONE,99.3,0.0,499.8
2026-09-02T10:02:17.606032,4804.3,827.7,123.0,1.99,14.98,72.9,3178.8,-5.7,35.3,0.729,828.4,122.4,2.22,NONE,99.0,0.0,499.8
2026-09-02T10:02:18.606032,4777.9,817.8,124.8,2.01,14.84,72.3,3185.3,-5.7,35.2,0.723,827.8,122.1,2.2,NONE,99.1,0.0,499.8
2026-09-02T10:02:19.606032,4780.4,828.7,122.2,2.14,15.08,71.8,3197.6,-5.8,35.2,0.718,827.5,121.9,2.2,NONE,99.3,0.0,499.8
2026-09-02T10:02:20.606032,4773.4,823.1,124.5,2.27,15.12,72.9,3206.0,-5.8,35.3,0.729,828.3,122.2,2.19,NONE,97.4,0.0,499.8
2026-09-02T10:02:21.606032,4782.3,820.1,121.5,2.23,15.17,71.8,3213.5,-5.9,35.2,0.718,827.5,121.9,2.2,NONE,99.8,0.0,499.8
2026-09-02T10:02:22.606032,4777.4,835.1,120.5,2.07,14.84,72.8,3219.7,-5.9,35.3,0.728,828.3,122.2,2.2,NONE,98.0,0.0,499.8
2026-09-02T10:02:23.606032,4773.0,824.2,119.8,2.2,15.31,71.2,3217.4,-5.9,35.1,0.712,827.0,121.6,2.19,NONE,98.0,0.0,499.8
2026-09-02T10:02:24.606032,4796.9,826.3,124.5,2.16,14.71,71.3,3225.0,-6.0,35.1,0.713,827.3,121.8,2.21,NONE,98.1,0.0,499.8
2026-09-02T10:02:25.606032,4775.6,831.3,121.8,2.27,14.17,72.6,3228.7,-6.0,35.3,0.726,828.2,122.1,2.19,NONE,97.7,0.0,499.8
2026-09-02T10:02:26.606032,4827.2,829.9,122.3,2.32,14.93,72.3,3233.9,-6.0,35.2,0.723,828.2,122.2,2.23,NONE,98.3,0.0,499.8
2026-09-02T10:02:27.606032,4772.9,827.7,121.6,2.11,14.69,72.5,3233.6,-6.0,35.2,0.725,828.1,122.0,2.19,NONE,97.6,0.0,499.8
2026-09-02T10:02:28.606032,4787.6,832.4,122.2,2.35,14.57,72.9,3231.2,-6.0,35.3,0.729,828.5,122.2,2.2,NONE,97.2,0.0,499.8
2026-09-02T10:02:29.606032,4781.8,828.8,124.2,2.17,14.58,71.6,3250.7,-6.1,35.2,0.716,827.5,121.7,2.2,NONE,98.3,0.0,499.8
2026-09-02T10:02:30.606032,4789.9,824.8,122.1,2.21,14.28,72.8,3250.4,-6.1,35.3,0.728,828.5,122.2,2.21,NONE,99.2,0.0,499.8
2026-09-02T10:02:31.606032,4789.2,826.9,119.6,2.04,14.64,72.1,3262.1,-6.2,35.2,0.721,828.0,121.9,2.2,NONE,97.1,0.0,499.8
2026-09-02T10:02:32.606032,4826.5,822.0,120.4,2.06,14.76,71.9,3262.4,-6.2,35.2,0.719,828.0,122.0,2.23,NONE,99.5,0.0,499.8
2026-09-02T10:02:33.606032,4789.0,826.5,120.0,2.26,15.14,72.7,3267.6,-6.2,35.3,0.727,828.4,122.1,2.2,NONE,97.0,0.0,499.8
2026-09-02T10:02:34.606032,4807.3,828.8,122.8,2.35,14.71,71.8,3275.0,-6.3,35.2,0.718,827.9,121.9,2.22,NONE,99.4,0.0,499.8
2026-09-02T10:02:35.606032,4776.8,823.0,121.6,2.22,14.49,71.9,3274.5,-6.3,35.2,0.719,827.8,121.8,2.2,NONE,98.5,0.0,499.8
2026-09-02T10:02:36.606032,4804.7,824.3,122.8,2.11,14.71,71.6,3280.5,-6.3,35.2,0.716,827.7,121.8,2.22,NONE,100.0,0.0,499.8
2026-09-02T10:02:37.606032,4793.4,829.4,122.3,2.17,14.84,72.9,3278.4,-6.3,35.3,0.729,828.6,122.2,2.21,NONE,98.2,0.0,499.8
2026-09-02T10:02:38.606032,4822.6,818.0,123.2,2.37,14.9,71.3,3279.5,-6.3,35.1,0.713,827.6,121.8,2.23,NONE,98.6,0.0,499.8
2026-09-02T10:02:39.606032,4821.4,826.9,123.7,2.21,14.92,72.6,3277.4,-6.3,35.3,0.726,828.6,122.2,2.23,NONE,99.1,0.0,499.8
2026-09-02T10:02:40.606032,4800.4,823.2,120.0,2.2,15.76,72.9,3291.9,-6.4,35.3,0.729,828.7,122.2,2.21,NONE,97.3,0.0,499.8
2026-09-02T10:02:41.606032,4808.0,830.5,125.4,2.13,14.99,72.7,3296.8,-6.4,35.3,0.727,828.6,122.1,2.22,NONE,99.3,0.0,499.8
2026-09-02T10:02:42.606032,4807.3,828.9,122.7,2.03,14.6,72.7,3297.4,-6.4,35.3,0.727,828.6,122.1,2.22,NONE,98.3,0.0,499.7
2026-09-02T10:02:43.606032,4803.1,828.7,120.6,2.35,14.84,71.9,3295.9,-6.4,35.2,0.719,828.0,121.8,2.21,NONE,99.7,0.0,499.7
2026-09-02T10:02:44.606032,4795.6,833.1,123.4,2.27,15.27,71.9,3284.7,-6.4,35.2,0.719,827.9,121.8,2.21,NONE,97.7,0.0,499.7
2026-09-02T10:02:45.606032,4779.1,832.1,122.4,2.38,14.84,72.3,3295.9,-6.4,35.2,0.723,828.2,121.9,2.2,NONE,98.4,0.0,499.7
2026-09-02T10:02:46.606032,4770.4,819.7,121.5,2.11,14.33,71.3,3291.7,-6.4,35.1,0.713,827.4,121.5,2.19,NONE,98.2,0.0,499.7
2026-09-02T10:02:47.606032,4790.8,834.2,126.1,2.03,15.18,72.9,3304.2,-6.5,35.3,0.729,828.7,122.1,2.21,NONE,98.4,0.0,499.7
2026-09-02T10:02:48.606032,4782.6,825.4,122.4,2.21,14.81,72.7,3294.5,-6.4,35.3,0.727,828.5,122.0,2.2,NONE,97.8,0.0,499.7
2026-09-02T10:02:49.606032,4800.0,827.4,123.1,2.35,14.68,71.8,3306.6,-6.5,35.2,0.718,828.0,121.8,2.21,NONE,98.2,0.0,499.7
2026-09-02T10:02:50.606032,4778.4,831.1,123.8,2.16,14.21,71.7,3300.4,-6.5,35.2,0.717,827.7,121.7,2.2,NONE,99.1,0.0,499.7
2026-09-02T10:02:51.606032,4775.4,835.9,122.4,2.08,14.94,71.8,3307.0,-6.5,35.2,0.718,827.8,121.7,2.19,NONE,99.5,0.0,499.7
2026-09-02T10:02:52.606032,4827.0,829.5,119.4,2.07,14.83,71.0,3299.6,-6.4,35.1,0.71,827.5,121.7,2.23,NONE,97.0,0.0,499.7
2026-09-02T10:02:53.606032,4772.0,827.3,122.6,2.15,14.93,72.2,3307.4,-6.5,35.2,0.722,828.1,121.8,2.19,NONE,99.7,0.0,499.7
2026-09-02T10:02:54.606032,4796.3,825.3,123.1,2.2,15.24,72.9,3300.8,-6.5,35.3,0.729,828.7,122.1,2.21,NONE,99.0,0.0,499.7
2026-09-02T10:02:55.606032,4826.1,835.8,120.8,2.18,14.32,71.5,3301.4,-6.5,35.2,0.715,827.9,121.8,2.23,NONE,99.0,0.0,499.7
2026-09-02T10:02:56.606032,4783.6,831.1,118.2,2.19,14.51,72.7,3289.2,-6.4,35.3,0.727,828.5,122.0,2.2,NONE,99.0,0.0,499.7
2026-09-02T10:02:57.606032,4779.6,825.6,119.9,2.26,15.06,72.2,3304.4,-6.5,35.2,0.722,828.1,121.8,2.2,NONE,97.2,0.0,499.7
2026-09-02T10:02:58.606032,4790.2,830.8,118.3,2.31,15.06,71.2,3292.2,-6.4,35.1,0.712,827.4,121.6,2.21,NONE,97.3,0.0,499.7
2026-09-02T10:02:59.606032,4796.3,832.7,120.8,2.23,14.53,71.4,3290.4,-6.4,35.1,0.714,827.6,121.7,2.21,NONE,99.1,0.0,499.7
2026-09-02T10:03:00.606032,4781.5,827.5,120.4,2.23,14.24,71.4,3295.1,-6.4,35.1,0.714,827.5,121.6,2.2,NONE,98.9,0.0,499.7
2026-09-02T10:03:01.606032,4776.3,828.8,123.0,2.1,14.96,71.8,3282.8,-6.3,35.2,0.718,827.8,121.7,2.2,NONE,99.6,0.0,499.7
2026-09-02T10:03:02.606032,4773.0,828.7,122.3,2.22,14.54,72.4,3293.5,-6.4,35.2,0.724,828.2,121.9,2.19,NONE,97.5,0.0,499.7
2026-09-02T10:03:03.606032,4824.5,827.3,120.5,2.26,14.82,72.7,3280.2,-6.3,35.3,0.727,828.7,122.2,2.23,NONE,99.4,0.0,499.7
2026-09-02T10:03:04.606032,4814.2,830.8,118.7,2.24,14.87,72.4,3271.0,-6.3,35.2,0.724,828.4,122.1,2.22,NONE,97.9,0.0,499.7
2026-09-02T10:03:05.606032,4811.3,824.6,120.0,2.34,14.0,71.1,3279.6,-6.3,35.1,0.711,827.4,121.7,2.22,NONE,97.2,0.0,499.7
2026-09-02T10:03:06.606032,4813.0,832.1,121.9,2.36,14.6,72.9,3277.4,-6.3,35.3,0.729,828.8,122.2,2.22,NONE,97.3,0.0,499.7
2026-09-02T10:03:07.606032,4788.8,830.2,116.9,2.16,14.34,72.7,3263.5,-6.2,35.3,0.727,828.4,122.1,2.2,NONE,98.1,0.0,499.7
2026-09-02T10:03:08.606032,4776.2,826.8,121.6,2.39,14.73,71.5,3266.2,-6.2,35.1,0.715,827.5,121.7,2.2,NONE,99.5,0.0,499.7
2026-09-02T10:03:09.606032,4802.8,826.2,121.7,1.99,14.66,72.0,3260.2,-6.2,35.2,0.72,828.0,121.9,2.21,NONE,98.0,0.0,499.7
2026-09-02T10:03:10.606032,4795.8,829.9,122.9,2.25,15.06,72.3,3266.2,-6.2,35.2,0.723,828.2,122.0,2.21,NONE,98.9,0.0,499.7
2026-09-02T10:03:11.606032,4811.3,831.0,125.1,2.22,15.24,72.4,3264.1,-6.2,35.2,0.724,828.3,122.1,2.22,NONE,98.3,0.0,499.7
2026-09-02T10:03:12.606032,4800.7,826.6,120.3,2.43,15.16,72.3,3246.6,-6.1,35.2,0.723,828.1,122.1,2.21,NONE,98.5,0.0,499.7
2026-09-02T10:03:13.606032,4775.1,827.7,124.6,2.32,14.56,71.9,3244.1,-6.1,35.2,0.719,827.7,121.8,2.19,NONE,99.1,0.0,499.7
2026-09-02T10:03:14.606032,4799.9,830.1,117.3,2.1,14.86,71.9,3235.5,-6.0,35.2,0.719,827.8,121.9,2.21,NONE,98.1,0.0,499.7
2026-09-02T10:03:15.606032,4776.6,828.6,124.1,2.03,15.07,72.3,3230.8,-6.0,35.2,0.723,827.9,122.0,2.2,NONE,99.4,0.0,499.7
2026-09-02T10:03:16.606032,4803.0,831.6,121.0,2.18,14.59,71.2,3239.9,-6.1,35.1,0.712,827.3,121.7,2.21,NONE,98.2,0.0,499.7
2026-09-02T10:03:17.606032,4802.8,828.9,123.0,2.14,14.47,72.2,3227.3,-6.0,35.2,0.722,828.0,122.1,2.21,NONE,98.0,0.0,499.7
2026-09-02T10:03:18.606032,4776.5,822.9,122.7,2.3,15.0,71.7,3226.1,-6.0,35.2,0.717,827.5,121.8,2.2,NONE,99.4,0.0,499.7
2026-09-02T10:03:19.606032,4822.6,830.5,122.4,2.22,15.05,72.2,3223.3,-6.0,35.2,0.722,828.1,122.2,2.23,NONE,98.6,0.0,499.7
2026-09-02T10:03:20.606032,4779.7,826.5,120.6,2.12,14.67,71.9,3217.8,-5.9,35.2,0.719,827.6,121.9,2.2,NONE,98.5,0.0,499.7
2026-09-02T10:03:21.606032,4774.2,822.9,119.2,2.03,15.15,72.6,3197.5,-5.8,35.3,0.726,828.0,122.1,2.19,NONE,98.9,0.0,499.7
2026-09-02T10:03:22.606032,4817.1,820.1,122.1,2.31,14.47,72.2,3197.9,-5.8,35.2,0.722,828.0,122.2,2.22,NONE,99.9,0.0,499.7
2026-09-02T10:03:23.606032,4803.8,821.8,121.5,2.3,14.74,72.0,3195.9,-5.8,35.2,0.72,827.8,122.1,2.21,NONE,99.0,0.0,499.7
2026-09-02T10:03:24.606032,4793.7,829.9,126.7,2.22,15.48,72.9,3199.4,-5.8,35.3,0.729,828.4,122.3,2.21,NONE,98.1,0.0,499.7
2026-09-02T10:03:25.606032,4786.9,827.6,123.0,2.23,14.78,71.2,3193.6,-5.8,35.1,0.712,827.0,121.8,2.2,NONE,97.8,0.0,499.7
2026-09-02T10:03:26.606032,4789.5,828.8,121.4,2.17,14.15,71.0,3191.6,-5.7,35.1,0.71,826.9,121.7,2.2,NONE,97.4,0.0,499.7
2026-09-02T10:03:27.606032,4804.6,832.7,123.2,2.2,14.54,71.5,3187.2,-5.7,35.1,0.715,827.3,121.9,2.22,NONE,99.1,0.0,499.7
2026-09-02T10:03:28.606032,4811.6,832.4,121.9,2.31,15.27,72.5,3178.3,-5.7,35.2,0.725,828.1,122.3,2.22,NONE,99.2,0.0,499.7
2026-09-02T10:03:29.606032,4823.7,828.3,120.6,2.24,15.16,72.0,3159.4,-5.5,35.2,0.72,827.7,122.2,2.23,NONE,99.4,0.0,499.7
2026-09-02T10:03:30.606032,4790.7,822.0,122.7,2.12,14.59,72.3,3163.4,-5.6,35.2,0.723,827.8,122.2,2.21,NONE,97.7,0.0,499.7
2026-09-02T10:03:31.606032,4771.4,824.5,121.6,2.37,14.19,72.2,3163.6,-5.6,35.2,0.722,827.6,122.1,2.19,NONE,99.7,0.0,499.7
2026-09-02T10:03:32.606032,4773.2,829.4,122.4,2.32,15.35,72.8,3159.1,-5.5,35.3,0.728,828.0,122.3,2.19,NONE,99.3,0.0,499.7
2026-09-02T10:03:33.606032,4821.9,824.4,122.6,2.22,14.33,71.6,3150.0,-5.5,35.2,0.716,827.4,122.1,2.23,NONE,98.9,0.0,499.7
2026-09-02T10:03:34.606032,4795.0,829.7,123.0,2.25,15.04,72.9,3144.7,-5.4,35.3,0.729,828.2,122.4,2.21,NONE,98.4,0.0,499.7
2026-09-02T10:03:35.606032,4822.0,819.4,124.6,2.41,14.95,72.9,3144.9,-5.4,35.3,0.729,828.3,122.5,2.23,NONE,98.8,0.0,499.7
2026-09-02T10:03:36.606032,4776.2,825.9,123.0,2.12,15.08,72.1,3134.3,-5.4,35.2,0.721,827.5,122.1,2.2,NONE,97.8,0.0,499.7
2026-09-02T10:03:37.606032,4778.0,826.8,122.0,2.36,14.52,71.2,3143.3,-5.4,35.1,0.712,826.8,121.8,2.2,NONE,97.2,0.0,499.7
2026-09-02T10:03:38.606032,4810.1,829.3,122.7,2.1,14.83,71.8,3125.3,-5.3,35.2,0.718,827.4,122.2,2.22,NONE,99.1,0.0,499.7
2026-09-02T10:03:39.606032,4806.7,832.8,121.9,2.18,15.29,72.9,3121.2,-5.3,35.3,0.729,828.2,122.5,2.22,NONE,99.8,0.0,499.7
2026-09-02T10:03:40.606032,4770.5,823.2,122.2,2.09,15.15,71.7,3113.8,-5.2,35.2,0.717,827.1,122.0,2.19,NONE,97.4,0.0,499.7
2026-09-02T10:03:41.606032,4815.2,820.1,122.8,2.46,15.37,72.8,3126.2,-5.3,35.3,0.728,828.2,122.5,2.22,NONE,99.2,0.0,499.7
2026-09-02T10:03:42.606032,4806.3,825.8,120.7,2.35,14.86,71.7,3113.6,-5.2,35.2,0.717,827.3,122.2,2.22,NONE,98.6,0.0,499.7
2026-09-02T10:03:43.606032,4820.3,832.2,123.5,2.22,15.19,71.6,3105.8,-5.2,35.2,0.716,827.2,122.2,2.23,NONE,98.2,0.0,499.7
2026-09-02T10:03:44.606032,4817.4,830.8,123.6,2.28,15.62,72.7,3117.2,-5.3,35.3,0.727,828.1,122.5,2.22,NONE,97.3,0.0,499.7
2026-09-02T10:03:45.606032,4782.2,821.6,122.0,2.19,15.0,72.7,3108.4,-5.2,35.3,0.727,827.8,122.4,2.2,NONE,97.4,0.0,499.7
2026-09-02T10:03:46.606032,4825.0,826.1,121.7,2.14,14.83,72.2,3099.6,-5.1,35.2,0.722,827.7,122.4,2.23,NONE,99.3,0.0,499.7
2026-09-02T10:03:47.606032,4819.2,829.9,123.3,2.23,15.01,71.5,3110.7,-5.2,35.1,0.715,827.2,122.2,2.23,NONE,99.9,0.0,499.7
2026-09-02T10:03:48.606032,4777.6,821.7,122.3,2.17,15.4,71.5,3107.4,-5.2,35.2,0.715,826.9,122.0,2.2,NONE,98.5,0.0,499.7
2026-09-02T10:03:49.606032,4818.1,832.4,121.1,2.13,14.32,72.2,3109.1,-5.2,35.2,0.722,827.7,122.4,2.23,NONE,99.2,0.0,499.7
2026-09-02T10:03:50.606032,4779.9,830.7,122.5,2.13,14.94,72.4,3097.4,-5.1,35.2,0.724,827.6,122.3,2.2,NONE,99.6,0.0,499.7
2026-09-02T10:03:51.606032,4809.5,826.6,121.4,2.15,15.35,72.5,3103.5,-5.2,35.2,0.725,827.8,122.4,2.22,NONE,97.2,0.0,499.7
2026-09-02T10:03:52.606032,4825.9,829.0,126.0,2.34,14.77,72.5,3104.7,-5.2,35.3,0.725,827.9,122.5,2.23,NONE,97.6,0.0,499.7
2026-09-02T10:03:53.606032,4818.2,820.2,122.8,2.25,15.01,72.8,3105.8,-5.2,35.3,0.728,828.1,122.6,2.23,NONE,99.4,0.0,499.7
2026-09-02T10:03:54.606032,4821.7,826.8,123.2,2.29,15.45,72.8,3105.0,-5.2,35.3,0.728,828.1,122.6,2.23,NONE,98.4,0.0,499.7
2026-09-02T10:03:55.606032,4816.6,830.0,118.9,2.27,15.07,72.5,3109.1,-5.2,35.3,0.725,827.9,122.5,2.22,NONE,98.8,0.0,499.7
2026-09-02T10:03:56.606032,4816.1,826.9,122.1,2.23,15.14,72.7,3101.2,-5.2,35.3,0.727,828.0,122.5,2.22,NONE,98.1,0.0,499.7
2026-09-02T10:03:57.606032,4826.8,825.1,118.9,2.23,14.52,71.3,3098.6,-5.1,35.1,0.713,827.0,122.2,2.23,NONE,98.2,0.0,499.7
2026-09-02T10:03:58.606032,4809.9,824.9,125.7,2.26,14.16,71.2,3110.4,-5.2,35.1,0.712,826.9,122.0,2.22,NONE,97.7,0.0,499.7
2026-09-02T10:03:59.606032,4788.4,831.4,122.2,2.29,15.3,72.6,3109.3,-5.2,35.3,0.726,827.8,122.4,2.2,NONE,98.9,0.0,499.7
2026-09-02T10:04:00.606032,4825.8,827.2,123.3,2.19,14.94,71.1,3114.3,-5.2,35.1,0.711,826.9,122.1,2.23,NONE,99.8,0.0,499.7
2026-09-02T10:04:01.606032,4808.6,817.5,119.7,2.04,14.75,72.0,3105.8,-5.2,35.2,0.72,827.5,122.3,2.22,NONE,99.2,0.0,499.7
2026-09-02T10:04:02.606032,4801.5,824.3,119.6,2.29,14.92,72.9,3116.9,-5.3,35.3,0.729,828.1,122.5,2.21,NONE,99.3,0.0,499.7
2026-09-02T10:04:03.606032,4815.1,820.4,123.9,2.26,15.21,73.0,3111.6,-5.2,35.3,0.73,828.3,122.6,2.22,NONE,99.4,0.0,499.7
2026-09-02T10:04:04.606032,4828.5,831.5,123.4,2.35,14.73,72.7,3109.0,-5.2,35.3,0.727,828.1,122.6,2.23,NONE,98.6,0.0,499.7
2026-09-02T10:04:05.606032,4816.6,825.9,120.7,2.23,14.23,72.7,3109.9,-5.2,35.3,0.727,828.0,122.5,2.22,NONE,97.8,0.0,499.7
2026-09-02T10:04:06.606032,4805.1,824.8,120.4,2.2,15.19,71.5,3115.1,-5.2,35.1,0.715,827.1,122.1,2.22,NONE,98.5,0.0,499.7
2026-09-02T10:04:07.606032,4812.8,828.7,120.3,2.08,14.97,71.1,3115.0,-5.2,35.1,0.711,826.8,122.0,2.22,NONE,98.7,0.0,499.7
2026-09-02T10:04:08.606032,4771.3,830.6,121.4,2.08,14.76,71.3,3123.9,-5.3,35.1,0.713,826.8,121.9,2.19,NONE,99.1,0.0,499.7
2026-09-02T10:04:09.606032,4800.5,821.7,121.1,2.22,15.08,71.4,3131.2,-5.4,35.1,0.714,827.1,122.0,2.21,NONE,97.3,0.0,499.7
2026-09-02T10:04:10.606032,4795.6,827.7,127.3,2.16,15.32,72.6,3128.8,-5.3,35.3,0.726,827.9,122.4,2.21,NONE,97.6,0.0,499.7
2026-09-02T10:04:11.606032,4822.6,829.2,120.4,2.14,15.06,72.6,3125.7,-5.3,35.3,0.726,828.1,122.5,2.23,NONE,97.3,0.0,499.7
2026-09-02T10:04:12.606032,4790.8,828.8,121.8,2.1,15.12,72.8,3138.3,-5.4,35.3,0.728,828.1,122.4,2.21,NONE,99.1,0.0,499.7
2026-09-02T10:04:13.606032,4781.7,838.0,121.2,2.27,14.73,71.8,3151.8,-5.5,35.2,0.718,827.3,122.0,2.2,NONE,99.4,0.0,499.7
2026-09-02T10:04:14.606032,4770.4,833.4,123.2,2.22,15.03,71.5,3154.8,-5.5,35.2,0.715,827.0,121.9,2.19,NONE,99.7,0.0,499.7
2026-09-02T10:04:15.606032,4790.8,824.3,122.9,2.11,14.88,72.1,3144.4,-5.4,35.2,0.721,827.6,122.2,2.21,NONE,99.6,0.0,499.7
2026-09-02T10:04:16.606032,4791.4,831.4,120.3,2.17,14.24,72.3,3161.8,-5.6,35.2,0.723,827.8,122.2,2.21,NONE,98.5,0.0,499.7
2026-09-02T10:04:17.606032,4803.5,834.9,123.5,2.17,15.04,72.2,3151.3,-5.5,35.2,0.722,827.7,122.2,2.21,NONE,98.7,0.0,499.7
2026-09-02T10:04:18.606032,4822.9,827.0,124.6,2.21,15.46,73.0,3155.1,-5.5,35.3,0.73,828.5,122.6,2.23,NONE,98.3,0.0,499.7
2026-09-02T10:04:19.606032,4800.8,829.9,120.8,2.39,15.22,71.8,3166.8,-5.6,35.2,0.718,827.5,122.1,2.21,NONE,97.1,0.0,499.7
2026-09-02T10:04:20.606032,4792.8,820.2,123.2,2.05,15.17,71.7,3178.7,-5.7,35.2,0.717,827.4,122.0,2.21,NONE,99.5,0.0,499.7
2026-09-02T10:04:21.606032,4813.5,827.7,119.6,2.17,14.56,72.8,3172.8,-5.6,35.3,0.728,828.3,122.4,2.22,NONE,97.1,0.0,499.7
2026-09-02T10:04:22.606032,4791.2,832.7,123.1,2.14,14.49,71.3,3185.1,-5.7,35.1,0.713,827.1,121.8,2.21,NONE,98.1,0.0,499.7
2026-09-02T10:04:23.606032,4792.0,826.4,120.6,2.23,15.24,71.7,3191.6,-5.7,35.2,0.717,827.4,121.9,2.21,NONE,99.3,0.0,499.7
2026-09-02T10:04:24.606032,4789.3,826.6,118.6,2.16,14.13,71.3,3197.5,-5.8,35.1,0.713,827.1,121.8,2.2,NONE,98.8,0.0,499.7
2026-09-02T10:04:25.606032,4809.8,824.5,120.2,2.19,15.88,71.8,3205.1,-5.8,35.2,0.718,827.7,122.0,2.22,NONE,97.5,0.0,499.7
2026-09-02T10:04:26.606032,4774.6,830.4,125.7,2.06,14.33,71.4,3200.9,-5.8,35.1,0.714,827.1,121.8,2.19,NONE,99.1,0.0,499.7
2026-09-02T10:04:27.606032,4803.2,827.2,122.4,2.12,14.52,71.5,3212.6,-5.9,35.1,0.715,827.4,121.9,2.21,NONE,99.9,0.0,499.7
2026-09-02T10:04:28.606032,4816.9,826.6,119.9,2.18,14.83,71.7,3217.3,-5.9,35.2,0.717,827.7,122.0,2.22,NONE,99.5,0.0,499.7
2026-09-02T10:04:29.606032,4773.4,822.9,120.0,2.02,15.06,72.0,3222.8,-5.9,35.2,0.72,827.7,121.9,2.19,NONE,97.4,0.0,499.7
2026-09-02T10:04:30.606032,4815.6,823.0,118.8,2.21,14.46,71.8,3231.0,-6.0,35.2,0.718,827.8,122.0,2.22,NONE,98.3,0.0,499.7
2026-09-02T10:04:31.606032,4822.9,825.1,122.1,2.27,14.69,72.4,3237.5,-6.0,35.2,0.724,828.3,122.2,2.23,NONE,98.9,0.0,499.7
2026-09-02T10:04:32.606032,4786.3,829.4,121.9,1.98,14.92,72.1,3226.2,-6.0,35.2,0.721,827.8,122.0,2.2,NONE,98.5,0.0,499.7
2026-09-02T10:04:33.606032,4774.6,823.1,121.5,2.11,14.37,72.7,3236.7,-6.0,35.3,0.727,828.3,122.1,2.19,NONE,97.5,0.0,499.7
2026-09-02T10:04:34.606032,4819.9,822.8,120.3,2.25,15.15,71.7,3249.4,-6.1,35.2,0.717,827.8,121.9,2.23,NONE,98.6,0.0,499.7
2026-09-02T10:04:35.606032,4795.4,822.9,124.0,2.2,14.33,71.7,3250.7,-6.1,35.2,0.717,827.7,121.8,2.21,NONE,98.4,0.0,499.7
2026-09-02T10:04:36.606032,4780.1,827.2,122.0,2.08,15.05,72.1,3245.0,-6.1,35.2,0.721,827.9,121.9,2.2,NONE,98.1,0.0,499.7
2026-09-02T10:04:37.606032,4809.2,829.5,120.8,2.17,15.21,71.8,3254.6,-6.2,35.2,0.718,827.8,121.9,2.22,NONE,99.8,0.0,499.7
2026-09-02T10:04:38.606032,4816.8,828.8,118.4,2.14,14.87,71.0,3265.0,-6.2,35.1,0.71,827.3,121.7,2.22,NONE,97.6,0.0,499.7
2026-09-02T10:04:39.606032,4773.8,832.3,121.0,2.11,14.76,71.7,3265.6,-6.2,35.2,0.717,827.6,121.7,2.19,NONE,97.5,0.0,499.7
2026-09-02T10:04:40.606032,4806.5,834.7,124.5,2.22,14.84,72.9,3257.9,-6.2,35.3,0.729,828.6,122.2,2.22,NONE,98.6,0.0,499.7
2026-09-02T10:04:41.606032,4813.5,830.2,122.4,2.24,15.17,72.4,3271.1,-6.3,35.2,0.724,828.4,122.1,2.22,NONE,97.4,0.0,499.7
2026-09-02T10:04:42.606032,4791.8,829.7,120.9,1.98,14.39,71.3,3264.7,-6.2,35.1,0.713,827.4,121.7,2.21,NONE,98.4,0.0,499.7
2026-09-02T10:04:43.606032,4817.8,832.2,119.5,2.16,15.07,72.7,3285.4,-6.4,35.3,0.727,828.7,122.2,2.22,NONE,98.2,0.0,499.7
2026-09-02T10:04:44.606032,4801.5,824.5,119.4,2.06,14.5,71.3,3287.8,-6.4,35.1,0.713,827.5,121.7,2.21,NONE,99.3,0.0,499.7
2026-09-02T10:04:45.606032,4784.4,830.2,123.1,2.28,14.9,71.2,3278.8,-6.3,35.1,0.712,827.3,121.6,2.2,NONE,99.9,0.0,499.7
2026-09-02T10:04:46.606032,4773.5,826.4,124.1,2.28,14.89,71.8,3278.4,-6.3,35.2,0.718,827.7,121.7,2.19,NONE,97.3,0.0,499.7
2026-09-02T10:04:47.606032,4799.6,827.2,123.1,2.4,15.04,72.0,3291.5,-6.4,35.2,0.72,828.1,121.9,2.21,NONE,99.2,0.0,499.7
2026-09-02T10:04:48.606032,4794.9,824.2,122.9,2.23,14.76,71.5,3289.9,-6.4,35.1,0.715,827.7,121.7,2.21,NONE,97.0,0.0,499.7
2026-09-02T10:04:49.606032,4829.9,823.8,116.3,2.3,15.05,72.1,3290.8,-6.4,35.2,0.721,828.3,122.0,2.23,NONE,98.6,0.0,499.7
2026-09-02T10:04:50.606032,4824.8,829.3,122.0,2.24,14.0,71.1,3289.3,-6.4,35.1,0.711,827.5,121.7,2.23,NONE,97.5,0.0,499.7
2026-09-02T10:04:51.606032,4798.1,829.7,125.2,2.28,14.73,71.1,3298.9,-6.4,35.1,0.711,827.4,121.6,2.21,NONE,99.6,0.0,499.7
2026-09-02T10:04:52.606032,4822.0,828.3,122.3,2.12,14.65,71.1,3305.9,-6.5,35.1,0.711,827.6,121.7,2.23,NONE,98.1,0.0,499.7
2026-09-02T10:04:53.606032,4790.1,835.5,121.0,2.35,14.54,72.4,3301.0,-6.5,35.2,0.724,828.3,121.9,2.21,NONE,98.7,0.0,499.7
2026-09-02T10:04:54.606032,4818.6,829.0,120.4,2.21,14.48,71.4,3298.3,-6.4,35.1,0.714,827.7,121.7,2.23,NONE,97.4,0.0,499.7
2026-09-02T10:04:55.606032,4806.6,824.0,119.3,2.16,14.64,71.8,3301.5,-6.5,35.2,0.718,828.0,121.8,2.22,NONE,99.3,0.0,499.7
2026-09-02T10:04:56.606032,4820.6,826.9,122.1,1.93,14.57,72.2,3291.6,-6.4,35.2,0.722,828.3,122.0,2.23,NONE,98.7,0.0,499.7
2026-09-02T10:04:57.606032,4775.2,822.4,121.4,2.2,14.74,71.3,3296.5,-6.4,35.1,0.713,827.4,121.5,2.19,NONE,98.6,0.0,499.7
2026-09-02T10:04:58.606032,4813.4,827.9,121.4,2.05,14.33,71.2,3291.9,-6.4,35.1,0.712,827.5,121.7,2.22,NONE,97.6,0.0,499.7
2026-09-02T10:04:59.606032,4806.6,824.2,123.9,2.31,14.57,72.1,3308.6,-6.5,35.2,0.721,828.2,121.9,2.22,NONE,98.1,0.0,499.7
2026-09-02T10:05:00.606032,4825.2,822.7,124.9,2.14,15.0,71.9,3295.5,-6.4,35.2,0.719,828.1,121.9,2.23,NONE,98.1,0.0,499.7
2026-09-02T10:05:01.606032,4806.2,828.0,122.7,2.37,15.0,71.5,3306.1,-6.5,35.1,0.715,827.8,121.7,2.22,NONE,97.6,0.0,499.7
2026-09-02T10:05:02.606032,4827.0,831.2,121.7,2.28,14.56,72.5,3289.9,-6.4,35.3,0.725,828.6,122.1,2.23,NONE,97.7,0.0,499.7
2026-09-02T10:05:03.606032,4814.3,826.7,121.3,2.21,14.69,71.8,3290.3,-6.4,35.2,0.718,828.0,121.9,2.22,NONE,97.4,0.0,499.7
2026-09-02T10:05:04.606032,4785.7,828.5,123.3,2.19,14.96,72.4,3297.5,-6.4,35.2,0.724,828.3,121.9,2.2,NONE,97.5,0.0,499.7
2026-09-02T10:05:05.606032,4819.7,829.0,125.7,2.31,15.36,72.4,3295.7,-6.4,35.2,0.724,828.5,122.1,2.23,NONE,97.7,0.0,499.7
2026-09-02T10:05:06.606032,4780.9,819.9,120.8,2.12,14.8,72.4,3284.7,-6.4,35.2,0.724,828.2,121.9,2.2,NONE,99.9,0.0,499.7
2026-09-02T10:05:07.606032,4786.3,829.2,120.4,2.07,14.71,71.8,3291.3,-6.4,35.2,0.718,827.8,121.7,2.2,NONE,99.9,0.0,499.7
2026-09-02T10:05:08.606032,4775.8,826.2,120.3,2.22,14.31,72.6,3284.8,-6.4,35.3,0.726,828.4,122.0,2.2,NONE,99.0,0.0,499.7
2026-09-02T10:05:09.606032,4776.6,826.2,120.5,2.43,14.85,72.8,3279.9,-6.3,35.3,0.728,828.5,122.0,2.2,NONE,98.3,0.0,499.7
2026-09-02T10:05:10.606032,4774.6,830.6,119.1,2.32,14.27,71.2,3275.2,-6.3,35.1,0.712,827.3,121.5,2.19,NONE,98.7,0.0,499.7
2026-09-02T10:05:11.606032,4796.0,830.9,120.4,2.27,15.08,72.0,3269.5,-6.3,35.2,0.72,828.0,121.9,2.21,NONE,97.4,0.0,499.7
2026-09-02T10:05:12.606032,4771.8,828.6,116.8,2.13,15.06,71.7,3281.6,-6.3,35.2,0.717,827.6,121.7,2.19,NONE,98.2,0.0,499.7
2026-09-02T10:05:13.606032,4819.6,825.1,125.8,2.16,15.3,73.0,3274.8,-6.3,35.3,0.73,828.9,122.3,2.23,NONE,99.0,0.0,499.7
2026-09-02T10:05:14.606032,4796.9,830.4,121.8,2.09,14.76,71.6,3260.2,-6.2,35.2,0.716,827.6,121.8,2.21,NONE,97.1,0.0,499.7
2026-09-02T10:05:15.606032,4785.0,819.8,119.6,2.2,15.38,72.7,3253.3,-6.1,35.3,0.727,828.4,122.1,2.2,NONE,100.0,0.0,499.7
2026-09-02T10:05:16.606032,4807.6,825.1,118.7,2.09,14.57,71.8,3250.8,-6.1,35.2,0.718,827.8,121.9,2.22,NONE,99.1,0.0,499.7
2026-09-02T10:05:17.606032,4825.4,827.5,126.2,2.33,14.41,72.9,3251.6,-6.1,35.3,0.729,828.7,122.3,2.23,NONE,99.9,0.0,499.7
2026-09-02T10:05:18.606032,4786.4,825.0,121.4,2.3,15.15,72.3,3249.5,-6.1,35.2,0.723,828.1,122.0,2.2,NONE,97.8,0.0,499.7
2026-09-02T10:05:19.606032,4800.2,825.5,123.9,2.13,15.2,72.6,3236.1,-6.0,35.3,0.726,828.3,122.2,2.21,NONE,98.1,0.0,499.7
2026-09-02T10:05:20.606032,4828.8,829.8,120.1,2.15,14.66,72.5,3235.5,-6.0,35.2,0.725,828.4,122.3,2.23,NONE,97.1,0.0,499.7
2026-09-02T10:05:21.606032,4814.8,828.4,122.0,2.49,14.62,71.2,3225.1,-6.0,35.1,0.712,827.3,121.8,2.22,NONE,98.6,0.0,499.7
2026-09-02T10:05:22.606032,4776.9,825.5,123.0,2.17,14.46,71.5,3225.6,-6.0,35.1,0.715,827.3,121.7,2.2,NONE,97.0,0.0,499.7
2026-09-02T10:05:23.606032,4787.9,831.6,124.9,2.09,14.77,71.6,3223.2,-6.0,35.2,0.716,827.5,121.8,2.2,NONE,98.9,0.0,499.7
2026-09-02T10:05:24.606032,4772.3,826.7,119.5,2.32,15.11,72.3,3229.5,-6.0,35.2,0.723,827.9,122.0,2.19,NONE,98.7,0.0,499.7
2026-09-02T10:05:25.606032,4788.7,824.2,121.5,2.3,15.09,72.5,3208.8,-5.9,35.3,0.725,828.1,122.1,2.2,NONE,99.6,0.0,499.7
2026-09-02T10:05:26.606032,4824.7,834.6,119.5,2.31,14.89,71.3,3203.5,-5.8,35.1,0.713,827.4,121.9,2.23,NONE,98.0,0.0,499.7
2026-09-02T10:05:27.606032,4828.6,828.8,121.5,2.15,14.7,72.5,3196.4,-5.8,35.2,0.725,828.3,122.3,2.23,NONE,97.6,0.0,499.7
2026-09-02T10:05:28.606032,4813.5,830.1,122.4,2.13,14.86,72.1,3203.9,-5.8,35.2,0.721,827.9,122.1,2.22,NONE,98.3,0.0,499.7
2026-09-02T10:05:29.606032,4778.6,832.7,123.0,2.33,15.06,71.9,3199.0,-5.8,35.2,0.719,827.5,121.9,2.2,NONE,97.2,0.0,499.7
2026-09-02T10:05:30.606032,4771.8,832.1,123.1,2.33,14.89,72.6,3197.5,-5.8,35.3,0.726,828.0,122.1,2.19,NONE,99.1,0.0,499.7
2026-09-02T10:05:31.606032,4792.6,822.1,123.3,2.12,15.09,71.9,3188.3,-5.7,35.2,0.719,827.6,122.0,2.21,NONE,97.7,0.0,499.7
2026-09-02T10:05:32.606032,4811.4,827.6,120.1,2.31,14.51,72.8,3182.4,-5.7,35.3,0.728,828.3,122.4,2.22,NONE,98.9,0.0,499.7
2026-09-02T10:05:33.606032,4824.4,827.3,123.5,2.28,15.23,71.7,3173.7,-5.6,35.2,0.717,827.6,122.1,2.23,NONE,98.5,0.0,499.7
2026-09-02T10:05:34.606032,4827.0,829.9,120.2,2.3,14.93,72.9,3167.4,-5.6,35.3,0.729,828.4,122.5,2.23,NONE,98.1,0.0,499.7
2026-09-02T10:05:35.606032,4805.8,827.5,124.0,2.26,15.01,71.0,3164.4,-5.6,35.1,0.71,826.9,121.8,2.22,NONE,97.7,0.0,499.7
2026-09-02T10:05:36.606032,4790.4,830.8,120.6,2.31,15.43,72.2,3155.8,-5.5,35.2,0.722,827.7,122.2,2.21,NONE,99.6,0.0,499.7
2026-09-02T10:05:37.606032,4812.4,824.8,124.3,2.17,14.93,72.7,3153.0,-5.5,35.3,0.727,828.2,122.4,2.22,NONE,100.0,0.0,499.7
2026-09-02T10:05:38.606032,4823.9,827.9,123.5,2.27,15.5,71.9,3159.7,-5.5,35.2,0.719,827.7,122.2,2.23,NONE,97.4,0.0,499.7
2026-09-02T10:05:39.606032,4815.3,831.8,123.9,2.26,16.06,72.4,3138.6,-5.4,35.2,0.724,827.9,122.4,2.22,NONE,98.3,0.0,499.7
2026-09-02T10:05:40.606032,3240.7,782.4,104.2,1.21,10.44,45.2,3200.0,-5.8,32.5,0.452,785.2,106.9,1.28,NONE,97.5,0.0,499.7
2026-09-02T10:05:41.606032,3217.8,782.0,106.8,1.48,10.2,45.1,3175.0,-5.6,32.5,0.451,784.8,106.8,1.27,NONE,98.6,0.0,499.7
2026-09-02T10:05:42.606032,3172.2,786.7,105.4,1.3,9.24,43.5,3150.0,-5.5,32.3,0.435,781.9,106.1,1.25,NONE,98.4,0.0,499.7
2026-09-02T10:05:43.606032,3157.6,782.9,107.5,1.36,10.01,43.5,3125.0,-5.3,32.3,0.435,781.6,106.1,1.24,NONE,97.1,0.0,499.7
2026-09-02T10:05:44.606032,3161.3,779.6,105.8,1.16,10.46,45.5,3100.0,-5.2,32.6,0.455,784.5,106.8,1.24,NONE,99.0,0.0,499.7
2026-09-02T10:05:45.606032,3226.7,789.0,110.8,1.21,9.92,46.4,3075.0,-5.0,32.6,0.464,786.4,107.4,1.27,NONE,97.7,0.0,499.7
2026-09-02T10:05:46.606032,3248.5,790.4,109.6,1.31,9.56,46.4,3050.0,-4.8,32.6,0.464,786.5,107.6,1.28,NONE,97.6,0.0,499.7
2026-09-02T10:05:47.606032,3238.7,789.7,104.2,1.24,10.23,44.4,3025.0,-4.7,32.4,0.444,783.5,107.0,1.28,NONE,97.2,0.0,499.7
2026-09-02T10:05:48.606032,3236.9,788.2,105.2,1.36,10.65,46.4,3000.0,-4.5,32.6,0.464,786.2,107.6,1.28,NONE,97.0,0.0,499.7
2026-09-02T10:05:49.606032,3243.7,785.4,108.4,1.39,10.32,45.7,2975.0,-4.3,32.6,0.457,785.2,107.5,1.28,NONE,97.6,0.0,499.7
2026-09-02T10:05:50.606032,3211.7,777.1,104.5,1.13,9.96,45.2,2950.0,-4.2,32.5,0.452,784.1,107.2,1.27,NONE,99.7,0.0,499.7
2026-09-02T10:05:51.606032,3206.7,778.4,107.5,1.3,10.16,43.4,2925.0,-4.0,32.3,0.434,781.3,106.7,1.26,NONE,99.2,0.0,499.7
2026-09-02T10:05:52.606032,3199.8,779.1,107.2,1.42,10.43,46.2,2900.0,-3.8,32.6,0.462,785.2,107.6,1.26,NONE,97.0,0.0,499.7
2026-09-02T10:05:53.606032,3172.4,779.0,107.4,1.21,10.34,43.5,2875.0,-3.7,32.4,0.435,780.9,106.7,1.25,NONE,97.9,0.0,499.7
2026-09-02T10:05:54.606032,3184.4,780.3,108.6,1.3,10.19,43.9,2850.0,-3.5,32.4,0.439,781.5,106.9,1.25,NONE,97.1,0.0,499.7
2026-09-02T10:05:55.606032,3186.2,779.9,108.7,1.17,10.14,45.3,2825.0,-3.4,32.5,0.453,783.5,107.4,1.25,NONE,100.0,0.0,499.7
2026-09-02T10:05:56.606032,3246.1,784.1,103.0,1.28,10.42,43.6,2800.0,-3.2,32.4,0.436,781.6,107.2,1.28,NONE,99.6,0.0,499.7
2026-09-02T10:05:57.606032,3183.1,790.6,108.4,1.26,10.26,46.6,2775.0,-3.0,32.7,0.466,785.1,107.9,1.25,NONE,98.4,0.0,499.7
2026-09-02T10:05:58.606032,3239.1,782.6,109.7,1.26,10.32,45.2,2750.0,-2.9,32.5,0.452,783.7,107.8,1.28,NONE,98.5,0.0,499.7
2026-09-02T10:05:59.606032,3177.7,785.1,107.0,1.26,10.51,44.6,2725.0,-2.7,32.5,0.446,782.0,107.4,1.25,NONE,99.0,0.0,499.7
2026-09-02T10:06:00.606032,3244.1,782.1,108.8,1.22,10.33,45.5,2700.0,-2.6,32.5,0.455,784.0,108.0,1.28,NONE,99.7,0.0,499.7
2026-09-02T10:06:01.606032,3154.5,788.3,106.4,1.37,11.44,46.0,2675.0,-2.4,32.6,0.46,783.6,107.8,1.24,NONE,97.3,0.0,499.7
2026-09-02T10:06:02.606032,3161.4,790.0,107.4,1.45,10.66,45.3,2650.0,-2.2,32.5,0.453,782.6,107.7,1.24,NONE,99.6,0.0,499.7
2026-09-02T10:06:03.606032,3213.7,788.3,106.3,1.45,10.62,46.7,2625.0,-2.1,32.7,0.467,785.1,108.4,1.27,NONE,97.9,0.0,499.7
2026-09-02T10:06:04.606032,3226.7,775.3,108.9,1.35,10.19,45.1,2600.0,-1.9,32.5,0.451,782.9,108.0,1.27,NONE,99.6,0.0,499.7
2026-09-02T10:06:05.606032,3164.0,787.0,107.3,1.14,10.49,47.0,2575.0,-1.7,32.7,0.47,784.8,108.3,1.24,NONE,98.4,0.0,499.7
2026-09-02T10:06:06.606032,3215.3,780.0,108.6,1.11,10.32,45.5,2550.0,-1.6,32.6,0.455,783.1,108.1,1.27,NONE,99.4,0.0,499.7
2026-09-02T10:06:07.606032,3157.6,779.5,107.5,1.2,10.9,46.5,2525.0,-1.4,32.7,0.465,783.9,108.3,1.24,NONE,98.0,0.0,499.7
2026-09-02T10:06:08.606032,3193.2,779.9,107.9,1.19,10.13,43.7,2500.0,-1.2,32.4,0.437,780.1,107.6,1.26,NONE,97.6,0.0,499.7
2026-09-02T10:06:09.606032,3182.9,782.3,108.5,1.19,10.52,43.9,2475.0,-1.1,32.4,0.439,780.2,107.7,1.25,NONE,99.9,0.0,499.7
2026-09-02T10:06:10.606032,3244.5,781.6,107.9,1.26,10.78,43.6,2450.0,-0.9,32.4,0.436,780.3,107.9,1.28,NONE,98.9,0.0,499.7
2026-09-02T10:06:11.606032,3196.5,785.5,109.8,1.2,10.75,46.7,2425.0,-0.8,32.7,0.467,784.2,108.7,1.26,NONE,98.2,0.0,499.7
2026-09-02T10:06:12.606032,3204.5,787.3,110.0,1.26,10.26,44.0,2400.0,-0.6,32.4,0.44,780.3,107.9,1.26,NONE,98.7,0.0,499.7
2026-09-02T10:06:13.606032,3248.8,787.6,110.6,1.29,10.81,43.8,2375.0,-0.4,32.4,0.438,780.4,108.1,1.28,NONE,98.2,0.0,499.7
2026-09-02T10:06:14.606032,3177.8,783.8,111.0,1.21,10.9,46.5,2350.0,-0.3,32.7,0.465,783.5,108.7,1.25,NONE,98.0,0.0,499.7
2026-09-02T10:06:15.606032,3159.2,782.8,108.2,1.29,10.33,43.1,2325.0,-0.1,32.3,0.431,778.3,107.6,1.24,NONE,97.2,0.0,499.7
2026-09-02T10:06:16.606032,3197.0,778.8,107.3,1.4,11.02,45.9,2300.0,0.1,32.6,0.459,782.6,108.7,1.26,NONE,99.7,0.0,499.7
2026-09-02T10:06:17.606032,3194.6,783.6,106.0,1.28,10.72,46.0,2275.0,0.2,32.6,0.46,782.7,108.8,1.26,NONE,97.2,0.0,499.7
2026-09-02T10:06:18.606032,3194.8,778.9,109.6,1.12,10.32,45.2,2250.0,0.4,32.5,0.452,781.4,108.6,1.26,NONE,97.7,0.0,499.7
2026-09-02T10:06:19.606032,3172.2,777.5,107.7,1.28,10.67,43.5,2225.0,0.5,32.3,0.435,778.6,108.0,1.25,NONE,97.1,0.0,499.7
2026-09-02T10:06:20.606032,3241.5,774.3,110.1,1.17,10.68,43.3,2200.0,0.7,32.3,0.433,779.0,108.3,1.28,NONE,98.4,0.0,499.7
2026-09-02T10:06:21.606032,3208.7,782.2,111.7,1.29,11.48,45.9,2175.0,0.9,32.6,0.459,782.3,109.0,1.27,NONE,97.7,0.0,499.7
2026-09-02T10:06:22.606032,3213.0,783.3,110.8,1.17,11.18,46.3,2150.0,1.0,32.6,0.463,782.8,109.2,1.27,NONE,97.3,0.0,499.7
2026-09-02T10:06:23.606032,3247.6,784.8,107.4,1.22,9.94,43.4,2125.0,1.2,32.3,0.434,779.0,108.5,1.28,NONE,99.0,0.0,499.7
2026-09-02T10:06:24.606032,3235.4,780.9,109.5,1.1,10.33,43.6,2100.0,1.3,32.4,0.436,779.0,108.5,1.28,NONE,99.1,0.0,499.7
2026-09-02T10:06:25.606032,3222.6,785.9,111.8,1.31,10.47,46.9,2075.0,1.5,32.7,0.469,783.5,109.6,1.27,NONE,99.7,0.0,499.7
2026-09-02T10:06:26.606032,3228.5,785.0,107.8,1.16,10.97,43.3,2050.0,1.7,32.3,0.433,778.3,108.5,1.27,NONE,98.1,0.0,499.7
2026-09-02T10:06:27.606032,3209.7,786.7,106.7,1.11,10.55,46.7,2025.0,1.8,32.7,0.467,782.9,109.6,1.27,NONE,98.1,0.0,499.7
2026-09-02T10:06:28.606032,3176.3,782.2,111.1,1.37,10.16,45.7,2000.0,2.0,32.6,0.457,781.1,109.1,1.25,NONE,98.3,0.0,499.7
2026-09-02T10:06:29.606032,3177.7,789.0,105.7,1.06,10.84,46.7,1975.0,2.2,32.7,0.467,782.4,109.5,1.25,NONE,97.5,0.0,499.7
2026-09-02T10:06:30.606032,3243.5,782.2,110.6,1.3,11.01,46.5,1950.0,2.3,32.7,0.465,782.8,109.8,1.28,NONE,97.1,0.0,499.7
2026-09-02T10:06:31.606032,3158.6,782.3,110.3,1.29,10.29,43.6,1925.0,2.5,32.4,0.436,777.6,108.6,1.24,NONE,97.1,0.0,499.7
2026-09-02T10:06:32.606032,3242.5,789.4,108.4,1.4,10.68,43.2,1900.0,2.7,32.3,0.432,777.8,108.8,1.28,NONE,97.3,0.0,499.7
2026-09-02T10:06:33.606032,3164.7,778.0,109.9,1.16,11.45,46.5,1875.0,2.8,32.6,0.465,781.7,109.6,1.24,NONE,99.1,0.0,499.7
2026-09-02T10:06:34.606032,3249.9,787.7,108.8,1.26,11.5,44.9,1850.0,3.0,32.5,0.449,780.2,109.5,1.28,NONE,99.6,0.0,499.7
2026-09-02T10:06:35.606032,3171.6,781.5,109.4,1.38,10.94,45.1,1825.0,3.1,32.5,0.451,779.6,109.3,1.25,NONE,99.3,0.0,499.7
2026-09-02T10:06:36.606032,3202.3,786.4,111.2,1.33,10.6,46.8,1800.0,3.3,32.7,0.468,782.2,110.0,1.26,NONE,99.1,0.0,499.7
2026-09-02T10:06:37.606032,3167.1,778.1,111.1,1.35,10.86,45.3,1775.0,3.5,32.5,0.453,779.6,109.4,1.25,NONE,98.7,0.0,499.7
2026-09-02T10:06:38.606032,3210.9,778.2,111.8,1.33,11.12,45.6,1750.0,3.6,32.6,0.456,780.4,109.8,1.27,NONE,97.3,0.0,499.7
2026-09-02T10:06:39.606032,3247.2,776.8,113.2,1.32,11.07,44.4,1725.0,3.8,32.4,0.444,779.0,109.6,1.28,NONE,97.1,0.0,499.7
2026-09-02T10:06:40.606032,3242.7,778.0,109.4,1.3,11.61,43.1,1700.0,4.0,32.3,0.431,777.0,109.2,1.28,NONE,97.6,0.0,499.7
2026-09-02T10:06:41.606032,3248.8,781.8,111.5,1.18,10.8,46.8,1675.0,4.1,32.7,0.468,782.3,110.5,1.28,NONE,99.9,0.0,499.7
2026-09-02T10:06:42.606032,3181.3,777.2,108.8,1.25,10.72,43.9,1650.0,4.3,32.4,0.439,777.3,109.3,1.25,NONE,98.9,0.0,499.7
2026-09-02T10:06:43.606032,3157.2,774.7,111.6,1.38,10.67,45.2,1625.0,4.4,32.5,0.452,778.8,109.7,1.24,NONE,97.5,0.0,499.7
2026-09-02T10:06:44.606032,3206.7,777.6,108.6,1.23,11.42,44.7,1600.0,4.6,32.5,0.447,778.6,109.8,1.26,NONE,99.2,0.0,499.7
2026-09-02T10:06:45.606032,3194.4,779.3,112.4,1.2,11.5,46.8,1575.0,4.8,32.7,0.468,781.3,110.4,1.26,NONE,98.1,0.0,499.7
2026-09-02T10:06:46.606032,3181.3,775.3,111.3,1.3,11.06,43.6,1550.0,4.9,32.4,0.436,776.5,109.4,1.25,NONE,99.6,0.0,499.7
2026-09-02T10:06:47.606032,3230.6,779.0,106.4,1.36,11.76,46.2,1525.0,5.1,32.6,0.462,780.7,110.5,1.28,NONE,99.8,0.0,499.7
2026-09-02T10:06:48.606032,3157.1,777.1,107.6,1.28,10.92,44.3,1500.0,5.2,32.4,0.443,777.1,109.6,1.24,NONE,100.0,0.0,499.7
2026-09-02T10:06:49.606032,3208.8,780.2,112.8,1.3,11.24,46.0,1475.0,5.4,32.6,0.46,780.0,110.4,1.27,NONE,99.2,0.0,499.7
2026-09-02T10:06:50.606032,3166.0,777.1,111.9,1.2,11.07,43.2,1450.0,5.6,32.3,0.432,775.4,109.4,1.24,NONE,97.4,0.0,499.7
2026-09-02T10:06:51.606032,3208.0,771.3,107.6,1.21,11.1,43.6,1425.0,5.7,32.4,0.436,776.4,109.8,1.26,NONE,97.5,0.0,499.7
2026-09-02T10:06:52.606032,3194.9,783.3,110.4,1.14,11.78,44.6,1400.0,5.9,32.5,0.446,777.6,110.1,1.26,NONE,98.2,0.0,499.7
2026-09-02T10:06:53.606032,3244.1,780.9,115.1,1.45,11.22,46.3,1375.0,6.1,32.6,0.463,780.5,110.9,1.28,NONE,97.9,0.0,499.7
2026-09-02T10:06:54.606032,3183.6,777.0,106.4,1.09,11.39,43.2,1350.0,6.2,32.3,0.432,775.3,109.7,1.25,NONE,99.2,0.0,499.7
2026-09-02T10:06:55.606032,3211.5,779.7,109.0,1.35,11.89,45.6,1325.0,6.4,32.6,0.456,778.9,110.6,1.27,NONE,97.8,0.0,499.7
2026-09-02T10:06:56.606032,3248.1,781.7,106.6,1.34,11.46,46.1,1300.0,6.5,32.6,0.461,780.0,111.0,1.28,NONE,98.7,0.0,499.7
2026-09-02T10:06:57.606032,3157.5,774.1,108.3,1.27,11.22,46.5,1275.0,6.7,32.7,0.465,779.5,110.8,1.24,NONE,98.1,0.0,499.7
2026-09-02T10:06:58.606032,3224.3,777.7,111.9,1.12,11.7,46.8,1250.0,6.9,32.7,0.468,780.5,111.2,1.27,NONE,97.6,0.0,499.7
2026-09-02T10:06:59.606032,3204.4,775.1,110.8,1.22,11.21,45.7,1225.0,7.0,32.6,0.457,778.7,110.8,1.26,NONE,98.6,0.0,499.7
2026-09-02T10:07:00.606032,3241.8,781.8,113.8,1.4,12.33,46.7,1200.0,7.2,32.7,0.467,780.4,111.3,1.28,NONE,99.9,0.0,499.7
2026-09-02T10:07:01.606032,3217.4,779.3,106.1,1.3,11.3,45.6,1175.0,7.4,32.6,0.456,778.5,110.9,1.27,NONE,99.3,0.0,499.7
2026-09-02T10:07:02.606032,3202.5,781.2,114.3,1.27,11.01,45.4,1150.0,7.5,32.5,0.454,778.0,110.9,1.26,NONE,99.6,0.0,499.7
2026-09-02T10:07:03.606032,3249.7,776.4,109.8,1.21,11.66,45.9,1125.0,7.7,32.6,0.459,779.1,111.3,1.28,NONE,98.4,0.0,499.7
2026-09-02T10:07:04.606032,3195.9,777.7,112.5,1.21,11.78,46.3,1100.0,7.8,32.6,0.463,779.0,111.2,1.26,NONE,98.1,0.0,499.7
2026-09-02T10:07:05.606032,3194.3,770.0,109.4,1.29,11.04,43.6,1075.0,8.0,32.4,0.436,775.0,110.4,1.26,NONE,97.0,0.0,499.7
2026-09-02T10:07:06.606032,3177.6,784.1,110.8,1.33,11.96,46.9,1050.0,8.2,32.7,0.469,779.5,111.4,1.25,NONE,97.3,0.0,499.7
2026-09-02T10:07:07.606032,3221.9,773.9,113.3,1.49,11.24,45.4,1025.0,8.3,32.5,0.454,777.7,111.2,1.27,NONE,97.4,0.0,499.7
2026-09-02T10:07:08.606032,3220.2,773.5,113.6,1.29,11.79,43.8,1000.0,8.5,32.4,0.438,775.3,110.7,1.27,NONE,98.0,0.0,499.7
2026-09-02T10:07:09.606032,3245.9,780.0,111.7,1.07,11.64,46.7,975.0,8.7,32.7,0.467,779.6,111.8,1.28,NONE,99.0,0.0,499.7
2026-09-02T10:07:10.606032,3202.1,774.7,111.3,1.23,11.92,43.4,950.0,8.8,32.3,0.434,774.3,110.6,1.26,NONE,99.0,0.0,499.7
2026-09-02T10:07:11.606032,3200.3,772.9,110.8,1.03,11.23,46.0,925.0,9.0,32.6,0.46,778.0,111.5,1.26,NONE,98.6,0.0,499.7
2026-09-02T10:07:12.606032,3231.6,781.7,114.2,1.28,11.93,44.9,900.0,9.1,32.5,0.449,776.7,111.3,1.28,NONE,97.0,0.0,499.7
2026-09-02T10:07:13.606032,3176.8,778.7,112.2,1.38,10.73,43.3,875.0,9.3,32.3,0.433,773.7,110.6,1.25,NONE,99.2,0.0,499.7
2026-09-02T10:07:14.606032,3213.0,774.8,109.8,1.13,11.86,46.3,850.0,9.5,32.6,0.463,778.3,111.8,1.27,NONE,97.6,0.0,499.7
2026-09-02T10:07:15.606032,3170.9,774.1,109.5,1.37,11.95,44.2,825.0,9.6,32.4,0.442,774.7,111.0,1.25,NONE,97.4,0.0,499.7
2026-09-02T10:07:16.606032,3206.4,779.0,109.4,1.38,11.66,45.7,800.0,9.8,32.6,0.457,777.2,111.7,1.26,NONE,98.8,0.0,499.7
2026-09-02T10:07:17.606032,3156.0,774.6,113.9,1.08,11.56,44.9,775.0,10.0,32.5,0.449,775.4,111.3,1.24,NONE,97.1,0.0,499.7
2026-09-02T10:07:18.606032,3161.5,770.1,111.2,1.21,12.09,46.2,750.0,10.1,32.6,0.462,777.3,111.7,1.24,NONE,98.0,0.0,499.7
2026-09-02T10:07:19.606032,3182.5,781.1,114.1,1.38,12.29,46.5,725.0,10.3,32.6,0.465,777.8,112.0,1.25,NONE,97.2,0.0,499.7
2026-09-02T10:07:20.606032,3188.1,780.5,108.2,1.16,11.27,43.3,700.0,10.4,32.3,0.433,773.2,111.0,1.26,NONE,97.3,0.0,499.7
2026-09-02T10:07:21.606032,3220.3,779.4,111.8,1.29,12.05,44.5,675.0,10.6,32.4,0.445,775.2,111.6,1.27,NONE,98.8,0.0,499.7
2026-09-02T10:07:22.606032,3224.8,776.7,106.9,1.17,11.28,43.9,650.0,10.8,32.4,0.439,774.3,111.5,1.27,NONE,98.1,0.0,499.7
2026-09-02T10:07:23.606032,3203.5,780.1,113.6,1.16,11.92,43.3,625.0,10.9,32.3,0.433,773.1,111.3,1.26,NONE,99.3,0.0,499.7
2026-09-02T10:07:24.606032,3175.3,777.6,114.4,1.25,11.56,45.2,600.0,11.1,32.5,0.452,775.5,111.8,1.25,NONE,99.5,0.0,499.7
2026-09-02T10:07:25.606032,3207.0,771.7,111.0,1.37,12.25,44.2,575.0,11.3,32.4,0.442,774.3,111.7,1.26,NONE,99.5,0.0,499.7
2026-09-02T10:07:26.606032,3244.8,773.4,112.5,1.26,11.82,46.8,550.0,11.4,32.7,0.468,778.3,112.7,1.28,NONE,99.8,0.0,499.7
2026-09-02T10:07:27.606032,3215.6,773.9,111.4,1.44,11.8,43.5,525.0,11.6,32.4,0.435,773.2,111.6,1.27,NONE,98.8,0.0,499.7
2026-09-02T10:07:28.606032,3239.6,768.2,112.3,1.24,12.19,46.9,500.0,11.8,32.7,0.469,778.2,112.8,1.28,NONE,99.1,0.0,499.7
2026-09-02T10:07:29.606032,3227.8,776.7,114.4,1.4,11.2,43.1,475.0,11.9,32.3,0.431,772.5,111.6,1.27,NONE,98.3,0.0,499.7
2026-09-02T10:07:30.606032,3156.5,771.1,111.8,1.2,11.39,43.8,450.0,12.1,32.4,0.438,772.7,111.6,1.24,NONE,98.7,0.0,499.7
2026-09-02T10:07:31.606032,3164.4,780.7,108.7,1.29,12.24,45.4,425.0,12.2,32.5,0.454,775.0,112.1,1.24,NONE,98.1,0.0,499.7
2026-09-02T10:07:32.606032,3174.8,782.4,114.9,1.14,12.38,46.7,400.0,12.4,32.7,0.467,776.9,112.6,1.25,NONE,98.3,0.0,499.7
2026-09-02T10:07:33.606032,3187.1,770.8,112.3,1.12,12.03,44.3,375.0,12.6,32.4,0.443,773.5,112.0,1.25,NONE,98.6,0.0,499.7
2026-09-02T10:07:34.606032,3155.8,775.0,112.1,1.21,12.08,46.9,350.0,12.7,32.7,0.469,776.8,112.7,1.24,NONE,97.7,0.0,499.7
2026-09-02T10:07:35.606032,3240.3,772.5,111.5,1.23,12.08,45.5,325.0,12.9,32.5,0.455,775.6,112.7,1.28,NONE,99.1,0.0,499.7
2026-09-02T10:07:36.606032,3238.3,776.3,114.1,1.28,11.62,44.2,300.0,13.1,32.4,0.442,773.6,112.3,1.28,NONE,99.3,0.0,499.7
2026-09-02T10:07:37.606032,3214.5,782.4,113.8,1.44,12.09,45.7,275.0,13.2,32.6,0.457,775.4,112.8,1.27,NONE,98.6,0.0,499.7
2026-09-02T10:07:38.606032,3224.8,767.8,111.7,1.31,12.11,46.7,250.0,13.4,32.7,0.467,776.9,113.2,1.27,NONE,97.4,0.0,499.7
2026-09-02T10:07:39.606032,3175.0,779.2,110.5,1.17,11.84,44.6,225.0,13.5,32.5,0.446,773.3,112.3,1.25,NONE,99.7,0.0,499.7
2026-09-02T10:07:40.606032,5430.4,825.4,141.2,2.54,23.91,90.3,100.0,14.3,37.0,0.903,828.7,136.7,2.69,NONE,99.8,0.0,499.7
2026-09-02T10:07:41.606032,5367.7,830.4,135.4,2.42,24.25,91.3,115.0,14.3,37.1,0.913,828.9,136.8,2.64,NONE,98.6,0.0,499.7
2026-09-02T10:07:42.606032,5379.0,827.8,137.3,2.62,23.59,90.6,130.0,14.2,37.1,0.906,828.8,136.6,2.65,NONE,99.3,0.0,499.7
2026-09-02T10:07:43.606032,5378.2,831.1,134.9,2.86,23.19,90.5,145.0,14.1,37.1,0.905,828.8,136.5,2.65,NONE,98.9,0.0,499.7
2026-09-02T10:07:44.606032,5419.8,830.2,139.5,2.74,24.15,90.9,160.0,14.0,37.1,0.909,829.0,136.8,2.68,NONE,97.7,0.0,499.7
2026-09-02T10:07:45.606032,5444.7,827.3,141.6,2.69,24.58,92.2,175.0,13.9,37.2,0.922,829.4,137.3,2.7,NONE,97.4,0.0,499.7
2026-09-02T10:07:46.606032,5426.2,832.2,132.3,2.6,24.05,93.0,190.0,13.8,37.3,0.93,829.6,137.4,2.69,NONE,97.9,0.0,499.7
2026-09-02T10:07:47.606032,5390.0,831.0,135.6,2.51,23.68,90.2,205.0,13.7,37.0,0.902,828.9,136.3,2.66,NONE,98.3,0.0,499.7
2026-09-02T10:07:48.606032,5423.2,829.4,139.1,2.65,24.21,92.1,220.0,13.6,37.2,0.921,829.5,137.0,2.69,NONE,97.4,0.0,499.7
2026-09-02T10:07:49.606032,5408.3,833.0,134.6,2.61,23.56,90.2,235.0,13.5,37.0,0.902,829.1,136.3,2.67,NONE,99.9,0.0,499.7
2026-09-02T10:07:50.606032,5429.4,827.3,132.9,2.71,23.25,91.1,250.0,13.4,37.1,0.911,829.4,136.7,2.69,NONE,97.4,0.0,499.7
2026-09-02T10:07:51.606032,5427.1,830.0,137.0,2.76,23.72,92.2,265.0,13.3,37.2,0.922,829.7,137.0,2.69,NONE,97.2,0.0,499.7
2026-09-02T10:07:52.606032,5354.5,834.5,135.6,2.65,24.14,94.0,280.0,13.2,37.4,0.94,830.0,137.2,2.63,NONE,98.4,0.0,499.7
2026-09-02T10:07:53.606032,5388.9,834.1,137.2,2.63,24.13,93.9,295.0,13.1,37.4,0.939,830.1,137.3,2.66,NONE,99.7,0.0,499.7
2026-09-02T10:07:54.606032,5387.2,836.0,137.8,2.62,24.03,92.9,310.0,13.0,37.3,0.929,830.0,137.0,2.66,NONE,99.1,0.0,499.7
2026-09-02T10:07:55.606032,5443.2,835.1,137.2,2.67,23.88,91.0,325.0,12.9,37.1,0.91,829.7,136.6,2.7,NONE,97.2,0.0,499.7
2026-09-02T10:07:56.606032,5430.0,832.5,132.0,2.66,23.64,91.5,340.0,12.8,37.1,0.915,829.8,136.6,2.69,NONE,98.6,0.0,499.7
2026-09-02T10:07:57.606032,5368.5,819.5,135.1,2.46,23.5,92.5,355.0,12.7,37.3,0.925,830.0,136.7,2.64,NONE,98.8,0.0,499.7
2026-09-02T10:07:58.606032,5350.3,829.0,141.3,2.73,23.12,91.5,370.0,12.6,37.2,0.915,829.8,136.2,2.63,NONE,97.5,0.0,499.7
2026-09-02T10:07:59.606032,5430.5,826.5,141.2,2.55,23.81,93.8,385.0,12.5,37.4,0.938,830.5,137.3,2.69,NONE,97.5,0.0,499.7
2026-09-02T10:08:00.606032,5408.9,826.6,138.3,2.67,23.07,90.2,400.0,12.4,37.0,0.902,829.7,136.0,2.67,NONE,98.2,0.0,499.7
2026-09-02T10:08:01.606032,5399.6,832.1,134.7,2.69,23.9,93.8,415.0,12.3,37.4,0.938,830.5,137.1,2.67,NONE,99.0,0.0,499.7
2026-09-02T10:08:02.606032,5371.6,827.8,138.8,2.7,23.3,91.2,430.0,12.2,37.1,0.912,829.9,136.1,2.64,NONE,99.4,0.0,499.7
2026-09-02T10:08:03.606032,5440.4,828.1,134.5,2.89,23.67,91.9,445.0,12.1,37.2,0.919,830.3,136.6,2.7,NONE,98.5,0.0,499.7
2026-09-02T10:08:04.606032,5388.1,828.5,132.1,2.82,22.72,91.5,460.0,12.0,37.1,0.915,830.2,136.2,2.66,NONE,97.5,0.0,499.7
2026-09-02T10:08:05.606032,5350.6,828.8,136.1,2.77,23.29,92.2,475.0,11.9,37.2,0.922,830.3,136.2,2.63,NONE,98.0,0.0,499.7
2026-09-02T10:08:06.606032,5440.3,827.2,138.3,2.78,23.94,93.6,490.0,11.8,37.4,0.936,830.8,137.0,2.7,NONE,97.3,0.0,499.7
2026-09-02T10:08:07.606032,5428.6,835.7,138.1,2.71,23.69,92.1,505.0,11.7,37.2,0.921,830.5,136.5,2.69,NONE,98.0,0.0,499.7
2026-09-02T10:08:08.606032,5401.8,827.8,138.7,2.71,23.11,90.8,520.0,11.6,37.1,0.908,830.2,135.9,2.67,NONE,97.3,0.0,499.7
2026-09-02T10:08:09.606032,5390.1,824.4,133.8,2.76,23.47,93.7,535.0,11.5,37.4,0.937,830.9,136.8,2.66,NONE,98.0,0.0,499.7
2026-09-02T10:08:10.606032,5436.2,826.5,135.5,2.78,23.7,93.8,550.0,11.4,37.4,0.938,831.1,137.0,2.7,NONE,98.9,0.0,499.7
2026-09-02T10:08:11.606032,5444.8,824.1,134.8,2.76,23.46,92.1,565.0,11.3,37.2,0.921,830.8,136.4,2.7,NONE,99.8,0.0,499.7
2026-09-02T10:08:12.606032,5360.9,833.6,138.0,2.58,23.12,93.4,580.0,11.2,37.3,0.934,831.0,136.5,2.64,NONE,97.3,0.0,499.7
2026-09-02T10:08:13.606032,5357.9,827.2,134.9,2.66,23.15,92.0,595.0,11.1,37.2,0.92,830.7,136.0,2.63,NONE,98.5,0.0,499.7
2026-09-02T10:08:14.606032,5353.6,828.8,133.2,2.6,23.22,91.8,610.0,11.0,37.2,0.918,830.7,135.9,2.63,NONE,98.1,0.0,499.7
2026-09-02T10:08:15.606032,5425.6,834.0,138.2,2.8,23.28,92.8,625.0,10.9,37.3,0.928,831.1,136.5,2.69,NONE,97.3,0.0,499.7
2026-09-02T10:08:16.606032,5426.6,828.8,136.0,2.8,23.14,92.6,640.0,10.8,37.3,0.926,831.1,136.4,2.69,NONE,98.5,0.0,499.7
2026-09-02T10:08:17.606032,5447.5,830.0,133.8,2.6,23.46,93.2,655.0,10.7,37.3,0.932,831.3,136.6,2.71,NONE,99.4,0.0,499.7
2026-09-02T10:08:18.606032,5369.2,828.3,134.0,2.61,23.16,90.6,670.0,10.6,37.1,0.906,830.6,135.4,2.64,NONE,99.5,0.0,499.7
2026-09-02T10:08:19.606032,5446.1,827.1,136.8,2.89,23.3,92.5,685.0,10.5,37.2,0.925,831.3,136.3,2.7,NONE,99.1,0.0,499.7
2026-09-02T10:08:20.606032,5441.6,832.4,135.0,2.64,22.6,90.1,700.0,10.4,37.0,0.901,830.7,135.5,2.7,NONE,98.1,0.0,499.7
2026-09-02T10:08:21.606032,5427.6,828.5,135.8,2.58,22.87,93.1,715.0,10.4,37.3,0.931,831.5,136.4,2.69,NONE,98.5,0.0,499.7
2026-09-02T10:08:22.606032,5412.8,828.5,140.9,2.6,22.93,92.7,730.0,10.3,37.3,0.927,831.4,136.2,2.68,NONE,97.5,0.0,499.7
2026-09-02T10:08:23.606032,5393.6,832.2,138.1,2.82,23.01,93.0,745.0,10.2,37.3,0.93,831.5,136.1,2.66,NONE,97.3,0.0,499.7
2026-09-02T10:08:24.606032,5354.8,825.2,137.4,2.58,22.75,91.9,760.0,10.1,37.2,0.919,831.3,135.6,2.63,NONE,98.4,0.0,499.7
2026-09-02T10:08:25.606032,5354.6,834.2,133.9,2.6,22.22,91.5,775.0,10.0,37.2,0.915,831.2,135.4,2.63,NONE,98.7,0.0,499.7
2026-09-02T10:08:26.606032,5409.5,825.4,135.2,2.67,22.83,93.4,790.0,9.9,37.3,0.934,831.8,136.3,2.67,NONE,97.9,0.0,499.7
2026-09-02T10:08:27.606032,5434.5,829.2,138.2,2.73,22.76,93.3,805.0,9.8,37.3,0.933,831.9,136.3,2.69,NONE,97.2,0.0,499.7
2026-09-02T10:08:28.606032,5402.5,835.9,135.9,2.64,22.37,91.3,820.0,9.7,37.1,0.913,831.4,135.5,2.67,NONE,97.9,0.0,499.7
2026-09-02T10:08:29.606032,5366.2,832.3,133.8,2.58,22.47,91.8,835.0,9.6,37.2,0.918,831.5,135.5,2.64,NONE,97.7,0.0,499.7
2026-09-02T10:08:30.606032,5439.9,827.1,133.0,2.76,22.54,91.0,850.0,9.5,37.1,0.91,831.5,135.5,2.7,NONE,98.4,0.0,499.7
2026-09-02T10:08:31.606032,5432.3,830.8,136.1,2.74,23.56,92.9,865.0,9.4,37.3,0.929,832.0,136.0,2.69,NONE,98.8,0.0,499.7
2026-09-02T10:08:32.606032,5375.8,832.7,135.6,2.74,22.7,92.3,880.0,9.3,37.2,0.923,831.8,135.6,2.65,NONE,99.9,0.0,499.7
2026-09-02T10:08:33.606032,5360.1,835.2,134.3,2.7,22.35,90.2,895.0,9.2,37.0,0.902,831.3,134.8,2.64,NONE,98.5,0.0,499.7
2026-09-02T10:08:34.606032,5371.4,833.2,137.5,2.59,21.92,91.2,910.0,9.1,37.1,0.912,831.6,135.2,2.64,NONE,98.2,0.0,499.7
2026-09-02T10:08:35.606032,5405.2,836.9,138.3,2.66,21.84,90.3,925.0,9.0,37.0,0.903,831.5,135.0,2.67,NONE,99.2,0.0,499.7
2026-09-02T10:08:36.606032,5405.7,827.8,133.4,2.87,22.31,92.9,940.0,8.9,37.3,0.929,832.2,135.8,2.67,NONE,97.7,0.0,499.7
2026-09-02T10:08:37.606032,5426.0,831.2,132.7,2.69,21.9,90.0,955.0,8.8,37.0,0.9,831.6,134.9,2.69,NONE,97.0,0.0,499.7
2026-09-02T10:08:38.606032,5397.8,834.3,137.2,2.69,21.9,90.9,970.0,8.7,37.1,0.909,831.8,135.1,2.67,NONE,98.2,0.0,499.7
2026-09-02T10:08:39.606032,5400.6,830.7,134.0,2.55,22.22,92.3,985.0,8.6,37.2,0.923,832.2,135.5,2.67,NONE,98.5,0.0,499.7
2026-09-02T10:08:40.606032,5099.5,827.6,131.3,2.61,20.68,85.1,1000.0,8.5,36.5,0.851,829.1,131.9,2.43,NONE,97.5,0.0,499.7
2026-09-02T10:08:41.606032,5116.8,834.3,131.1,2.38,21.11,86.5,1025.0,8.3,36.6,0.865,829.9,132.3,2.45,NONE,99.4,0.0,499.6
2026-09-02T10:08:42.606032,5126.2,829.5,130.7,2.29,20.07,83.6,1050.0,8.2,36.4,0.836,828.7,131.4,2.45,NONE,97.4,0.0,499.6
2026-09-02T10:08:43.606032,5079.2,829.8,131.4,2.35,20.55,85.4,1075.0,8.0,36.5,0.854,829.5,131.7,2.42,NONE,98.3,0.0,499.6
2026-09-02T10:08:44.606032,5100.9,825.3,130.3,2.41,20.14,83.9,1100.0,7.8,36.4,0.839,829.0,131.3,2.43,NONE,97.3,0.0,499.6
2026-09-02T10:08:45.606032,5138.3,834.7,128.8,2.47,20.81,85.0,1125.0,7.7,36.5,0.85,829.7,131.8,2.46,NONE,99.6,0.0,499.6
2026-09-02T10:08:46.606032,5104.6,826.7,129.9,2.51,20.23,85.5,1150.0,7.5,36.6,0.855,829.8,131.7,2.44,NONE,97.3,0.0,499.6
2026-09-02T10:08:47.606032,5077.7,825.1,131.0,2.56,20.01,84.9,1175.0,7.4,36.5,0.849,829.6,131.4,2.42,NONE,97.5,0.0,499.6
2026-09-02T10:08:48.606032,5102.8,832.4,130.5,2.63,20.1,85.5,1200.0,7.2,36.6,0.855,830.0,131.6,2.44,NONE,99.7,0.0,499.6
2026-09-02T10:08:49.606032,5127.4,832.4,133.5,2.42,20.26,84.1,1225.0,7.0,36.4,0.841,829.6,131.2,2.45,NONE,98.0,0.0,499.6
2026-09-02T10:08:50.606032,5090.8,834.3,134.1,2.41,20.57,86.5,1250.0,6.9,36.6,0.865,830.6,131.8,2.43,NONE,97.1,0.0,499.6
2026-09-02T10:08:51.606032,5062.7,827.9,130.4,2.24,19.61,84.5,1275.0,6.7,36.4,0.845,829.7,131.0,2.4,NONE,99.6,0.0,499.6
2026-09-02T10:08:52.606032,5098.7,830.8,129.1,2.52,20.02,84.3,1300.0,6.5,36.4,0.843,829.8,131.0,2.43,NONE,97.6,0.0,499.6
2026-09-02T10:08:53.606032,5061.4,830.6,132.8,2.47,19.68,85.3,1325.0,6.4,36.5,0.853,830.2,131.1,2.4,NONE,99.1,0.0,499.6
2026-09-02T10:08:54.606032,5119.6,832.7,131.3,2.55,19.53,84.2,1350.0,6.2,36.4,0.842,830.0,131.0,2.45,NONE,97.8,0.0,499.6
2026-09-02T10:08:55.606032,5065.2,827.3,129.2,2.35,19.92,84.1,1375.0,6.1,36.4,0.841,829.9,130.7,2.41,NONE,98.1,0.0,499.6
2026-09-02T10:08:56.606032,5066.9,829.8,130.1,2.33,20.01,85.3,1400.0,5.9,36.5,0.853,830.5,131.0,2.41,NONE,98.1,0.0,499.6
2026-09-02T10:08:57.606032,5076.1,832.5,131.1,2.4,20.31,84.9,1425.0,5.7,36.5,0.849,830.5,130.9,2.41,NONE,97.6,0.0,499.6
2026-09-02T10:08:58.606032,5077.7,830.7,129.1,2.44,19.94,86.5,1450.0,5.6,36.6,0.865,831.2,131.3,2.42,NONE,98.7,0.0,499.6
2026-09-02T10:08:59.606032,5068.0,827.0,130.3,2.25,19.7,85.7,1475.0,5.4,36.6,0.857,831.0,131.0,2.41,NONE,97.8,0.0,499.6
2026-09-02T10:09:00.606032,5123.5,833.1,127.3,2.45,19.36,85.5,1500.0,5.2,36.5,0.855,831.1,131.1,2.45,NONE,98.4,0.0,499.6
2026-09-02T10:09:01.606032,5077.5,832.1,128.3,2.39,19.6,85.5,1525.0,5.1,36.5,0.855,831.1,130.9,2.42,NONE,99.8,0.0,499.6
2026-09-02T10:09:02.606032,5074.6,836.8,131.7,2.35,20.12,84.7,1550.0,4.9,36.5,0.847,830.8,130.5,2.41,NONE,99.5,0.0,499.6
2026-09-02T10:09:03.606032,5094.2,829.8,129.6,2.32,18.83,83.7,1575.0,4.8,36.4,0.837,830.5,130.3,2.43,NONE,99.8,0.0,499.6
2026-09-02T10:09:04.606032,5080.7,832.6,133.3,2.39,19.85,86.5,1600.0,4.6,36.6,0.865,831.8,131.0,2.42,NONE,98.7,0.0,499.6
2026-09-02T10:09:05.606032,5068.5,837.3,130.9,2.23,19.43,84.5,1625.0,4.4,36.4,0.845,831.0,130.3,2.41,NONE,98.6,0.0,499.6
2026-09-02T10:09:06.606032,5108.4,831.4,129.9,2.22,19.61,86.0,1650.0,4.3,36.6,0.86,831.8,130.9,2.44,NONE,99.7,0.0,499.6
2026-09-02T10:09:07.606032,5085.6,831.2,130.4,2.4,19.24,85.5,1675.0,4.1,36.6,0.855,831.6,130.6,2.42,NONE,97.1,0.0,499.6
2026-09-02T10:09:08.606032,5114.3,835.2,129.1,2.49,19.76,85.6,1700.0,4.0,36.6,0.856,831.8,130.7,2.44,NONE,97.1,0.0,499.6
2026-09-02T10:09:09.606032,5122.1,835.3,131.0,2.36,19.52,84.6,1725.0,3.8,36.5,0.846,831.5,130.4,2.45,NONE,99.4,0.0,499.6
2026-09-02T10:09:10.606032,5062.6,833.6,125.7,2.36,19.33,84.6,1750.0,3.6,36.5,0.846,831.4,130.1,2.4,NONE,98.9,0.0,499.6
2026-09-02T10:09:11.606032,5082.4,830.9,137.5,2.39,19.24,85.4,1775.0,3.5,36.5,0.854,831.9,130.3,2.42,NONE,99.1,0.0,499.6
2026-09-02T10:09:12.606032,5100.4,833.6,125.1,2.64,18.47,84.2,1800.0,3.3,36.4,0.842,831.5,130.0,2.43,NONE,98.3,0.0,499.6
2026-09-02T10:09:13.606032,5101.5,840.2,128.1,2.5,19.16,85.0,1825.0,3.1,36.5,0.85,832.0,130.2,2.43,NONE,99.3,0.0,499.6
2026-09-02T10:09:14.606032,5090.2,833.2,131.3,2.28,19.3,85.4,1850.0,3.0,36.5,0.854,832.2,130.2,2.43,NONE,97.1,0.0,499.6
2026-09-02T10:09:15.606032,5076.9,829.0,131.7,2.46,19.2,85.3,1875.0,2.8,36.5,0.853,832.2,130.1,2.42,NONE,100.0,0.0,499.6
2026-09-02T10:09:16.606032,5113.2,833.6,132.6,2.45,19.41,85.2,1900.0,2.7,36.5,0.852,832.4,130.2,2.44,NONE,99.7,0.0,499.6
2026-09-02T10:09:17.606032,5063.1,835.7,127.7,2.32,18.8,86.3,1925.0,2.5,36.6,0.863,832.8,130.2,2.41,NONE,98.2,0.0,499.6
2026-09-02T10:09:18.606032,5087.8,840.7,129.9,2.35,19.29,85.8,1950.0,2.3,36.6,0.858,832.7,130.1,2.42,NONE,98.3,0.0,499.6
2026-09-02T10:09:19.606032,5065.2,831.1,132.9,2.43,18.87,85.4,1975.0,2.2,36.5,0.854,832.6,129.9,2.41,NONE,98.8,0.0,499.6
2026-09-02T10:09:20.606032,5069.3,835.5,130.5,2.37,19.18,85.8,2000.0,2.0,36.6,0.858,832.8,130.0,2.41,NONE,99.1,0.0,499.6
2026-09-02T10:09:21.606032,5065.9,833.3,131.5,2.57,19.04,85.2,2025.0,1.8,36.5,0.852,832.7,129.7,2.41,NONE,97.5,0.0,499.6
2026-09-02T10:09:22.606032,5088.2,839.7,131.0,2.55,18.65,84.1,2050.0,1.7,36.4,0.841,832.3,129.4,2.42,NONE,98.8,0.0,499.6
2026-09-02T10:09:23.606032,5101.8,839.4,129.5,2.53,18.99,84.2,2075.0,1.5,36.4,0.842,832.5,129.5,2.43,NONE,98.3,0.0,499.6
2026-09-02T10:09:24.606032,5079.4,827.6,131.4,2.34,18.28,84.2,2100.0,1.3,36.4,0.842,832.5,129.3,2.42,NONE,97.3,0.0,499.6
2026-09-02T10:09:25.606032,5085.2,834.2,130.9,2.36,17.94,85.0,2125.0,1.2,36.5,0.85,833.0,129.5,2.42,NONE,100.0,0.0,499.6
2026-09-02T10:09:26.606032,5071.3,839.8,124.9,2.24,18.19,85.1,2150.0,1.0,36.5,0.851,833.1,129.5,2.41,NONE,99.5,0.0,499.6
2026-09-02T10:09:27.606032,5077.2,828.8,127.9,2.52,18.33,84.4,2175.0,0.9,36.4,0.844,832.9,129.2,2.42,NONE,98.3,0.0,499.6
2026-09-02T10:09:28.606032,5065.6,838.9,127.4,2.43,18.78,83.9,2200.0,0.7,36.4,0.839,832.7,129.0,2.41,NONE,98.7,0.0,499.6
2026-09-02T10:09:29.606032,5129.4,834.0,128.5,2.25,17.76,84.5,2225.0,0.5,36.4,0.845,833.3,129.4,2.46,NONE,97.1,0.0,499.6
2026-09-02T10:09:30.606032,5066.3,831.4,129.0,2.41,18.44,86.0,2250.0,0.4,36.6,0.86,833.8,129.5,2.41,NONE,100.0,0.0,499.6
2026-09-02T10:09:31.606032,5061.2,835.8,130.6,2.44,18.47,84.5,2275.0,0.2,36.5,0.845,833.2,129.0,2.4,NONE,98.6,0.0,499.6
2026-09-02T10:09:32.606032,5111.3,827.9,128.0,2.56,18.09,83.9,2300.0,0.1,36.4,0.839,833.2,128.9,2.44,NONE,98.5,0.0,499.6
2026-09-02T10:09:33.606032,5066.6,831.2,128.0,2.52,18.86,86.1,2325.0,-0.1,36.6,0.861,834.1,129.4,2.41,NONE,98.1,0.0,499.6
2026-09-02T10:09:34.606032,5106.9,822.8,128.3,2.41,18.23,83.8,2350.0,-0.3,36.4,0.838,833.3,128.8,2.44,NONE,99.9,0.0,499.6
2026-09-02T10:09:35.606032,5074.4,837.9,127.7,2.59,18.26,84.6,2375.0,-0.4,36.5,0.846,833.6,128.9,2.41,NONE,98.1,0.0,499.6
2026-09-02T10:09:36.606032,5063.3,835.8,130.2,2.56,18.36,85.4,2400.0,-0.6,36.5,0.854,834.0,129.0,2.41,NONE,99.8,0.0,499.6
2026-09-02T10:09:37.606032,5104.9,839.7,130.1,2.56,18.89,84.4,2425.0,-0.8,36.4,0.844,833.8,128.8,2.44,NONE,97.3,0.0,499.6
2026-09-02T10:09:38.606032,5077.8,835.0,126.7,2.49,18.11,86.0,2450.0,-0.9,36.6,0.86,834.5,129.2,2.42,NONE,97.8,0.0,499.6
2026-09-02T10:09:39.606032,5132.1,835.8,130.3,2.46,17.71,83.6,2475.0,-1.1,36.4,0.836,833.7,128.6,2.46,NONE,97.6,0.0,499.6
2026-09-02T10:09:40.606032,5120.8,837.5,129.3,2.55,17.57,83.8,2500.0,-1.2,36.4,0.838,833.9,128.6,2.45,NONE,99.7,0.0,499.6
2026-09-02T10:09:41.606032,5128.7,835.1,127.9,2.33,17.99,85.3,2525.0,-1.4,36.5,0.853,834.6,129.0,2.45,NONE,97.4,0.0,499.6
2026-09-02T10:09:42.606032,5121.5,837.8,129.5,2.21,17.73,84.9,2550.0,-1.6,36.5,0.849,834.5,128.8,2.45,NONE,99.1,0.0,499.6
2026-09-02T10:09:43.606032,5111.2,830.0,131.8,2.46,18.3,86.4,2575.0,-1.7,36.6,0.864,835.2,129.2,2.44,NONE,97.8,0.0,499.6
2026-09-02T10:09:44.606032,5123.6,829.3,127.6,2.48,17.77,84.2,2600.0,-1.9,36.4,0.842,834.4,128.5,2.45,NONE,98.1,0.0,499.6
2026-09-02T10:09:45.606032,5118.0,830.9,130.8,2.57,18.03,85.1,2625.0,-2.1,36.5,0.851,834.9,128.7,2.45,NONE,97.9,0.0,499.6
2026-09-02T10:09:46.606032,5131.7,840.0,127.1,2.41,17.9,85.3,2650.0,-2.2,36.5,0.853,835.1,128.8,2.46,NONE,98.2,0.0,499.6
2026-09-02T10:09:47.606032,5128.8,827.4,128.8,2.59,17.62,84.1,2675.0,-2.4,36.4,0.841,834.6,128.3,2.45,NONE,98.9,0.0,499.6
2026-09-02T10:09:48.606032,5097.6,830.8,126.5,2.51,17.09,83.9,2700.0,-2.6,36.4,0.839,834.5,128.1,2.43,NONE,97.2,0.0,499.6
2026-09-02T10:09:49.606032,5076.5,838.5,127.9,2.45,17.66,85.7,2725.0,-2.7,36.6,0.857,835.4,128.5,2.42,NONE,99.4,0.0,499.6
2026-09-02T10:09:50.606032,5116.2,831.8,127.5,2.53,17.89,85.0,2750.0,-2.9,36.5,0.85,835.3,128.4,2.45,NONE,97.5,0.0,499.6
2026-09-02T10:09:51.606032,5073.3,837.4,124.0,2.42,17.15,84.2,2775.0,-3.0,36.4,0.842,834.9,127.9,2.41,NONE,99.2,0.0,499.6
2026-09-02T10:09:52.606032,5099.6,833.0,127.2,2.42,17.86,85.9,2800.0,-3.2,36.6,0.859,835.8,128.5,2.43,NONE,98.6,0.0,499.6
2026-09-02T10:09:53.606032,5072.1,831.8,131.8,2.39,16.79,83.7,2825.0,-3.4,36.4,0.837,834.8,127.7,2.41,NONE,98.4,0.0,499.6
2026-09-02T10:09:54.606032,5113.5,838.3,127.5,2.57,17.28,84.2,2850.0,-3.5,36.4,0.842,835.3,128.0,2.44,NONE,97.9,0.0,499.6
2026-09-02T10:09:55.606032,5078.3,836.3,128.0,2.57,17.39,85.5,2875.0,-3.7,36.5,0.855,835.8,128.2,2.42,NONE,99.4,0.0,499.6
2026-09-02T10:09:56.606032,5108.7,839.3,126.8,2.58,17.26,84.2,2900.0,-3.8,36.4,0.842,835.4,127.8,2.44,NONE,100.0,0.0,499.6
2026-09-02T10:09:57.606032,5082.8,836.2,126.2,2.44,17.79,85.8,2925.0,-4.0,36.6,0.858,836.1,128.2,2.42,NONE,97.1,0.0,499.6
2026-09-02T10:09:58.606032,5137.2,836.4,126.2,2.43,17.28,85.3,2950.0,-4.2,36.5,0.853,836.2,128.2,2.46,NONE,99.7,0.0,499.6
2026-09-02T10:09:59.606032,5118.3,841.3,129.3,2.44,17.52,84.4,2975.0,-4.3,36.4,0.844,835.8,127.8,2.45,NONE,99.5,0.0,499.6
2026-09-02T10:10:00.606032,5092.4,841.2,130.7,2.39,17.47,85.5,3000.0,-4.5,36.6,0.855,836.3,128.0,2.43,NONE,99.1,0.0,499.6
2026-09-02T10:10:01.606032,5138.1,831.4,130.4,2.48,17.58,85.1,3025.0,-4.7,36.5,0.851,836.3,128.0,2.46,NONE,97.5,0.0,499.6
2026-09-02T10:10:02.606032,5089.0,841.3,127.4,2.47,17.17,84.1,3050.0,-4.8,36.4,0.841,835.8,127.4,2.42,NONE,97.4,0.0,499.6
2026-09-02T10:10:03.606032,5136.0,836.0,129.4,2.53,17.61,86.1,3075.0,-5.0,36.6,0.861,836.9,128.2,2.46,NONE,99.7,0.0,499.6
2026-09-02T10:10:04.606032,5091.8,831.9,127.6,2.43,17.25,83.7,3100.0,-5.2,36.4,0.837,835.8,127.2,2.43,NONE,99.0,0.0,499.6
2026-09-02T10:10:05.606032,5080.6,831.8,125.7,2.19,16.76,83.8,3125.0,-5.3,36.4,0.838,835.9,127.1,2.42,NONE,97.6,0.0,499.6
2026-09-02T10:10:06.606032,5121.2,842.5,129.3,2.66,17.14,84.5,3150.0,-5.5,36.5,0.845,836.5,127.5,2.45,NONE,99.7,0.0,499.6
2026-09-02T10:10:07.606032,5103.1,834.0,128.3,2.47,16.94,84.6,3175.0,-5.6,36.5,0.846,836.5,127.4,2.44,NONE,97.8,0.0,499.6
2026-09-02T10:10:08.606032,5127.4,835.9,127.9,2.5,17.34,85.5,3200.0,-5.8,36.5,0.855,837.1,127.7,2.45,NONE,97.2,0.0,499.6
2026-09-02T10:10:09.606032,5105.4,837.9,129.7,2.37,16.51,83.6,3225.0,-6.0,36.4,0.836,836.3,127.0,2.44,NONE,98.8,0.0,499.6
2026-09-02T10:10:10.606032,4822.7,834.7,122.6,2.08,15.3,72.0,3105.9,-5.2,35.2,0.72,827.5,122.3,2.23,NONE,99.6,0.0,499.6
2026-09-02T10:10:11.606032,4773.5,823.9,120.5,2.42,14.98,71.5,3110.0,-5.2,35.2,0.715,826.9,122.0,2.19,NONE,98.5,0.0,499.6
2026-09-02T10:10:12.606032,4809.4,830.7,120.1,2.3,15.33,72.8,3094.1,-5.1,35.3,0.728,828.0,122.6,2.22,NONE,99.9,0.0,499.6
2026-09-02T10:10:13.606032,4783.0,824.7,121.2,2.34,14.14,71.3,3103.9,-5.2,35.1,0.713,826.8,122.0,2.2,NONE,99.0,0.0,499.6
2026-09-02T10:10:14.606032,4775.8,826.0,123.8,2.14,14.57,72.7,3095.7,-5.1,35.3,0.727,827.8,122.4,2.2,NONE,99.5,0.0,499.6
2026-09-02T10:10:15.606032,4785.9,823.1,121.8,2.23,15.11,71.6,3107.1,-5.2,35.2,0.716,827.0,122.1,2.2,NONE,97.3,0.0,499.6
2026-09-02T10:10:16.606032,4790.5,819.0,118.7,2.15,15.03,71.5,3095.2,-5.1,35.1,0.715,826.9,122.1,2.21,NONE,98.8,0.0,499.6
2026-09-02T10:10:17.606032,4815.1,828.9,122.1,2.15,14.83,71.1,3098.2,-5.1,35.1,0.711,826.8,122.0,2.22,NONE,99.4,0.0,499.6
2026-09-02T10:10:18.606032,4799.8,824.9,120.6,1.97,14.66,71.2,3112.2,-5.2,35.1,0.712,826.8,122.0,2.21,NONE,97.8,0.0,499.6
2026-09-02T10:10:19.606032,4789.2,827.8,122.1,2.2,14.66,72.1,3113.2,-5.2,35.2,0.721,827.5,122.2,2.2,NONE,97.3,0.0,499.6
2026-09-02T10:10:20.606032,4792.8,834.1,120.2,1.95,15.24,71.1,3117.4,-5.3,35.1,0.711,826.7,121.9,2.21,NONE,97.3,0.0,499.6
2026-09-02T10:10:21.606032,4770.6,830.3,122.8,2.2,14.76,71.8,3118.1,-5.3,35.2,0.718,827.1,122.0,2.19,NONE,99.1,0.0,499.6
2026-09-02T10:10:22.606032,4797.3,835.4,121.3,2.21,14.6,72.5,3109.6,-5.2,35.3,0.725,827.8,122.4,2.21,NONE,98.4,0.0,499.6
2026-09-02T10:10:23.606032,4818.0,823.7,119.5,2.16,14.68,71.8,3127.5,-5.3,35.2,0.718,827.4,122.2,2.23,NONE,97.2,0.0,499.6
2026-09-02T10:10:24.606032,4779.1,821.6,121.3,2.0,14.78,71.2,3127.7,-5.3,35.1,0.712,826.8,121.9,2.2,NONE,97.8,0.0,499.6
2026-09-02T10:10:25.606032,4829.8,824.1,124.7,2.32,14.98,71.6,3118.8,-5.3,35.2,0.716,827.3,122.2,2.23,NONE,97.3,0.0,499.6
2026-09-02T10:10:26.606032,4772.3,823.1,121.3,2.24,14.13,71.2,3125.6,-5.3,35.1,0.712,826.7,121.8,2.19,NONE,97.4,0.0,499.6
2026-09-02T10:10:27.606032,4791.9,825.7,121.5,2.16,14.9,71.5,3121.4,-5.3,35.1,0.715,827.0,122.0,2.21,NONE,98.4,0.0,499.6
2026-09-02T10:10:28.606032,4825.3,819.6,126.0,2.28,14.96,72.2,3136.1,-5.4,35.2,0.722,827.8,122.4,2.23,NONE,97.4,0.0,499.6
2026-09-02T10:10:29.606032,4782.4,827.1,123.1,1.99,15.12,72.2,3144.4,-5.4,35.2,0.722,827.6,122.2,2.2,NONE,97.3,0.0,499.6
2026-09-02T10:10:30.606032,4775.8,826.9,123.3,2.15,15.12,71.2,3132.9,-5.4,35.1,0.712,826.8,121.8,2.2,NONE,98.7,0.0,499.6
2026-09-02T10:10:31.606032,4788.6,826.3,119.9,2.38,14.89,72.6,3141.0,-5.4,35.3,0.726,827.9,122.3,2.2,NONE,99.0,0.0,499.6
2026-09-02T10:10:32.606032,4820.7,825.1,119.7,2.23,15.25,71.8,3150.2,-5.5,35.2,0.718,827.5,122.2,2.23,NONE,97.6,0.0,499.6
2026-09-02T10:10:33.606032,4811.5,829.5,123.0,2.24,13.94,71.1,3164.9,-5.6,35.1,0.711,827.0,121.9,2.22,NONE,98.2,0.0,499.6
2026-09-02T10:10:34.606032,4806.3,825.0,124.2,2.39,14.58,72.6,3157.7,-5.5,35.3,0.726,828.1,122.4,2.22,NONE,99.8,0.0,499.6
2026-09-02T10:10:35.606032,4798.7,832.7,121.5,2.04,14.77,71.6,3172.4,-5.6,35.2,0.716,827.3,122.0,2.21,NONE,99.7,0.0,499.6
2026-09-02T10:10:36.606032,4775.5,825.7,119.8,2.19,15.27,71.8,3163.7,-5.6,35.2,0.718,827.3,122.0,2.19,NONE,98.3,0.0,499.6
2026-09-02T10:10:37.606032,4778.5,826.0,118.5,2.19,14.94,72.7,3174.7,-5.6,35.3,0.727,828.1,122.2,2.2,NONE,99.0,0.0,499.6
2026-09-02T10:10:38.606032,4771.4,833.7,122.6,2.35,14.95,71.3,3183.3,-5.7,35.1,0.713,827.0,121.7,2.19,NONE,99.3,0.0,499.6
2026-09-02T10:10:39.606032,4776.4,829.2,120.7,2.23,14.49,72.6,3175.6,-5.6,35.3,0.726,828.0,122.2,2.2,NONE,97.3,0.0,499.6
2026-09-02T10:10:40.606032,4771.3,823.2,127.4,2.04,14.56,72.1,3184.7,-5.7,35.2,0.721,827.6,122.0,2.19,NONE,97.9,0.0,499.6
2026-09-02T10:10:41.606032,4801.9,826.0,120.0,2.23,14.86,72.0,3185.8,-5.7,35.2,0.72,827.7,122.1,2.21,NONE,98.2,0.0,499.6
2026-09-02T10:10:42.606032,4798.2,825.8,122.9,2.15,14.88,73.0,3203.6,-5.8,35.3,0.73,828.5,122.4,2.21,NONE,99.0,0.0,499.6
2026-09-02T10:10:43.606032,4820.9,832.5,123.7,2.19,14.49,72.1,3196.8,-5.8,35.2,0.721,827.9,122.2,2.23,NONE,99.4,0.0,499.6
2026-09-02T10:10:44.606032,4782.6,828.0,120.3,2.26,15.0,72.5,3208.6,-5.9,35.3,0.725,828.1,122.1,2.2,NONE,99.5,0.0,499.6
2026-09-02T10:10:45.606032,4813.6,826.2,118.7,2.04,14.7,71.1,3215.0,-5.9,35.1,0.711,827.2,121.8,2.22,NONE,98.1,0.0,499.6
2026-09-02T10:10:46.606032,4820.3,826.4,118.3,2.19,14.89,71.5,3224.7,-6.0,35.1,0.715,827.6,121.9,2.23,NONE,98.1,0.0,499.6
2026-09-02T10:10:47.606032,4829.7,820.2,124.8,2.1,14.45,71.4,3231.7,-6.0,35.1,0.714,827.6,121.9,2.23,NONE,99.5,0.0,499.6
2026-09-02T10:10:48.606032,4812.2,833.6,126.5,2.13,15.25,72.5,3233.8,-6.0,35.2,0.725,828.3,122.2,2.22,NONE,99.9,0.0,499.6
2026-09-02T10:10:49.606032,4782.7,820.6,121.0,2.16,14.74,72.6,3230.5,-6.0,35.3,0.726,828.2,122.1,2.2,NONE,98.1,0.0,499.6
2026-09-02T10:10:50.606032,4771.3,825.0,123.3,2.12,14.77,71.9,3230.1,-6.0,35.2,0.719,827.6,121.8,2.19,NONE,98.0,0.0,499.6
2026-09-02T10:10:51.606032,4823.4,837.7,121.8,2.38,14.89,71.9,3233.2,-6.0,35.2,0.719,827.9,122.1,2.23,NONE,98.5,0.0,499.6
2026-09-02T10:10:52.606032,4812.7,827.7,119.7,2.42,14.27,71.6,3246.7,-6.1,35.2,0.716,827.7,121.9,2.22,NONE,98.1,0.0,499.6
2026-09-02T10:10:53.606032,4785.9,830.5,119.3,2.09,14.19,71.4,3241.2,-6.1,35.1,0.714,827.4,121.7,2.2,NONE,99.4,0.0,499.6
2026-09-02T10:10:54.606032,4779.0,830.6,124.1,2.45,14.72,72.9,3260.5,-6.2,35.3,0.729,828.5,122.1,2.2,NONE,98.1,0.0,499.6
2026-09-02T10:10:55.606032,4778.1,827.3,123.2,2.28,14.94,72.0,3252.0,-6.1,35.2,0.72,827.8,121.9,2.2,NONE,97.7,0.0,499.6
2026-09-02T10:10:56.606032,4808.9,829.6,123.5,2.34,15.05,72.9,3259.7,-6.2,35.3,0.729,828.7,122.3,2.22,NONE,99.8,0.0,499.6
2026-09-02T10:10:57.606032,4821.2,829.0,122.6,2.23,14.25,72.4,3273.6,-6.3,35.2,0.724,828.4,122.1,2.23,NONE,99.9,0.0,499.6
2026-09-02T10:10:58.606032,4800.0,828.5,121.9,2.23,15.16,71.6,3266.4,-6.2,35.2,0.716,827.7,121.8,2.21,NONE,97.8,0.0,499.6
2026-09-02T10:10:59.606032,4770.7,827.8,122.4,2.13,13.97,71.7,3281.1,-6.3,35.2,0.717,827.6,121.7,2.19,NONE,100.0,0.0,499.6
2026-09-02T10:11:00.606032,4789.2,829.2,123.6,2.39,14.33,71.1,3274.4,-6.3,35.1,0.711,827.3,121.6,2.2,NONE,98.4,0.0,499.6
2026-09-02T10:11:01.606032,4792.2,832.8,122.4,2.21,15.06,72.7,3289.8,-6.4,35.3,0.727,828.5,122.1,2.21,NONE,99.2,0.0,499.6
2026-09-02T10:11:02.606032,4773.0,828.4,121.8,2.15,14.49,71.6,3274.9,-6.3,35.2,0.716,827.6,121.7,2.19,NONE,99.2,0.0,499.6
2026-09-02T10:11:03.606032,4819.9,831.7,122.0,2.27,14.67,71.8,3278.3,-6.3,35.2,0.718,828.0,121.9,2.23,NONE,97.7,0.0,499.6
2026-09-02T10:11:04.606032,4799.9,833.3,123.0,2.14,14.9,72.9,3281.7,-6.3,35.3,0.729,828.7,122.2,2.21,NONE,99.8,0.0,499.6
2026-09-02T10:11:05.606032,4818.9,828.3,120.7,2.14,14.97,71.0,3294.1,-6.4,35.1,0.71,827.4,121.6,2.23,NONE,97.0,0.0,499.6
2026-09-02T10:11:06.606032,4792.9,830.1,118.3,2.12,14.81,72.6,3283.6,-6.3,35.3,0.726,828.4,122.0,2.21,NONE,97.2,0.0,499.6
2026-09-02T10:11:07.606032,4824.3,825.2,118.1,2.17,14.82,71.7,3288.2,-6.4,35.2,0.717,828.0,121.9,2.23,NONE,97.4,0.0,499.6
2026-09-02T10:11:08.606032,4781.3,827.5,116.8,2.34,14.66,71.8,3305.1,-6.5,35.2,0.718,827.9,121.7,2.2,NONE,98.9,0.0,499.6
2026-09-02T10:11:09.606032,4785.7,831.4,123.4,2.13,14.84,72.1,3305.4,-6.5,35.2,0.721,828.1,121.8,2.2,NONE,99.1,0.0,499.6
2026-09-02T10:11:10.606032,4791.4,829.7,123.7,2.22,14.98,71.1,3297.2,-6.4,35.1,0.711,827.4,121.5,2.21,NONE,98.5,0.0,499.6
2026-09-02T10:11:11.606032,4801.8,822.8,123.4,2.02,14.45,72.2,3289.5,-6.4,35.2,0.722,828.2,121.9,2.21,NONE,99.0,0.0,499.6
2026-09-02T10:11:12.606032,4779.9,820.9,122.5,2.0,14.58,72.6,3309.3,-6.5,35.3,0.726,828.5,121.9,2.2,NONE,97.6,0.0,499.6
2026-09-02T10:11:13.606032,4792.3,831.0,121.2,2.19,14.99,71.4,3306.8,-6.5,35.1,0.714,827.6,121.6,2.21,NONE,97.0,0.0,499.6
2026-09-02T10:11:14.606032,4809.8,829.2,121.9,2.11,14.74,72.7,3295.6,-6.4,35.3,0.727,828.7,122.1,2.22,NONE,98.1,0.0,499.6
2026-09-02T10:11:15.606032,4802.8,836.7,123.5,2.34,14.92,72.1,3293.2,-6.4,35.2,0.721,828.2,121.9,2.21,NONE,99.9,0.0,499.6
2026-09-02T10:11:16.606032,4797.9,827.9,118.4,2.1,14.58,71.8,3289.6,-6.4,35.2,0.718,827.9,121.8,2.21,NONE,99.3,0.0,499.6
2026-09-02T10:11:17.606032,4809.1,835.0,127.4,2.19,14.94,72.9,3290.0,-6.4,35.3,0.729,828.8,122.2,2.22,NONE,99.4,0.0,499.6
2026-09-02T10:11:18.606032,4792.3,826.6,125.3,2.25,14.89,72.9,3306.3,-6.5,35.3,0.729,828.7,122.1,2.21,NONE,98.0,0.0,499.6
2026-09-02T10:11:19.606032,4809.5,835.1,123.3,2.2,14.65,72.6,3291.0,-6.4,35.3,0.726,828.6,122.1,2.22,NONE,98.9,0.0,499.6
2026-09-02T10:11:20.606032,4799.4,831.9,124.5,2.21,15.32,72.8,3288.1,-6.4,35.3,0.728,828.6,122.1,2.21,NONE,97.8,0.0,499.6
2026-09-02T10:11:21.606032,4774.7,830.4,122.7,2.38,14.6,72.1,3291.2,-6.4,35.2,0.721,828.0,121.8,2.19,NONE,99.6,0.0,499.6
2026-09-02T10:11:22.606032,4821.1,835.6,121.5,2.23,15.23,72.0,3282.7,-6.3,35.2,0.72,828.1,122.0,2.23,NONE,97.8,0.0,499.6
2026-09-02T10:11:23.606032,4798.9,825.5,123.1,2.19,14.88,71.6,3298.5,-6.4,35.2,0.716,827.8,121.7,2.21,NONE,97.4,0.0,499.6
2026-09-02T10:11:24.606032,4790.5,822.8,124.9,2.2,14.99,72.0,3296.2,-6.4,35.2,0.72,828.0,121.8,2.21,NONE,98.8,0.0,499.6
2026-09-02T10:11:25.606032,4782.6,826.8,125.1,2.19,14.07,71.3,3287.8,-6.4,35.1,0.713,827.4,121.6,2.2,NONE,98.5,0.0,499.6
2026-09-02T10:11:26.606032,4827.5,828.0,122.1,2.08,15.12,72.8,3280.6,-6.3,35.3,0.728,828.8,122.3,2.23,NONE,99.2,0.0,499.6
2026-09-02T10:11:27.606032,4782.2,823.8,119.3,2.24,15.25,72.1,3281.7,-6.3,35.2,0.721,828.0,121.8,2.2,NONE,99.5,0.0,499.6
2026-09-02T10:11:28.606032,4815.3,828.9,121.7,2.28,14.89,73.0,3284.1,-6.3,35.3,0.73,828.9,122.3,2.22,NONE,98.5,0.0,499.6
2026-09-02T10:11:29.606032,4809.3,823.1,123.5,2.23,14.8,72.9,3268.9,-6.2,35.3,0.729,828.7,122.2,2.22,NONE,98.3,0.0,499.6
2026-09-02T10:11:30.606032,4810.8,829.6,124.3,2.2,14.66,72.0,3275.6,-6.3,35.2,0.72,828.1,121.9,2.22,NONE,97.0,0.0,499.6
2026-09-02T10:11:31.606032,4808.5,833.0,122.6,2.29,14.23,71.9,3265.7,-6.2,35.2,0.719,827.9,121.9,2.22,NONE,99.7,0.0,499.6
2026-09-02T10:11:32.606032,4810.7,826.7,119.3,2.31,14.8,71.0,3268.3,-6.2,35.1,0.71,827.3,121.6,2.22,NONE,99.2,0.0,499.6
2026-09-02T10:11:33.606032,4813.4,825.5,122.2,2.16,15.29,71.9,3254.7,-6.2,35.2,0.719,827.9,122.0,2.22,NONE,99.0,0.0,499.6
2026-09-02T10:11:34.606032,4773.5,827.3,120.0,2.18,14.84,72.0,3243.2,-6.1,35.2,0.72,827.7,121.9,2.19,NONE,99.7,0.0,499.6
2026-09-02T10:11:35.606032,4827.0,833.1,120.7,2.3,14.91,72.9,3241.5,-6.1,35.3,0.729,828.7,122.4,2.23,NONE,99.7,0.0,499.6
2026-09-02T10:11:36.606032,4791.2,826.7,123.2,2.13,15.04,72.2,3237.7,-6.0,35.2,0.722,828.0,122.0,2.21,NONE,97.4,0.0,499.6
2026-09-02T10:11:37.606032,4809.4,832.0,120.1,2.24,15.21,72.6,3247.5,-6.1,35.3,0.726,828.4,122.2,2.22,NONE,97.0,0.0,499.6
2026-09-02T10:11:38.606032,4825.4,829.4,123.7,2.15,14.22,71.5,3237.1,-6.0,35.2,0.715,827.6,121.9,2.23,NONE,97.3,0.0,499.6
2026-09-02T10:11:39.606032,4822.0,829.7,123.2,2.04,14.84,72.0,3234.7,-6.0,35.2,0.72,828.0,122.1,2.23,NONE,99.9,0.0,499.6
2026-09-02T10:11:40.606032,4794.4,825.9,125.6,2.29,14.91,72.4,3216.1,-5.9,35.2,0.724,828.1,122.1,2.21,NONE,97.1,0.0,499.6
2026-09-02T10:11:41.606032,4785.1,833.4,121.8,2.23,14.79,72.4,3219.4,-5.9,35.2,0.724,828.0,122.1,2.2,NONE,99.8,0.0,499.6
2026-09-02T10:11:42.606032,4777.8,833.9,118.6,2.26,14.78,71.8,3211.8,-5.9,35.2,0.718,827.5,121.9,2.2,NONE,99.5,0.0,499.6
2026-09-02T10:11:43.606032,4803.1,826.7,123.5,2.15,14.59,72.9,3208.4,-5.9,35.3,0.729,828.5,122.3,2.21,NONE,99.4,0.0,499.6
2026-09-02T10:11:44.606032,4795.9,834.9,121.4,2.41,14.47,72.4,3210.9,-5.9,35.2,0.724,828.1,122.1,2.21,NONE,99.3,0.0,499.6
2026-09-02T10:11:45.606032,4805.0,823.2,121.2,2.3,15.02,72.3,3208.7,-5.9,35.2,0.723,828.0,122.2,2.22,NONE,99.3,0.0,499.6
2026-09-02T10:11:46.606032,4803.9,835.4,122.4,2.1,14.93,72.2,3190.1,-5.7,35.2,0.722,827.9,122.2,2.22,NONE,97.1,0.0,499.6
2026-09-02T10:11:47.606032,4811.2,834.0,123.3,2.29,14.87,72.9,3200.4,-5.8,35.3,0.729,828.5,122.4,2.22,NONE,97.9,0.0,499.6
2026-09-02T10:11:48.606032,4820.2,830.8,120.8,2.31,15.35,72.2,3181.7,-5.7,35.2,0.722,827.9,122.2,2.23,NONE,98.0,0.0,499.6
2026-09-02T10:11:49.606032,4783.9,833.9,124.9,2.24,14.88,72.4,3186.9,-5.7,35.2,0.724,827.9,122.1,2.2,NONE,97.6,0.0,499.6
2026-09-02T10:11:50.606032,4816.8,829.9,123.1,2.11,15.39,71.9,3167.7,-5.6,35.2,0.719,827.6,122.2,2.22,NONE,99.0,0.0,499.6
2026-09-02T10:11:51.606032,4791.9,818.5,125.4,2.06,14.34,72.4,3177.9,-5.7,35.2,0.724,827.9,122.2,2.21,NONE,97.9,0.0,499.6
2026-09-02T10:11:52.606032,4781.3,826.4,124.1,2.31,14.71,72.9,3174.7,-5.6,35.3,0.729,828.2,122.3,2.2,NONE,99.5,0.0,499.6
2026-09-02T10:11:53.606032,4826.2,827.6,122.2,2.4,14.66,71.1,3171.5,-5.6,35.1,0.711,827.1,121.9,2.23,NONE,99.0,0.0,499.6
2026-09-02T10:11:54.606032,4805.2,826.2,119.2,2.17,14.92,72.0,3158.7,-5.5,35.2,0.72,827.6,122.2,2.22,NONE,99.7,0.0,499.6
2026-09-02T10:11:55.606032,4795.0,822.0,120.6,2.3,15.26,71.7,3155.0,-5.5,35.2,0.717,827.3,122.0,2.21,NONE,97.9,0.0,499.6
2026-09-02T10:11:56.606032,4781.2,831.0,121.5,2.13,14.82,71.6,3146.3,-5.5,35.2,0.716,827.1,122.0,2.2,NONE,98.2,0.0,499.6
2026-09-02T10:11:57.606032,4809.9,827.5,123.7,2.3,15.13,72.7,3144.1,-5.4,35.3,0.727,828.1,122.4,2.22,NONE,97.6,0.0,499.6
2026-09-02T10:11:58.606032,4813.2,824.1,123.0,2.14,14.89,71.7,3137.0,-5.4,35.2,0.717,827.4,122.1,2.22,NONE,99.6,0.0,499.6
2026-09-02T10:11:59.606032,4812.5,819.1,121.8,2.2,14.88,71.8,3142.5,-5.4,35.2,0.718,827.5,122.2,2.22,NONE,97.6,0.0,499.6
2026-09-02T10:12:00.606032,4805.1,828.7,122.5,2.12,14.84,71.5,3136.6,-5.4,35.1,0.715,827.2,122.0,2.22,NONE,99.9,0.0,499.6
2026-09-02T10:12:01.606032,4772.7,821.3,123.0,2.25,15.27,73.0,3126.3,-5.3,35.3,0.73,828.1,122.4,2.19,NONE,98.8,0.0,499.6
2026-09-02T10:12:02.606032,4790.8,830.2,123.5,2.19,15.32,71.3,3133.9,-5.4,35.1,0.713,826.9,121.9,2.21,NONE,99.7,0.0,499.6
2026-09-02T10:12:03.606032,4793.3,827.8,121.2,2.22,14.18,71.8,3124.0,-5.3,35.2,0.718,827.3,122.1,2.21,NONE,97.2,0.0,499.6
2026-09-02T10:12:04.606032,4773.8,819.7,123.0,2.23,15.3,72.8,3118.7,-5.3,35.3,0.728,827.9,122.4,2.19,NONE,97.7,0.0,499.6
2026-09-02T10:12:05.606032,4784.3,825.1,122.1,2.02,14.88,71.8,3111.3,-5.2,35.2,0.718,827.2,122.1,2.2,NONE,99.8,0.0,499.6
2026-09-02T10:12:06.606032,4822.7,828.9,121.9,2.25,14.45,71.0,3118.8,-5.3,35.1,0.71,826.8,122.0,2.23,NONE,97.2,0.0,499.6
2026-09-02T10:12:07.606032,4778.9,828.6,122.4,2.08,14.72,71.1,3115.1,-5.2,35.1,0.711,826.6,121.8,2.2,NONE,97.8,0.0,499.6
2026-09-02T10:12:08.606032,4811.5,824.9,122.2,2.13,15.55,71.0,3115.0,-5.2,35.1,0.71,826.8,122.0,2.22,NONE,97.8,0.0,499.6
2026-09-02T10:12:09.606032,4776.6,827.8,121.9,2.03,15.21,71.3,3113.1,-5.2,35.1,0.713,826.8,121.9,2.2,NONE,98.3,0.0,499.6
2026-09-02T10:12:10.606032,4803.3,829.6,122.4,2.22,15.01,71.1,3114.4,-5.2,35.1,0.711,826.8,122.0,2.21,NONE,98.7,0.0,499.6
2026-09-02T10:12:11.606032,4788.9,833.4,122.3,2.05,14.72,72.1,3112.0,-5.2,35.2,0.721,827.4,122.2,2.2,NONE,98.8,0.0,499.6
2026-09-02T10:12:12.606032,4827.7,825.1,121.1,2.12,15.08,72.8,3103.1,-5.2,35.3,0.728,828.1,122.6,2.23,NONE,98.4,0.0,499.6
2026-09-02T10:12:13.606032,4786.2,834.3,124.0,2.35,14.88,72.6,3104.8,-5.2,35.3,0.726,827.8,122.4,2.2,NONE,99.4,0.0,499.6
2026-09-02T10:12:14.606032,4808.3,828.7,120.2,2.25,14.67,72.0,3094.5,-5.1,35.2,0.72,827.4,122.3,2.22,NONE,98.1,0.0,499.6
2026-09-02T10:12:15.606032,4781.0,826.4,124.3,2.17,15.28,72.4,3097.6,-5.1,35.2,0.724,827.6,122.3,2.2,NONE,97.2,0.0,499.6
2026-09-02T10:12:16.606032,4783.0,828.3,121.1,2.21,14.77,71.1,3104.6,-5.2,35.1,0.711,826.6,121.9,2.2,NONE,99.8,0.0,499.6
2026-09-02T10:12:17.606032,4803.4,829.4,125.5,2.23,15.3,71.3,3098.8,-5.1,35.1,0.713,826.9,122.0,2.21,NONE,99.8,0.0,499.6
2026-09-02T10:12:18.606032,4821.1,820.5,123.4,2.26,15.35,72.9,3100.3,-5.2,35.3,0.729,828.2,122.6,2.23,NONE,99.6,0.0,499.6
2026-09-02T10:12:19.606032,4827.6,822.6,121.2,2.21,15.08,72.3,3096.4,-5.1,35.2,0.723,827.8,122.5,2.23,NONE,98.0,0.0,499.6
2026-09-02T10:12:20.606032,4776.3,825.9,124.0,2.23,14.81,71.6,3105.5,-5.2,35.2,0.716,827.0,122.0,2.2,NONE,99.0,0.0,499.6
2026-09-02T10:12:21.606032,4807.0,824.3,123.8,2.19,14.9,71.5,3098.2,-5.1,35.1,0.715,827.0,122.1,2.22,NONE,99.7,0.0,499.6
2026-09-02T10:12:22.606032,4800.5,829.3,120.6,2.19,14.97,72.9,3111.1,-5.2,35.3,0.729,828.1,122.5,2.21,NONE,98.1,0.0,499.6
2026-09-02T10:12:23.606032,4772.4,823.9,122.0,2.15,14.44,71.9,3108.6,-5.2,35.2,0.719,827.2,122.1,2.19,NONE,97.4,0.0,499.6
2026-09-02T10:12:24.606032,4801.0,831.5,122.5,2.05,14.66,72.4,3113.7,-5.2,35.2,0.724,827.7,122.4,2.21,NONE,98.5,0.0,499.6
2026-09-02T10:12:25.606032,4812.7,824.3,124.2,2.1,14.62,71.9,3116.3,-5.3,35.2,0.719,827.4,122.2,2.22,NONE,98.6,0.0,499.6
2026-09-02T10:12:26.606032,4796.3,834.3,120.3,2.1,14.68,72.4,3112.7,-5.2,35.2,0.724,827.7,122.3,2.21,NONE,99.0,0.0,499.6
2026-09-02T10:12:27.606032,4794.8,836.2,126.1,2.12,14.59,71.2,3113.8,-5.2,35.1,0.712,826.8,122.0,2.21,NONE,97.7,0.0,499.6
2026-09-02T10:12:28.606032,4815.3,822.5,122.6,2.22,15.39,72.8,3108.4,-5.2,35.3,0.728,828.1,122.6,2.22,NONE,98.5,0.0,499.6
2026-09-02T10:12:29.606032,4822.2,826.8,119.2,2.36,14.87,71.7,3119.8,-5.3,35.2,0.717,827.4,122.2,2.23,NONE,98.9,0.0,499.6
2026-09-02T10:12:30.606032,4803.7,828.8,120.3,2.28,15.41,71.8,3117.1,-5.3,35.2,0.718,827.3,122.2,2.21,NONE,97.5,0.0,499.6
2026-09-02T10:12:31.606032,4802.2,821.0,122.6,2.26,14.78,71.1,3122.7,-5.3,35.1,0.711,826.8,121.9,2.21,NONE,99.1,0.0,499.6
2026-09-02T10:12:32.606032,4793.8,822.5,120.5,2.18,14.98,71.1,3129.9,-5.3,35.1,0.711,826.8,121.9,2.21,NONE,98.4,0.0,499.6
2026-09-02T10:12:33.606032,4775.7,827.7,121.2,2.27,15.09,71.2,3131.4,-5.4,35.1,0.712,826.8,121.8,2.19,NONE,99.7,0.0,499.6
2026-09-02T10:12:34.606032,4829.7,825.7,123.8,2.29,15.06,72.7,3130.2,-5.3,35.3,0.727,828.2,122.5,2.23,NONE,97.4,0.0,499.6
2026-09-02T10:12:35.606032,4783.0,829.7,121.9,2.22,14.7,71.2,3134.4,-5.4,35.1,0.712,826.8,121.9,2.2,NONE,97.8,0.0,499.6
2026-09-02T10:12:36.606032,4809.8,832.1,120.0,2.25,14.73,71.2,3140.9,-5.4,35.1,0.712,827.0,122.0,2.22,NONE,98.0,0.0,499.6
2026-09-02T10:12:37.606032,4829.9,822.8,122.6,2.17,15.32,72.5,3155.8,-5.5,35.2,0.725,828.1,122.4,2.23,NONE,99.7,0.0,499.6
2026-09-02T10:12:38.606032,4780.9,829.5,121.3,2.07,14.65,71.9,3161.7,-5.6,35.2,0.719,827.4,122.0,2.2,NONE,99.4,0.0,499.6
2026-09-02T10:12:39.606032,4816.6,829.3,121.0,2.37,15.07,72.9,3166.5,-5.6,35.3,0.729,828.4,122.5,2.22,NONE,98.1,0.0,499.6
2026-09-02T10:12:40.606032,4824.5,833.3,123.3,2.34,15.04,72.3,3161.6,-5.6,35.2,0.723,828.0,122.3,2.23,NONE,99.7,0.0,499.6
2026-09-02T10:12:41.606032,4775.5,827.7,120.9,2.25,15.29,72.1,3157.5,-5.5,35.2,0.721,827.5,122.1,2.19,NONE,97.3,0.0,499.6
2026-09-02T10:12:42.606032,4809.4,830.2,119.9,2.24,14.77,71.8,3166.0,-5.6,35.2,0.718,827.5,122.1,2.22,NONE,97.3,0.0,499.6
2026-09-02T10:12:43.606032,4799.8,825.9,123.5,2.19,14.43,71.3,3175.2,-5.6,35.1,0.713,827.1,121.9,2.21,NONE,99.6,0.0,499.6
2026-09-02T10:12:44.606032,4792.3,829.8,120.7,2.08,14.86,72.4,3186.3,-5.7,35.2,0.724,828.0,122.2,2.21,NONE,98.6,0.0,499.6
2026-09-02T10:12:45.606032,4777.6,823.9,118.8,2.25,14.87,72.3,3178.2,-5.7,35.2,0.723,827.8,122.1,2.2,NONE,98.6,0.0,499.6
2026-09-02T10:12:46.606032,4827.6,822.2,122.7,2.17,14.84,71.6,3197.6,-5.8,35.2,0.716,827.6,122.1,2.23,NONE,99.2,0.0,499.6
2026-09-02T10:12:47.606032,4775.6,832.0,122.1,2.2,14.11,71.5,3195.5,-5.8,35.2,0.715,827.2,121.8,2.19,NONE,98.1,0.0,499.6
2026-09-02T10:12:48.606032,4771.4,828.7,121.6,2.2,15.19,72.9,3202.0,-5.8,35.3,0.729,828.3,122.2,2.19,NONE,99.5,0.0,499.6
2026-09-02T10:12:49.606032,4803.8,826.4,122.9,2.5,14.55,71.6,3201.9,-5.8,35.2,0.716,827.5,121.9,2.21,NONE,98.6,0.0,499.6
2026-09-02T10:12:50.606032,4809.8,831.2,119.8,2.13,15.17,72.4,3209.0,-5.9,35.2,0.724,828.1,122.2,2.22,NONE,98.8,0.0,499.6
2026-09-02T10:12:51.606032,4788.3,825.8,121.7,2.4,15.09,72.8,3217.1,-5.9,35.3,0.728,828.3,122.2,2.2,NONE,98.2,0.0,499.6
2026-09-02T10:12:52.606032,4789.2,825.9,124.2,2.13,15.0,72.5,3210.8,-5.9,35.3,0.725,828.1,122.1,2.2,NONE,97.1,0.0,499.6
2026-09-02T10:12:53.606032,4791.9,827.0,119.0,2.21,14.65,71.4,3234.2,-6.0,35.1,0.714,827.4,121.8,2.21,NONE,97.4,0.0,499.6
2026-09-02T10:12:54.606032,4795.4,832.1,122.0,2.3,14.62,71.4,3226.4,-6.0,35.1,0.714,827.4,121.8,2.21,NONE,100.0,0.0,499.6
2026-09-02T10:12:55.606032,4795.4,828.4,118.5,2.08,14.54,71.8,3232.2,-6.0,35.2,0.718,827.7,121.9,2.21,NONE,97.9,0.0,499.6
2026-09-02T10:12:56.606032,4801.8,831.9,124.7,2.22,14.73,73.0,3235.7,-6.0,35.3,0.73,828.6,122.3,2.21,NONE,99.1,0.0,499.6
2026-09-02T10:12:57.606032,4824.9,822.5,121.2,2.22,14.87,71.6,3246.5,-6.1,35.2,0.716,827.7,121.9,2.23,NONE,100.0,0.0,499.6
2026-09-02T10:12:58.606032,4827.7,825.7,120.0,2.22,15.01,72.5,3238.8,-6.1,35.2,0.725,828.4,122.3,2.23,NONE,99.0,0.0,499.6
2026-09-02T10:12:59.606032,4772.6,834.5,122.7,2.23,14.59,71.4,3256.4,-6.2,35.1,0.714,827.3,121.6,2.19,NONE,99.7,0.0,499.6
2026-09-02T10:13:00.606032,4784.1,826.5,121.3,2.07,15.1,72.8,3261.6,-6.2,35.3,0.728,828.5,122.1,2.2,NONE,99.1,0.0,499.6
2026-09-02T10:13:01.606032,4806.9,828.4,122.8,2.4,14.88,72.0,3258.6,-6.2,35.2,0.72,828.0,122.0,2.22,NONE,98.2,0.0,499.6
2026-09-02T10:13:02.606032,4770.1,823.4,126.2,2.31,15.18,72.8,3268.2,-6.2,35.3,0.728,828.4,122.0,2.19,NONE,98.0,0.0,499.6
2026-09-02T10:13:03.606032,4811.4,827.2,119.9,2.29,14.91,72.7,3272.7,-6.3,35.3,0.727,828.6,122.2,2.22,NONE,97.9,0.0,499.6
2026-09-02T10:13:04.606032,4814.7,833.0,123.2,2.1,15.35,72.6,3271.7,-6.3,35.3,0.726,828.5,122.2,2.22,NONE,97.2,0.0,499.6
2026-09-02T10:13:05.606032,4815.0,825.5,123.3,2.04,14.55,71.5,3274.3,-6.3,35.2,0.715,827.7,121.8,2.22,NONE,98.5,0.0,499.6
2026-09-02T10:13:06.606032,4772.0,830.4,120.2,2.09,14.95,71.0,3279.4,-6.3,35.1,0.71,827.1,121.5,2.19,NONE,97.3,0.0,499.6
2026-09-02T10:13:07.606032,4789.0,827.6,119.6,2.18,14.7,72.6,3274.2,-6.3,35.3,0.726,828.4,122.0,2.2,NONE,98.8,0.0,499.6
2026-09-02T10:13:08.606032,4812.2,831.2,122.1,2.39,14.01,71.5,3282.9,-6.3,35.2,0.715,827.7,121.8,2.22,NONE,98.4,0.0,499.6
2026-09-02T10:13:09.606032,4773.3,822.6,121.1,2.28,14.64,72.7,3289.0,-6.4,35.3,0.727,828.4,122.0,2.19,NONE,99.9,0.0,499.6
2026-09-02T10:13:10.606032,4811.8,824.7,121.9,2.19,14.62,71.1,3282.2,-6.3,35.1,0.711,827.4,121.7,2.22,NONE,99.1,0.0,499.6
2026-09-02T10:13:11.606032,4824.2,832.1,121.0,2.17,14.76,71.6,3297.0,-6.4,35.2,0.716,827.9,121.8,2.23,NONE,97.6,0.0,499.6
2026-09-02T10:13:12.606032,4806.7,834.6,117.9,2.34,14.54,72.5,3297.9,-6.4,35.3,0.725,828.5,122.0,2.22,NONE,98.9,0.0,499.6
2026-09-02T10:13:13.606032,4824.4,827.4,119.3,2.27,14.44,71.9,3286.8,-6.4,35.2,0.719,828.1,122.0,2.23,NONE,99.7,0.0,499.6
2026-09-02T10:13:14.606032,4812.9,824.3,119.7,2.22,14.06,72.0,3291.3,-6.4,35.2,0.72,828.1,121.9,2.22,NONE,98.8,0.0,499.6
2026-09-02T10:13:15.606032,4823.4,830.1,120.9,2.3,14.95,71.5,3301.4,-6.5,35.2,0.715,827.9,121.8,2.23,NONE,98.1,0.0,499.6
2026-09-02T10:13:16.606032,4789.8,830.6,121.6,2.24,14.37,71.8,3297.6,-6.4,35.2,0.718,827.9,121.8,2.2,NONE,97.2,0.0,499.6
2026-09-02T10:13:17.606032,4782.6,831.4,123.4,2.34,15.09,72.2,3292.8,-6.4,35.2,0.722,828.1,121.9,2.2,NONE,99.5,0.0,499.6
2026-09-02T10:13:18.606032,4806.5,832.6,124.4,2.34,14.47,72.8,3290.6,-6.4,35.3,0.728,828.7,122.2,2.22,NONE,99.7,0.0,499.6
2026-09-02T10:13:19.606032,4803.0,826.7,119.1,2.11,14.51,72.7,3290.8,-6.4,35.3,0.727,828.6,122.1,2.21,NONE,97.5,0.0,499.6
2026-09-02T10:13:20.606032,4816.5,824.2,124.1,2.22,15.13,71.1,3302.1,-6.5,35.1,0.711,827.5,121.6,2.22,NONE,99.0,0.0,499.6
2026-09-02T10:13:21.606032,4803.9,827.1,125.4,2.17,14.84,71.6,3308.3,-6.5,35.2,0.716,827.8,121.7,2.22,NONE,98.8,0.0,499.6
2026-09-02T10:13:22.606032,4780.2,829.8,120.6,2.2,15.04,72.1,3298.8,-6.4,35.2,0.721,828.1,121.8,2.2,NONE,99.2,0.0,499.6
2026-09-02T10:13:23.606032,4829.6,831.2,124.2,2.35,14.62,71.7,3300.5,-6.5,35.2,0.717,828.0,121.9,2.23,NONE,99.5,0.0,499.6
2026-09-02T10:13:24.606032,4776.1,830.1,123.2,2.39,14.63,72.3,3297.0,-6.4,35.2,0.723,828.2,121.8,2.2,NONE,99.9,0.0,499.6
2026-09-02T10:13:25.606032,4777.0,822.9,124.8,2.24,14.23,71.7,3305.6,-6.5,35.2,0.717,827.8,121.6,2.2,NONE,99.8,0.0,499.6
2026-09-02T10:13:26.606032,4770.2,824.1,123.3,2.24,14.92,72.9,3303.0,-6.5,35.3,0.729,828.6,122.0,2.19,NONE,97.1,0.0,499.6
2026-09-02T10:13:27.606032,4775.8,831.1,120.5,2.35,14.74,72.9,3296.3,-6.4,35.3,0.729,828.6,122.0,2.2,NONE,98.1,0.0,499.6
2026-09-02T10:13:28.606032,4807.1,828.4,122.2,2.16,14.65,71.8,3298.7,-6.4,35.2,0.718,828.0,121.8,2.22,NONE,97.5,0.0,499.6
2026-09-02T10:13:29.606032,4786.0,828.8,123.0,2.02,14.86,72.6,3292.0,-6.4,35.3,0.726,828.4,122.0,2.2,NONE,99.6,0.0,499.6
2026-09-02T10:13:30.606032,4770.4,828.4,118.9,2.34,14.85,71.2,3287.2,-6.4,35.1,0.712,827.3,121.5,2.19,NONE,98.8,0.0,499.6
2026-09-02T10:13:31.606032,4804.9,831.3,120.6,2.24,15.07,71.9,3293.6,-6.4,35.2,0.719,828.0,121.9,2.22,NONE,97.2,0.0,499.6
2026-09-02T10:13:32.606032,4788.6,826.1,121.8,2.1,14.48,72.2,3277.2,-6.3,35.2,0.722,828.1,121.9,2.2,NONE,98.5,0.0,499.6
2026-09-02T10:13:33.606032,4770.7,825.4,122.5,2.13,14.79,72.7,3282.6,-6.3,35.3,0.727,828.4,122.0,2.19,NONE,99.0,0.0,499.6
2026-09-02T10:13:34.606032,4791.8,828.0,122.9,2.22,14.86,72.0,3268.4,-6.2,35.2,0.72,827.9,121.9,2.21,NONE,99.8,0.0,499.6
2026-09-02T10:13:35.606032,4801.8,828.3,120.2,2.34,14.42,72.4,3274.7,-6.3,35.2,0.724,828.3,122.0,2.21,NONE,97.9,0.0,499.6
2026-09-02T10:13:36.606032,4785.6,827.4,120.3,2.23,14.4,72.5,3272.7,-6.3,35.2,0.725,828.3,122.0,2.2,NONE,99.7,0.0,499.6
2026-09-02T10:13:37.606032,4792.5,832.0,118.9,2.24,14.89,73.0,3270.3,-6.3,35.3,0.73,828.7,122.2,2.21,NONE,99.3,0.0,499.6
2026-09-02T10:13:38.606032,4795.3,826.7,122.8,2.12,14.7,71.8,3260.1,-6.2,35.2,0.718,827.8,121.8,2.21,NONE,97.1,0.0,499.6
2026-09-02T10:13:39.606032,4813.2,822.8,122.2,2.42,14.86,71.8,3257.6,-6.2,35.2,0.718,827.9,121.9,2.22,NONE,98.6,0.0,499.6
2026-09-02T10:13:40.606032,4794.5,836.9,124.4,2.26,14.69,72.7,3251.1,-6.1,35.3,0.727,828.4,122.1,2.21,NONE,97.2,0.0,499.6
2026-09-02T10:13:41.606032,4776.5,828.9,118.7,2.1,14.51,71.2,3240.1,-6.1,35.1,0.712,827.1,121.6,2.2,NONE,99.1,0.0,499.6
2026-09-02T10:13:42.606032,4823.1,825.7,122.7,2.3,14.47,71.3,3252.5,-6.1,35.1,0.713,827.5,121.8,2.23,NONE,98.5,0.0,499.6
2026-09-02T10:13:43.606032,4807.9,824.6,122.2,2.22,15.06,72.9,3242.7,-6.1,35.3,0.729,828.6,122.3,2.22,NONE,98.7,0.0,499.6
2026-09-02T10:13:44.606032,4803.1,824.6,121.9,1.94,14.6,71.2,3239.1,-6.1,35.1,0.712,827.3,121.7,2.21,NONE,98.3,0.0,499.6
2026-09-02T10:13:45.606032,4820.9,826.2,120.3,2.21,14.16,71.0,3223.4,-6.0,35.1,0.71,827.2,121.8,2.23,NONE,97.4,0.0,499.6
2026-09-02T10:13:46.606032,4805.8,830.4,121.1,2.16,15.33,72.9,3233.7,-6.0,35.3,0.729,828.6,122.3,2.22,NONE,97.9,0.0,499.6
2026-09-02T10:13:47.606032,4772.9,829.3,117.8,2.22,14.8,71.2,3211.8,-5.9,35.1,0.712,827.0,121.7,2.19,NONE,99.5,0.0,499.6
2026-09-02T10:13:48.606032,4804.4,828.3,121.4,2.04,15.26,71.7,3204.7,-5.8,35.2,0.717,827.6,122.0,2.22,NONE,98.5,0.0,499.6
2026-09-02T10:13:49.606032,4805.8,827.7,123.0,2.1,14.3,72.5,3218.8,-5.9,35.2,0.725,828.2,122.2,2.22,NONE,98.3,0.0,499.6
2026-09-02T10:13:50.606032,4784.3,834.5,124.2,2.12,14.68,71.2,3204.1,-5.8,35.1,0.712,827.1,121.7,2.2,NONE,99.8,0.0,499.6
2026-09-02T10:13:51.606032,4773.9,821.9,120.6,2.09,15.05,72.6,3191.4,-5.7,35.3,0.726,828.0,122.1,2.19,NONE,98.3,0.0,499.6
2026-09-02T10:13:52.606032,4824.3,836.2,124.4,2.38,14.56,72.4,3191.2,-5.7,35.2,0.724,828.1,122.3,2.23,NONE,97.2,0.0,499.6
2026-09-02T10:13:53.606032,4824.7,829.1,121.3,2.29,14.86,71.7,3189.2,-5.7,35.2,0.717,827.6,122.1,2.23,NONE,97.5,0.0,499.6
2026-09-02T10:13:54.606032,4823.6,826.5,122.5,2.45,14.92,72.3,3187.7,-5.7,35.2,0.723,828.1,122.3,2.23,NONE,99.4,0.0,499.6
2026-09-02T10:13:55.606032,4781.3,829.1,123.7,2.14,14.61,72.4,3174.2,-5.6,35.2,0.724,827.8,122.1,2.2,NONE,98.8,0.0,499.6
2026-09-02T10:13:56.606032,4818.0,826.2,122.0,2.29,14.88,71.1,3180.1,-5.7,35.1,0.711,827.1,121.9,2.23,NONE,99.6,0.0,499.6
2026-09-02T10:13:57.606032,4820.7,830.5,122.5,2.19,14.77,71.4,3165.1,-5.6,35.1,0.714,827.3,122.0,2.23,NONE,97.2,0.0,499.6
2026-09-02T10:13:58.606032,4773.6,833.5,121.3,2.29,14.63,71.0,3167.3,-5.6,35.1,0.71,826.7,121.7,2.19,NONE,98.1,0.0,499.6
2026-09-02T10:13:59.606032,4782.9,828.3,122.2,2.29,14.81,72.8,3160.5,-5.5,35.3,0.728,828.1,122.3,2.2,NONE,97.8,0.0,499.6
2026-09-02T10:14:00.606032,4812.3,830.6,119.8,2.19,14.5,71.3,3164.6,-5.6,35.1,0.713,827.2,122.0,2.22,NONE,98.7,0.0,499.6
2026-09-02T10:14:01.606032,4772.1,822.8,120.5,2.23,14.69,71.9,3155.2,-5.5,35.2,0.719,827.4,122.0,2.19,NONE,98.3,0.0,499.6
2026-09-02T10:14:02.606032,4794.6,819.9,122.7,2.15,15.0,71.4,3153.4,-5.5,35.1,0.714,827.1,121.9,2.21,NONE,97.0,0.0,499.6
2026-09-02T10:14:03.606032,4777.3,827.3,121.7,2.17,15.2,72.6,3134.3,-5.4,35.3,0.726,827.8,122.3,2.2,NONE,97.8,0.0,499.6
2026-09-02T10:14:04.606032,4787.4,829.6,123.4,2.12,14.83,72.3,3139.8,-5.4,35.2,0.723,827.7,122.2,2.2,NONE,97.8,0.0,499.6
2026-09-02T10:14:05.606032,4826.9,827.6,121.6,2.37,14.83,71.3,3132.7,-5.4,35.1,0.713,827.1,122.1,2.23,NONE,99.2,0.0,499.6
2026-09-02T10:14:06.606032,4803.4,828.2,120.0,2.29,15.0,71.9,3123.5,-5.3,35.2,0.719,827.4,122.2,2.21,NONE,99.6,0.0,499.6
2026-09-02T10:14:07.606032,4823.1,839.1,125.5,2.08,14.63,72.4,3119.5,-5.3,35.2,0.724,827.9,122.4,2.23,NONE,97.8,0.0,499.6
2026-09-02T10:14:08.606032,4806.6,825.4,123.0,2.34,15.35,72.3,3114.4,-5.2,35.2,0.723,827.7,122.3,2.22,NONE,97.1,0.0,499.6
2026-09-02T10:14:09.606032,4809.9,824.2,123.7,2.21,14.89,71.4,3125.8,-5.3,35.1,0.714,827.1,122.1,2.22,NONE,99.0,0.0,499.6
2026-09-02T10:14:10.606032,4822.2,825.2,118.9,2.33,14.81,71.2,3108.6,-5.2,35.1,0.712,826.9,122.1,2.23,NONE,97.8,0.0,499.6
2026-09-02T10:14:11.606032,4822.4,827.2,121.0,2.16,15.58,72.1,3114.6,-5.2,35.2,0.721,827.6,122.4,2.23,NONE,98.6,0.0,499.6
2026-09-02T10:14:12.606032,4820.3,829.9,118.6,2.37,15.15,71.0,3114.2,-5.2,35.1,0.71,826.8,122.0,2.23,NONE,97.4,0.0,499.6
2026-09-02T10:14:13.606032,4770.5,831.1,124.2,2.22,15.39,72.8,3101.2,-5.2,35.3,0.728,827.8,122.4,2.19,NONE,97.7,0.0,499.6
2026-09-02T10:14:14.606032,4783.1,833.3,122.8,2.31,14.85,72.8,3113.6,-5.2,35.3,0.728,827.9,122.4,2.2,NONE,98.4,0.0,499.6
2026-09-02T10:14:15.606032,4771.3,826.3,121.3,2.16,15.2,71.1,3105.5,-5.2,35.1,0.711,826.6,121.8,2.19,NONE,98.4,0.0,499.6
2026-09-02T10:14:16.606032,4779.2,823.4,118.1,2.14,14.56,71.5,3095.7,-5.1,35.1,0.715,826.9,122.0,2.2,NONE,98.3,0.0,499.6
2026-09-02T10:14:17.606032,4800.8,827.9,120.3,2.37,15.19,72.2,3094.8,-5.1,35.2,0.722,827.5,122.3,2.21,NONE,97.9,0.0,499.6
2026-09-02T10:14:18.606032,4808.3,827.1,122.2,2.33,15.33,72.1,3104.7,-5.2,35.2,0.721,827.5,122.3,2.22,NONE,98.6,0.0,499.6
2026-09-02T10:14:19.606032,4800.8,833.4,124.4,2.23,15.4,73.0,3098.2,-5.1,35.3,0.73,828.1,122.6,2.21,NONE,98.3,0.0,499.6
2026-09-02T10:14:20.606032,4826.1,826.8,122.4,2.25,14.74,72.1,3096.4,-5.1,35.2,0.721,827.6,122.4,2.23,NONE,98.2,0.0,499.6
2026-09-02T10:14:21.606032,4818.2,826.0,122.9,2.32,15.3,71.3,3106.8,-5.2,35.1,0.713,827.0,122.1,2.23,NONE,98.2,0.0,499.6
2026-09-02T10:14:22.606032,4806.1,826.7,123.6,2.2,14.74,71.7,3090.4,-5.1,35.2,0.717,827.2,122.2,2.22,NONE,99.7,0.0,499.6
2026-09-02T10:14:23.606032,4788.8,827.9,121.0,2.23,14.69,71.5,3102.6,-5.2,35.1,0.715,827.0,122.0,2.2,NONE,98.6,0.0,499.6
2026-09-02T10:14:24.606032,4816.5,826.3,125.5,2.16,15.24,72.1,3092.2,-5.1,35.2,0.721,827.5,122.4,2.22,NONE,97.0,0.0,499.6
2026-09-02T10:14:25.606032,4792.7,831.8,120.2,2.23,15.32,71.9,3110.9,-5.2,35.2,0.719,827.3,122.2,2.21,NONE,97.7,0.0,499.6
2026-09-02T10:14:26.606032,4793.8,831.0,119.2,2.21,15.09,72.5,3105.7,-5.2,35.3,0.725,827.8,122.4,2.21,NONE,98.3,0.0,499.6
2026-09-02T10:14:27.606032,4819.9,829.2,122.4,2.31,14.89,71.8,3101.1,-5.2,35.2,0.718,827.4,122.3,2.23,NONE,98.8,0.0,499.6
2026-09-02T10:14:28.606032,4821.2,832.4,119.6,2.39,15.31,71.2,3101.2,-5.2,35.1,0.712,826.9,122.1,2.23,NONE,99.6,0.0,499.6
2026-09-02T10:14:29.606032,4774.3,831.7,124.9,2.24,14.99,72.9,3113.4,-5.2,35.3,0.729,828.0,122.4,2.19,NONE,98.5,0.0,499.6
2026-09-02T10:14:30.606032,4828.1,830.5,123.6,2.42,14.61,71.3,3108.3,-5.2,35.1,0.713,827.1,122.1,2.23,NONE,99.8,0.0,499.6
2026-09-02T10:14:31.606032,4820.7,830.7,119.3,2.0,14.77,71.7,3102.1,-5.2,35.2,0.717,827.3,122.2,2.23,NONE,100.0,0.0,499.6
2026-09-02T10:14:32.606032,4817.9,831.0,120.4,2.19,15.46,72.7,3107.4,-5.2,35.3,0.727,828.0,122.5,2.23,NONE,99.1,0.0,499.6
2026-09-02T10:14:33.606032,4799.2,825.5,119.6,2.14,15.47,72.1,3105.8,-5.2,35.2,0.721,827.5,122.3,2.21,NONE,97.8,0.0,499.6
2026-09-02T10:14:34.606032,4785.9,822.5,126.8,2.06,15.1,72.5,3114.2,-5.2,35.2,0.725,827.7,122.3,2.2,NONE,97.5,0.0,499.6
2026-09-02T10:14:35.606032,4774.3,827.8,125.2,2.3,14.2,72.4,3110.4,-5.2,35.2,0.724,827.6,122.2,2.19,NONE,99.0,0.0,499.6
2026-09-02T10:14:36.606032,4801.5,825.5,123.0,2.21,15.15,72.9,3114.9,-5.2,35.3,0.729,828.1,122.5,2.21,NONE,97.3,0.0,499.6
2026-09-02T10:14:37.606032,4790.2,833.3,125.3,2.17,14.56,71.7,3129.9,-5.3,35.2,0.717,827.2,122.1,2.21,NONE,98.9,0.0,499.6
2026-09-02T10:14:38.606032,4816.9,830.6,120.7,2.2,15.08,72.1,3122.6,-5.3,35.2,0.721,827.6,122.3,2.22,NONE,97.5,0.0,499.6
2026-09-02T10:14:39.606032,4804.8,825.9,121.6,2.2,14.86,71.6,3126.2,-5.3,35.2,0.716,827.2,122.1,2.22,NONE,97.4,0.0,499.6
2026-09-02T10:14:40.606032,4787.5,828.4,123.6,2.36,14.53,72.9,3140.5,-5.4,35.3,0.729,828.1,122.4,2.2,NONE,99.1,0.0,499.6
2026-09-02T10:14:41.606032,4777.8,825.9,120.7,2.29,14.59,72.6,3136.9,-5.4,35.3,0.726,827.8,122.3,2.2,NONE,98.9,0.0,499.6
2026-09-02T10:14:42.606032,4816.9,830.0,121.6,2.12,14.58,71.8,3149.0,-5.5,35.2,0.718,827.5,122.2,2.22,NONE,98.0,0.0,499.5
2026-09-02T10:14:43.606032,4784.4,832.6,121.7,2.05,15.46,72.2,3140.8,-5.4,35.2,0.722,827.6,122.2,2.2,NONE,98.7,0.0,499.5
2026-09-02T10:14:44.606032,4812.9,824.2,125.1,2.25,14.92,71.7,3156.9,-5.5,35.2,0.717,827.4,122.1,2.22,NONE,97.4,0.0,499.5
2026-09-02T10:14:45.606032,4779.6,825.1,122.7,2.34,14.49,72.8,3164.9,-5.6,35.3,0.728,828.1,122.3,2.2,NONE,97.7,0.0,499.5
2026-09-02T10:14:46.606032,4817.2,825.7,120.4,2.29,15.02,71.9,3155.1,-5.5,35.2,0.719,827.6,122.2,2.22,NONE,99.3,0.0,499.5
2026-09-02T10:14:47.606032,4815.7,823.2,127.8,2.22,15.12,72.1,3172.5,-5.6,35.2,0.721,827.8,122.2,2.22,NONE,97.0,0.0,499.5
2026-09-02T10:14:48.606032,4799.6,824.1,120.0,2.28,15.16,72.8,3173.1,-5.6,35.3,0.728,828.2,122.4,2.21,NONE,98.7,0.0,499.5
2026-09-02T10:14:49.606032,4787.8,830.5,123.4,2.1,15.32,72.5,3171.2,-5.6,35.3,0.725,827.9,122.2,2.2,NONE,99.1,0.0,499.5
2026-09-02T10:14:50.606032,4781.3,827.0,123.9,2.31,14.87,71.9,3182.2,-5.7,35.2,0.719,827.5,122.0,2.2,NONE,99.9,0.0,499.5
2026-09-02T10:14:51.606032,4792.9,832.6,123.6,2.32,14.88,71.2,3184.5,-5.7,35.1,0.712,827.0,121.8,2.21,NONE,99.5,0.0,499.5
2026-09-02T10:14:52.606032,4782.0,829.9,121.4,2.33,14.75,72.2,3190.7,-5.7,35.2,0.722,827.8,122.1,2.2,NONE,99.6,0.0,499.5
2026-09-02T10:14:53.606032,4821.4,829.2,123.2,2.21,14.51,72.1,3202.1,-5.8,35.2,0.721,827.9,122.2,2.23,NONE,99.3,0.0,499.5
2026-09-02T10:14:54.606032,4812.7,829.1,122.6,2.26,15.0,73.0,3204.5,-5.8,35.3,0.73,828.6,122.4,2.22,NONE,97.1,0.0,499.5
2026-09-02T10:14:55.606032,4826.5,830.1,122.2,2.3,14.44,71.5,3201.4,-5.8,35.2,0.715,827.5,122.0,2.23,NONE,97.9,0.0,499.5
2026-09-02T10:14:56.606032,4795.0,821.9,122.1,2.28,15.11,72.2,3219.8,-5.9,35.2,0.722,827.9,122.1,2.21,NONE,99.7,0.0,499.5
2026-09-02T10:14:57.606032,4824.2,822.9,124.3,2.27,14.44,71.0,3207.7,-5.8,35.1,0.71,827.1,121.8,2.23,NONE,99.3,0.0,499.5
2026-09-02T10:14:58.606032,4791.5,827.7,121.6,2.12,14.28,71.3,3221.5,-5.9,35.1,0.713,827.2,121.8,2.21,NONE,98.0,0.0,499.5
2026-09-02T10:14:59.606032,4816.7,828.6,122.4,2.14,14.6,72.4,3231.6,-6.0,35.2,0.724,828.2,122.2,2.22,NONE,99.7,0.0,499.5
2026-09-02T10:15:00.606032,4806.7,830.0,123.4,2.1,14.76,71.8,3233.1,-6.0,35.2,0.718,827.7,122.0,2.22,NONE,98.5,0.0,499.5
2026-09-02T10:15:01.606032,4779.3,821.2,120.0,2.34,14.66,71.6,3244.9,-6.1,35.2,0.716,827.5,121.7,2.2,NONE,99.8,0.0,499.5
2026-09-02T10:15:02.606032,4778.7,828.7,120.4,2.03,15.09,71.8,3249.9,-6.1,35.2,0.718,827.6,121.8,2.2,NONE,99.5,0.0,499.5
2026-09-02T10:15:03.606032,4777.5,828.3,118.7,2.21,14.86,72.6,3255.2,-6.2,35.3,0.726,828.3,122.0,2.2,NONE,97.4,0.0,499.5
2026-09-02T10:15:04.606032,4819.7,820.9,122.2,2.32,14.47,71.8,3246.7,-6.1,35.2,0.718,827.9,122.0,2.23,NONE,97.6,0.0,499.5
2026-09-02T10:15:05.606032,4805.2,827.8,119.9,2.18,15.29,72.7,3249.3,-6.1,35.3,0.727,828.5,122.2,2.22,NONE,97.3,0.0,499.5
2026-09-02T10:15:06.606032,4811.2,824.7,120.5,2.21,14.4,72.1,3257.6,-6.2,35.2,0.721,828.1,122.0,2.22,NONE,99.2,0.0,499.5
2026-09-02T10:15:07.606032,4776.8,831.9,121.9,2.19,14.99,71.8,3262.1,-6.2,35.2,0.718,827.7,121.8,2.2,NONE,99.3,0.0,499.5
2026-09-02T10:15:08.606032,4773.9,825.5,125.7,2.37,14.34,72.5,3262.1,-6.2,35.3,0.725,828.2,122.0,2.19,NONE,98.3,0.0,499.5
2026-09-02T10:15:09.606032,4813.0,827.2,122.4,2.29,14.41,71.4,3275.1,-6.3,35.1,0.714,827.6,121.8,2.22,NONE,98.6,0.0,499.5
2026-09-02T10:15:10.606032,4825.2,822.4,119.4,2.4,14.74,71.4,3269.9,-6.3,35.1,0.714,827.7,121.8,2.23,NONE,99.9,0.0,499.5
2026-09-02T10:15:11.606032,4793.7,825.8,119.3,2.26,14.4,71.4,3273.7,-6.3,35.1,0.714,827.5,121.7,2.21,NONE,97.9,0.0,499.5
2026-09-02T10:15:12.606032,4794.6,827.0,122.9,2.13,15.12,72.1,3278.3,-6.3,35.2,0.721,828.1,121.9,2.21,NONE,97.3,0.0,499.5
2026-09-02T10:15:13.606032,4792.0,830.8,120.6,2.18,14.95,71.5,3279.1,-6.3,35.2,0.715,827.6,121.7,2.21,NONE,97.8,0.0,499.5
2026-09-02T10:15:14.606032,4799.1,835.5,120.6,2.23,15.25,72.2,3284.4,-6.3,35.2,0.722,828.2,121.9,2.21,NONE,99.1,0.0,499.5
2026-09-02T10:15:15.606032,4823.5,832.4,122.5,2.3,14.88,72.2,3295.5,-6.4,35.2,0.722,828.4,122.0,2.23,NONE,98.3,0.0,499.5
2026-09-02T10:15:16.606032,4792.6,828.7,121.2,2.2,14.4,71.3,3288.9,-6.4,35.1,0.713,827.5,121.6,2.21,NONE,99.4,0.0,499.5
2026-09-02T10:15:17.606032,4807.1,833.3,124.1,2.23,15.0,71.4,3297.5,-6.4,35.1,0.714,827.7,121.7,2.22,NONE,98.2,0.0,499.5
2026-09-02T10:15:18.606032,4776.0,823.3,120.9,1.97,14.76,71.4,3303.4,-6.5,35.1,0.714,827.5,121.6,2.2,NONE,98.2,0.0,499.5
2026-09-02T10:15:19.606032,4809.4,831.7,123.4,2.12,14.82,72.9,3300.5,-6.5,35.3,0.729,828.8,122.2,2.22,NONE,99.7,0.0,499.5
2026-09-02T10:15:20.606032,4799.6,831.4,124.4,2.44,14.44,72.3,3289.9,-6.4,35.2,0.723,828.3,122.0,2.21,NONE,99.1,0.0,499.5
2026-09-02T10:15:21.606032,4771.3,826.8,120.2,2.28,14.58,71.1,3297.5,-6.4,35.1,0.711,827.2,121.4,2.19,NONE,98.4,0.0,499.5
2026-09-02T10:15:22.606032,4795.0,824.5,121.0,2.27,14.76,71.8,3299.2,-6.4,35.2,0.718,827.9,121.8,2.21,NONE,99.9,0.0,499.5
2026-09-02T10:15:23.606032,4796.4,828.8,120.8,2.23,14.82,71.9,3293.3,-6.4,35.2,0.719,828.0,121.8,2.21,NONE,98.9,0.0,499.5
2026-09-02T10:15:24.606032,4816.4,825.8,123.0,2.14,14.36,71.9,3294.4,-6.4,35.2,0.719,828.1,121.9,2.22,NONE,98.4,0.0,499.5
2026-09-02T10:15:25.606032,4813.3,822.1,121.3,2.25,14.67,71.5,3308.9,-6.5,35.1,0.715,827.8,121.7,2.22,NONE,99.6,0.0,499.5
2026-09-02T10:15:26.606032,4791.8,825.6,124.8,2.26,14.26,71.7,3305.6,-6.5,35.2,0.717,827.8,121.7,2.21,NONE,97.4,0.0,499.5
2026-09-02T10:15:27.606032,4778.9,822.4,119.7,2.14,14.62,71.2,3300.7,-6.5,35.1,0.712,827.4,121.5,2.2,NONE,97.9,0.0,499.5
2026-09-02T10:15:28.606032,4819.5,826.3,125.1,2.21,15.07,72.7,3295.3,-6.4,35.3,0.727,828.7,122.2,2.23,NONE,99.3,0.0,499.5
2026-09-02T10:15:29.606032,4808.6,832.9,124.8,2.28,15.04,72.6,3307.3,-6.5,35.3,0.726,828.6,122.1,2.22,NONE,97.2,0.0,499.5
2026-09-02T10:15:30.606032,4812.2,827.8,123.8,2.11,14.85,73.0,3304.6,-6.5,35.3,0.73,828.9,122.2,2.22,NONE,97.6,0.0,499.5
2026-09-02T10:15:31.606032,4817.7,834.3,125.2,2.23,14.41,72.8,3287.6,-6.4,35.3,0.728,828.7,122.2,2.22,NONE,99.4,0.0,499.5
2026-09-02T10:15:32.606032,4827.5,826.5,121.3,2.18,14.95,72.2,3290.7,-6.4,35.2,0.722,828.4,122.1,2.23,NONE,99.9,0.0,499.5
2026-09-02T10:15:33.606032,4807.8,828.4,120.2,2.36,14.96,72.0,3282.7,-6.3,35.2,0.72,828.1,121.9,2.22,NONE,98.9,0.0,499.5
2026-09-02T10:15:34.606032,4795.2,826.3,123.3,2.21,14.16,71.8,3298.3,-6.4,35.2,0.718,827.9,121.8,2.21,NONE,98.0,0.0,499.5
2026-09-02T10:15:35.606032,4823.3,824.7,119.0,2.29,14.87,71.4,3285.2,-6.4,35.1,0.714,827.7,121.8,2.23,NONE,97.5,0.0,499.5
2026-09-02T10:15:36.606032,4819.2,832.0,122.2,2.24,14.38,72.5,3287.8,-6.4,35.3,0.725,828.5,122.1,2.23,NONE,97.5,0.0,499.5
2026-09-02T10:15:37.606032,4796.2,826.3,119.7,2.17,14.15,71.5,3276.0,-6.3,35.1,0.715,827.6,121.7,2.21,NONE,99.5,0.0,499.5
2026-09-02T10:15:38.606032,4800.1,828.4,120.9,2.03,14.59,71.4,3281.2,-6.3,35.1,0.714,827.6,121.7,2.21,NONE,98.8,0.0,499.5
2026-09-02T10:15:39.606032,4797.6,826.7,119.0,2.17,14.41,72.9,3271.6,-6.3,35.3,0.729,828.6,122.2,2.21,NONE,98.3,0.0,499.5
2026-09-02T10:15:40.606032,3219.6,786.9,106.7,1.25,9.49,43.4,3200.0,-5.8,32.3,0.434,782.4,106.2,1.27,NONE,98.8,0.0,499.5
2026-09-02T10:15:41.606032,3215.8,785.8,107.9,1.33,10.17,46.8,3175.0,-5.6,32.7,0.468,787.2,107.3,1.27,NONE,99.8,0.0,499.5
2026-09-02T10:15:42.606032,3198.5,787.3,107.6,1.3,9.62,44.7,3150.0,-5.5,32.5,0.447,783.9,106.6,1.26,NONE,98.4,0.0,499.5
2026-09-02T10:15:43.606032,3239.2,786.6,107.1,1.41,9.93,44.6,3125.0,-5.3,32.5,0.446,784.1,106.8,1.28,NONE,97.6,0.0,499.5
2026-09-02T10:15:44.606032,3162.0,783.3,104.4,1.2,9.83,46.2,3100.0,-5.2,32.6,0.462,785.5,107.0,1.24,NONE,98.7,0.0,499.5
2026-09-02T10:15:45.606032,3248.2,789.4,108.8,1.27,10.19,45.4,3075.0,-5.0,32.5,0.454,785.2,107.2,1.28,NONE,97.3,0.0,499.5
2026-09-02T10:15:46.606032,3211.0,778.5,111.2,1.43,10.03,46.5,3050.0,-4.8,32.7,0.465,786.3,107.4,1.27,NONE,98.5,0.0,499.5
2026-09-02T10:15:47.606032,3175.4,782.4,103.4,1.17,9.62,43.3,3025.0,-4.7,32.3,0.433,781.2,106.3,1.25,NONE,98.7,0.0,499.5
2026-09-02T10:15:48.606032,3238.0,782.5,110.1,1.28,9.7,44.9,3000.0,-4.5,32.5,0.449,784.1,107.2,1.28,NONE,97.5,0.0,499.5
2026-09-02T10:15:49.606032,3216.0,778.4,110.2,1.29,9.91,45.1,2975.0,-4.3,32.5,0.451,784.1,107.2,1.27,NONE,99.1,0.0,499.5
2026-09-02T10:15:50.606032,3189.4,785.3,111.0,1.52,10.42,46.7,2950.0,-4.2,32.7,0.467,786.0,107.6,1.26,NONE,99.8,0.0,499.5
2026-09-02T10:15:51.606032,3205.2,782.1,110.6,1.27,9.69,45.3,2925.0,-4.0,32.5,0.453,784.0,107.3,1.26,NONE,99.4,0.0,499.5
2026-09-02T10:15:52.606032,3213.1,783.2,105.8,1.36,10.62,44.9,2900.0,-3.8,32.5,0.449,783.5,107.2,1.27,NONE,98.9,0.0,499.5
2026-09-02T10:15:53.606032,3241.1,791.3,105.2,1.19,10.71,47.0,2875.0,-3.7,32.7,0.47,786.7,108.1,1.28,NONE,98.2,0.0,499.5
2026-09-02T10:15:54.606032,3206.1,779.4,108.4,1.21,10.34,44.2,2850.0,-3.5,32.4,0.442,782.2,107.1,1.26,NONE,99.0,0.0,499.5
2026-09-02T10:15:55.606032,3244.8,781.1,108.4,1.38,10.14,45.2,2825.0,-3.4,32.5,0.452,784.0,107.6,1.28,NONE,97.4,0.0,499.5
2026-09-02T10:15:56.606032,3237.6,785.5,107.1,1.28,10.56,43.7,2800.0,-3.2,32.4,0.437,781.6,107.2,1.28,NONE,99.6,0.0,499.5
2026-09-02T10:15:57.606032,3197.9,783.3,106.1,1.3,10.76,46.3,2775.0,-3.0,32.6,0.463,784.9,107.9,1.26,NONE,97.6,0.0,499.5
2026-09-02T10:15:58.606032,3155.2,781.6,104.7,1.1,9.47,43.5,2750.0,-2.9,32.3,0.435,780.3,106.9,1.24,NONE,97.9,0.0,499.5
2026-09-02T10:15:59.606032,3209.2,783.2,111.4,1.15,10.45,46.1,2725.0,-2.7,32.6,0.461,784.5,108.0,1.27,NONE,98.5,0.0,499.5
2026-09-02T10:16:00.606032,3189.8,784.4,104.2,1.4,10.61,46.5,2700.0,-2.6,32.6,0.465,784.8,108.1,1.26,NONE,98.3,0.0,499.5
2026-09-02T10:16:01.606032,3237.6,775.6,102.5,1.34,10.47,43.6,2675.0,-2.4,32.4,0.436,781.1,107.4,1.28,NONE,98.8,0.0,499.5
2026-09-02T10:16:02.606032,3156.1,778.9,104.8,1.18,10.68,44.4,2650.0,-2.2,32.4,0.444,781.3,107.3,1.24,NONE,97.2,0.0,499.5
2026-09-02T10:16:03.606032,3174.7,783.4,105.9,1.18,10.2,43.2,2625.0,-2.1,32.3,0.432,779.6,107.1,1.25,NONE,98.5,0.0,499.5
2026-09-02T10:16:04.606032,3173.2,770.7,106.3,1.37,10.27,43.9,2600.0,-1.9,32.4,0.439,780.5,107.4,1.25,NONE,98.9,0.0,499.5
2026-09-02T10:16:05.606032,3218.0,781.3,107.9,1.36,9.91,43.9,2575.0,-1.7,32.4,0.439,780.9,107.6,1.27,NONE,97.6,0.0,499.5
2026-09-02T10:16:06.606032,3167.2,787.3,106.4,1.11,10.35,46.3,2550.0,-1.6,32.6,0.463,783.8,108.2,1.25,NONE,99.0,0.0,499.5
2026-09-02T10:16:07.606032,3169.7,782.7,106.1,1.22,10.3,44.0,2525.0,-1.4,32.4,0.44,780.4,107.5,1.25,NONE,98.0,0.0,499.5
2026-09-02T10:16:08.606032,3211.5,780.2,106.8,1.31,11.06,45.7,2500.0,-1.2,32.6,0.457,783.2,108.3,1.27,NONE,97.7,0.0,499.5
2026-09-02T10:16:09.606032,3210.2,773.8,102.0,1.47,10.56,43.3,2475.0,-1.1,32.3,0.433,779.6,107.6,1.27,NONE,97.2,0.0,499.5
2026-09-02T10:16:10.606032,3215.9,780.2,105.2,1.27,10.8,45.6,2450.0,-0.9,32.6,0.456,782.9,108.4,1.27,NONE,98.5,0.0,499.5
2026-09-02T10:16:11.606032,3207.4,782.2,105.6,1.06,9.99,44.2,2425.0,-0.8,32.4,0.442,780.7,108.0,1.26,NONE,99.2,0.0,499.5
2026-09-02T10:16:12.606032,3169.9,777.9,106.2,1.24,10.43,44.9,2400.0,-0.6,32.5,0.449,781.3,108.1,1.25,NONE,98.8,0.0,499.5
2026-09-02T10:16:13.606032,3188.9,777.6,110.4,1.3,10.76,44.5,2375.0,-0.4,32.4,0.445,780.8,108.1,1.26,NONE,99.1,0.0,499.5
2026-09-02T10:16:14.606032,3192.0,784.4,107.7,1.27,11.0,44.7,2350.0,-0.3,32.5,0.447,781.0,108.2,1.26,NONE,99.1,0.0,499.5
2026-09-02T10:16:15.606032,3237.7,778.9,107.0,1.25,10.19,43.9,2325.0,-0.1,32.4,0.439,780.3,108.2,1.28,NONE,98.4,0.0,499.5
2026-09-02T10:16:16.606032,3237.5,792.2,109.6,1.29,10.57,44.0,2300.0,0.1,32.4,0.44,780.3,108.3,1.28,NONE,99.2,0.0,499.5
2026-09-02T10:16:17.606032,3221.6,776.7,103.8,1.22,10.78,44.1,2275.0,0.2,32.4,0.441,780.2,108.3,1.27,NONE,97.8,0.0,499.5
2026-09-02T10:16:18.606032,3162.5,775.2,108.5,1.34,10.81,45.7,2250.0,0.4,32.6,0.457,781.8,108.6,1.24,NONE,98.7,0.0,499.5
2026-09-02T10:16:19.606032,3152.6,781.4,111.3,1.2,10.32,46.8,2225.0,0.5,32.7,0.468,783.2,108.9,1.24,NONE,99.6,0.0,499.5
2026-09-02T10:16:20.606032,3164.4,777.5,109.7,1.18,10.54,44.2,2200.0,0.7,32.4,0.442,779.5,108.2,1.24,NONE,97.1,0.0,499.5
2026-09-02T10:16:21.606032,3195.3,778.3,108.8,1.36,10.57,45.5,2175.0,0.9,32.5,0.455,781.6,108.8,1.26,NONE,97.5,0.0,499.5
2026-09-02T10:16:22.606032,3196.9,782.4,108.8,1.36,10.38,46.3,2150.0,1.0,32.6,0.463,782.7,109.1,1.26,NONE,98.6,0.0,499.5
2026-09-02T10:16:23.606032,3160.3,780.8,107.1,1.22,10.68,44.7,2125.0,1.2,32.5,0.447,779.9,108.5,1.24,NONE,99.0,0.0,499.5
2026-09-02T10:16:24.606032,3232.1,781.9,108.6,1.52,11.11,44.6,2100.0,1.3,32.5,0.446,780.4,108.8,1.28,NONE,98.5,0.0,499.5
2026-09-02T10:16:25.606032,3193.1,780.0,106.6,1.39,10.65,44.5,2075.0,1.5,32.4,0.445,779.8,108.7,1.26,NONE,98.7,0.0,499.5
2026-09-02T10:16:26.606032,3237.4,784.6,108.2,1.2,11.16,45.2,2050.0,1.7,32.5,0.452,781.2,109.1,1.28,NONE,98.1,0.0,499.5
2026-09-02T10:16:27.606032,3188.1,780.0,108.0,1.42,10.82,46.8,2025.0,1.8,32.7,0.468,782.9,109.5,1.26,NONE,99.7,0.0,499.5
2026-09-02T10:16:28.606032,3234.1,772.6,109.3,1.27,11.07,46.3,2000.0,2.0,32.6,0.463,782.5,109.6,1.28,NONE,99.1,0.0,499.5
2026-09-02T10:16:29.606032,3204.2,781.9,107.0,1.38,10.63,45.0,1975.0,2.2,32.5,0.45,780.3,109.1,1.26,NONE,98.7,0.0,499.5
2026-09-02T10:16:30.606032,3175.6,786.0,109.2,1.3,10.49,44.8,1950.0,2.3,32.5,0.448,779.6,109.0,1.25,NONE,99.2,0.0,499.5
2026-09-02T10:16:31.606032,3181.8,785.7,105.1,1.3,10.27,44.2,1925.0,2.5,32.4,0.442,778.7,108.8,1.25,NONE,99.6,0.0,499.5
2026-09-02T10:16:32.606032,3216.0,774.2,110.9,1.26,10.65,44.7,1900.0,2.7,32.5,0.447,779.7,109.2,1.27,NONE,98.6,0.0,499.5
2026-09-02T10:16:33.606032,3198.3,781.0,108.3,1.12,10.76,44.3,1875.0,2.8,32.4,0.443,778.9,109.0,1.26,NONE,99.8,0.0,499.5
2026-09-02T10:16:34.606032,3246.3,781.1,108.2,1.45,10.77,44.2,1850.0,3.0,32.4,0.442,779.1,109.3,1.28,NONE,97.5,0.0,499.5
2026-09-02T10:16:35.606032,3181.1,785.8,105.2,1.18,11.25,45.1,1825.0,3.1,32.5,0.451,779.7,109.3,1.25,NONE,97.5,0.0,499.5
2026-09-02T10:16:36.606032,3206.0,784.8,111.8,1.29,10.77,45.4,1800.0,3.3,32.5,0.454,780.3,109.6,1.26,NONE,99.4,0.0,499.5
2026-09-02T10:16:37.606032,3204.9,781.1,109.8,1.32,11.39,46.6,1775.0,3.5,32.7,0.466,781.9,110.0,1.26,NONE,97.5,0.0,499.5
2026-09-02T10:16:38.606032,3237.7,777.1,110.4,1.25,11.21,44.9,1750.0,3.6,32.5,0.449,779.7,109.7,1.28,NONE,98.5,0.0,499.5
2026-09-02T10:16:39.606032,3154.3,783.7,108.9,1.26,10.54,43.8,1725.0,3.8,32.4,0.438,777.1,109.0,1.24,NONE,99.3,0.0,499.5
2026-09-02T10:16:40.606032,3162.4,773.2,109.3,1.25,10.73,44.7,1700.0,4.0,32.5,0.447,778.4,109.4,1.24,NONE,98.7,0.0,499.5
2026-09-02T10:16:41.606032,3182.9,779.7,108.7,1.29,11.09,45.4,1675.0,4.1,32.5,0.454,779.6,109.7,1.25,NONE,98.4,0.0,499.5
2026-09-02T10:16:42.606032,3161.6,781.1,108.2,1.21,11.19,43.5,1650.0,4.3,32.3,0.435,776.5,109.1,1.24,NONE,97.3,0.0,499.5
2026-09-02T10:16:43.606032,3227.9,779.1,110.7,1.23,10.9,45.3,1625.0,4.4,32.5,0.453,779.7,110.0,1.27,NONE,98.7,0.0,499.5
2026-09-02T10:16:44.606032,3236.7,782.4,107.1,1.35,11.28,46.3,1600.0,4.6,32.6,0.463,781.2,110.4,1.28,NONE,97.5,0.0,499.5
2026-09-02T10:16:45.606032,3230.1,774.1,109.7,1.36,11.23,45.8,1575.0,4.8,32.6,0.458,780.3,110.3,1.28,NONE,99.6,0.0,499.5
2026-09-02T10:16:46.606032,3240.1,785.9,106.8,1.41,11.08,45.5,1550.0,4.9,32.6,0.455,779.9,110.3,1.28,NONE,97.0,0.0,499.5
2026-09-02T10:16:47.606032,3206.1,780.7,112.3,1.29,11.74,45.6,1525.0,5.1,32.6,0.456,779.6,110.2,1.26,NONE,99.3,0.0,499.5
2026-09-02T10:16:48.606032,3246.0,778.7,110.4,0.99,10.99,45.9,1500.0,5.2,32.6,0.459,780.4,110.5,1.28,NONE,98.5,0.0,499.5
2026-09-02T10:16:49.606032,3151.0,784.2,110.0,1.21,11.25,43.8,1475.0,5.4,32.4,0.438,776.2,109.5,1.24,NONE,98.0,0.0,499.5
2026-09-02T10:16:50.606032,3239.7,785.2,109.4,1.39,10.54,43.7,1450.0,5.6,32.4,0.437,776.9,109.9,1.28,NONE,97.5,0.0,499.5
2026-09-02T10:16:51.606032,3182.0,779.8,109.0,1.19,10.94,43.6,1425.0,5.7,32.4,0.436,776.1,109.7,1.25,NONE,98.0,0.0,499.5
2026-09-02T10:16:52.606032,3177.5,773.3,108.6,1.35,11.22,46.6,1400.0,5.9,32.7,0.466,780.3,110.6,1.25,NONE,99.7,0.0,499.5
2026-09-02T10:16:53.606032,3233.3,789.0,108.8,1.27,11.37,43.0,1375.0,6.1,32.3,0.43,775.6,109.8,1.28,NONE,98.9,0.0,499.5
2026-09-02T10:16:54.606032,3192.5,780.4,113.1,1.19,11.39,44.7,1350.0,6.2,32.5,0.447,777.5,110.2,1.26,NONE,97.5,0.0,499.5
2026-09-02T10:16:55.606032,3151.9,777.5,110.8,1.24,11.25,46.8,1325.0,6.4,32.7,0.468,780.0,110.7,1.24,NONE,97.3,0.0,499.5
2026-09-02T10:16:56.606032,3174.4,776.5,108.9,1.27,11.32,44.9,1300.0,6.5,32.5,0.449,777.5,110.3,1.25,NONE,98.7,0.0,499.5
2026-09-02T10:16:57.606032,3175.7,783.0,108.7,1.25,11.04,45.3,1275.0,6.7,32.5,0.453,778.0,110.5,1.25,NONE,98.3,0.0,499.5
2026-09-02T10:16:58.606032,3239.9,774.9,110.4,1.2,11.77,46.4,1250.0,6.9,32.6,0.464,780.1,111.1,1.28,NONE,99.4,0.0,499.5
2026-09-02T10:16:59.606032,3184.8,775.9,110.5,1.41,11.39,45.7,1225.0,7.0,32.6,0.457,778.5,110.7,1.25,NONE,97.6,0.0,499.5
2026-09-02T10:17:00.606032,3220.4,785.8,111.8,1.39,12.21,46.5,1200.0,7.2,32.7,0.465,779.9,111.2,1.27,NONE,98.3,0.0,499.5
2026-09-02T10:17:01.606032,3226.9,780.1,111.5,1.36,11.35,45.5,1175.0,7.4,32.5,0.455,778.4,110.9,1.27,NONE,98.2,0.0,499.5
2026-09-02T10:17:02.606032,3227.5,774.6,111.7,1.3,11.17,43.4,1150.0,7.5,32.3,0.434,775.3,110.3,1.27,NONE,99.2,0.0,499.5
2026-09-02T10:17:03.606032,3204.7,774.4,111.4,1.22,10.89,43.6,1125.0,7.7,32.4,0.436,775.3,110.4,1.26,NONE,98.9,0.0,499.5
2026-09-02T10:17:04.606032,3207.1,780.7,112.7,1.09,11.23,46.8,1100.0,7.8,32.7,0.468,779.8,111.4,1.26,NONE,98.1,0.0,499.5
2026-09-02T10:17:05.606032,3165.6,772.1,112.4,1.23,12.03,44.2,1075.0,8.0,32.4,0.442,775.6,110.5,1.24,NONE,97.3,0.0,499.5
2026-09-02T10:17:06.606032,3210.3,778.3,114.9,1.36,11.73,46.4,1050.0,8.2,32.6,0.464,779.1,111.4,1.27,NONE,97.1,0.0,499.5
2026-09-02T10:17:07.606032,3211.8,771.5,114.5,1.41,11.89,45.3,1025.0,8.3,32.5,0.453,777.5,111.1,1.27,NONE,98.7,0.0,499.5
2026-09-02T10:17:08.606032,3204.8,769.1,109.6,1.23,11.46,43.6,1000.0,8.5,32.4,0.436,774.8,110.6,1.26,NONE,98.4,0.0,499.5
2026-09-02T10:17:09.606032,3224.4,779.0,113.0,1.27,11.02,43.4,975.0,8.7,32.3,0.434,774.7,110.7,1.27,NONE,98.3,0.0,499.5
2026-09-02T10:17:10.606032,3231.0,771.3,109.2,1.25,11.87,45.5,950.0,8.8,32.6,0.455,777.7,111.4,1.28,NONE,99.1,0.0,499.5
2026-09-02T10:17:11.606032,3188.0,773.5,114.1,1.23,11.46,45.5,925.0,9.0,32.5,0.455,777.2,111.3,1.26,NONE,98.8,0.0,499.5
2026-09-02T10:17:12.606032,3227.3,784.4,115.8,1.17,11.85,46.0,900.0,9.1,32.6,0.46,778.2,111.7,1.27,NONE,97.2,0.0,499.5
2026-09-02T10:17:13.606032,3179.6,778.2,112.1,1.24,11.19,43.7,875.0,9.3,32.4,0.437,774.3,110.8,1.25,NONE,99.3,0.0,499.5
2026-09-02T10:17:14.606032,3241.9,776.7,108.9,1.38,11.73,45.6,850.0,9.5,32.6,0.456,777.6,111.7,1.28,NONE,98.1,0.0,499.5
2026-09-02T10:17:15.606032,3156.2,771.6,108.0,1.45,11.79,46.7,825.0,9.6,32.7,0.467,778.2,111.7,1.24,NONE,98.3,0.0,499.5
2026-09-02T10:17:16.606032,3193.7,781.1,109.2,1.48,12.3,46.8,800.0,9.8,32.7,0.468,778.6,112.0,1.26,NONE,99.5,0.0,499.5
2026-09-02T10:17:17.606032,3204.9,767.6,106.8,1.18,11.28,44.2,775.0,10.0,32.4,0.442,774.9,111.2,1.26,NONE,98.4,0.0,499.5
2026-09-02T10:17:18.606032,3233.5,776.2,113.8,1.22,11.57,44.4,750.0,10.1,32.4,0.444,775.4,111.5,1.28,NONE,99.9,0.0,499.5
2026-09-02T10:17:19.606032,3166.2,777.8,109.6,1.21,11.7,45.1,725.0,10.3,32.5,0.451,775.6,111.5,1.25,NONE,99.5,0.0,499.5
2026-09-02T10:17:20.606032,3193.8,774.1,115.0,1.41,11.18,44.8,700.0,10.4,32.5,0.448,775.4,111.5,1.26,NONE,99.0,0.0,499.5
2026-09-02T10:17:21.606032,3204.1,770.1,113.9,1.28,11.43,43.0,675.0,10.6,32.3,0.43,772.8,111.1,1.26,NONE,97.6,0.0,499.5
2026-09-02T10:17:22.606032,3219.1,764.9,111.7,1.06,11.52,43.4,650.0,10.8,32.3,0.434,773.5,111.3,1.27,NONE,99.7,0.0,499.5
2026-09-02T10:17:23.606032,3175.6,765.5,110.1,1.11,12.18,46.0,625.0,10.9,32.6,0.46,776.7,112.0,1.25,NONE,97.5,0.0,499.5
2026-09-02T10:17:24.606032,3196.6,780.1,111.6,1.29,11.03,43.8,600.0,11.1,32.4,0.438,773.6,111.4,1.26,NONE,99.4,0.0,499.5
2026-09-02T10:17:25.606032,3233.8,780.0,108.0,1.3,11.85,44.4,575.0,11.3,32.4,0.444,774.8,111.8,1.28,NONE,98.4,0.0,499.5
2026-09-02T10:17:26.606032,3162.8,783.9,115.0,1.4,12.36,46.3,550.0,11.4,32.6,0.463,776.7,112.2,1.24,NONE,100.0,0.0,499.5
2026-09-02T10:17:27.606032,3231.4,777.9,112.4,1.27,11.77,44.8,525.0,11.6,32.5,0.448,775.2,112.0,1.28,NONE,99.6,0.0,499.5
2026-09-02T10:17:28.606032,3236.6,777.6,112.3,1.25,11.86,43.4,500.0,11.8,32.3,0.434,773.1,111.7,1.28,NONE,99.0,0.0,499.5
2026-09-02T10:17:29.606032,3178.9,771.1,111.9,1.43,11.54,45.8,475.0,11.9,32.6,0.458,775.9,112.2,1.25,NONE,98.1,0.0,499.5
2026-09-02T10:17:30.606032,3155.0,769.8,109.5,1.12,11.43,43.6,450.0,12.1,32.4,0.436,772.4,111.5,1.24,NONE,98.8,0.0,499.5
2026-09-02T10:17:31.606032,3161.7,779.5,111.1,1.31,11.88,46.5,425.0,12.2,32.7,0.465,776.6,112.5,1.24,NONE,98.0,0.0,499.5
2026-09-02T10:17:32.606032,3190.0,771.4,110.3,1.34,11.7,43.5,400.0,12.4,32.4,0.435,772.4,111.7,1.26,NONE,97.7,0.0,499.5
2026-09-02T10:17:33.606032,3215.7,780.8,111.0,1.21,12.68,46.5,375.0,12.6,32.7,0.465,776.9,112.8,1.27,NONE,98.5,0.0,499.5
2026-09-02T10:17:34.606032,3235.2,774.3,112.6,1.26,12.12,45.7,350.0,12.7,32.6,0.457,775.9,112.7,1.28,NONE,99.3,0.0,499.5
2026-09-02T10:17:35.606032,3215.0,774.1,112.2,1.34,12.15,46.0,325.0,12.9,32.6,0.46,776.1,112.8,1.27,NONE,99.3,0.0,499.5
2026-09-02T10:17:36.606032,3233.9,777.4,113.9,1.24,11.47,44.7,300.0,13.1,32.5,0.447,774.3,112.5,1.28,NONE,98.5,0.0,499.5
2026-09-02T10:17:37.606032,3235.5,776.7,114.6,1.27,12.34,45.2,275.0,13.2,32.5,0.452,775.0,112.7,1.28,NONE,98.3,0.0,499.5
2026-09-02T10:17:38.606032,3165.6,780.4,111.9,1.39,12.32,45.4,250.0,13.4,32.5,0.454,774.4,112.5,1.24,NONE,99.7,0.0,499.5
2026-09-02T10:17:39.606032,3219.7,763.7,110.0,1.4,12.3,43.3,225.0,13.5,32.3,0.433,771.9,112.1,1.27,NONE,97.5,0.0,499.5
2026-09-02T10:17:40.606032,5352.9,827.2,134.2,2.45,23.81,90.4,100.0,14.3,37.0,0.904,828.5,136.4,2.63,NONE,97.1,0.0,499.5
2026-09-02T10:17:41.606032,5441.7,825.0,142.6,2.68,24.35,92.9,115.0,14.3,37.3,0.929,829.4,137.6,2.7,NONE,98.0,0.0,499.5
2026-09-02T10:17:42.606032,5370.0,828.9,138.1,2.76,23.62,92.2,130.0,14.2,37.2,0.922,829.1,137.0,2.64,NONE,99.6,0.0,499.5
2026-09-02T10:17:43.606032,5426.4,828.8,136.2,2.77,24.04,92.8,145.0,14.1,37.3,0.928,829.4,137.4,2.69,NONE,98.6,0.0,499.5
2026-09-02T10:17:44.606032,5363.3,836.4,136.6,2.75,23.39,90.3,160.0,14.0,37.0,0.903,828.7,136.3,2.64,NONE,97.2,0.0,499.5
2026-09-02T10:17:45.606032,5378.9,822.4,134.1,2.58,23.61,90.3,175.0,13.9,37.0,0.903,828.8,136.4,2.65,NONE,97.2,0.0,499.5
2026-09-02T10:17:46.606032,5446.3,830.6,135.8,2.54,24.92,94.0,190.0,13.8,37.4,0.94,829.9,137.8,2.7,NONE,99.0,0.0,499.5
2026-09-02T10:17:47.606032,5375.2,827.5,138.7,2.58,23.46,92.3,205.0,13.7,37.2,0.923,829.4,136.9,2.65,NONE,97.8,0.0,499.5
2026-09-02T10:17:48.606032,5420.2,828.2,137.4,2.52,24.23,90.8,220.0,13.6,37.1,0.908,829.2,136.6,2.68,NONE,99.8,0.0,499.5
2026-09-02T10:17:49.606032,5440.4,830.6,135.1,2.67,24.06,91.3,235.0,13.5,37.1,0.913,829.4,136.8,2.7,NONE,99.0,0.0,499.5
2026-09-02T10:17:50.606032,5420.5,822.9,136.7,2.64,23.9,90.7,250.0,13.4,37.1,0.907,829.3,136.5,2.68,NONE,98.5,0.0,499.5
2026-09-02T10:17:51.606032,5353.2,835.2,138.1,2.63,24.0,91.2,265.0,13.3,37.1,0.912,829.3,136.4,2.63,NONE,98.8,0.0,499.5
2026-09-02T10:17:52.606032,5371.8,825.8,137.8,2.71,24.01,93.3,280.0,13.2,37.3,0.933,829.9,137.1,2.64,NONE,99.1,0.0,499.5
2026-09-02T10:17:53.606032,5373.8,831.5,136.6,2.85,24.18,91.2,295.0,13.1,37.1,0.912,829.5,136.4,2.65,NONE,99.6,0.0,499.5
2026-09-02T10:17:54.606032,5385.6,825.4,136.0,2.6,23.66,90.9,310.0,13.0,37.1,0.909,829.5,136.3,2.66,NONE,99.6,0.0,499.5
2026-09-02T10:17:55.606032,5428.9,834.3,139.4,2.67,24.57,93.9,325.0,12.9,37.4,0.939,830.3,137.4,2.69,NONE,99.4,0.0,499.5
2026-09-02T10:17:56.606032,5434.8,826.6,141.4,2.86,23.68,91.5,340.0,12.8,37.2,0.915,829.8,136.7,2.7,NONE,99.5,0.0,499.5
2026-09-02T10:17:57.606032,5426.7,835.5,138.8,2.79,24.27,90.6,355.0,12.7,37.1,0.906,829.6,136.3,2.69,NONE,99.7,0.0,499.5
2026-09-02T10:17:58.606032,5417.4,829.9,138.1,2.68,23.66,91.6,370.0,12.6,37.2,0.916,829.9,136.6,2.68,NONE,99.5,0.0,499.5
2026-09-02T10:17:59.606032,5394.4,836.2,138.2,2.61,24.01,92.1,385.0,12.5,37.2,0.921,830.1,136.6,2.66,NONE,99.7,0.0,499.5
2026-09-02T10:18:00.606032,5373.2,827.5,136.4,2.53,23.85,91.7,400.0,12.4,37.2,0.917,830.0,136.3,2.65,NONE,97.9,0.0,499.5
2026-09-02T10:18:01.606032,5353.8,824.8,137.7,2.76,24.12,93.8,415.0,12.3,37.4,0.938,830.5,136.9,2.63,NONE,97.3,0.0,499.5
2026-09-02T10:18:02.606032,5378.6,832.9,136.6,2.59,24.05,92.8,430.0,12.2,37.3,0.928,830.3,136.6,2.65,NONE,99.5,0.0,499.5
2026-09-02T10:18:03.606032,5395.2,842.7,132.6,2.57,23.29,92.3,445.0,12.1,37.2,0.923,830.3,136.5,2.66,NONE,98.2,0.0,499.5
2026-09-02T10:18:04.606032,5410.8,828.0,135.5,2.76,22.95,90.1,460.0,12.0,37.0,0.901,829.8,135.9,2.68,NONE,98.8,0.0,499.5
2026-09-02T10:18:05.606032,5384.6,837.7,135.3,2.68,22.95,90.8,475.0,11.9,37.1,0.908,830.0,136.0,2.65,NONE,100.0,0.0,499.5
2026-09-02T10:18:06.606032,5395.4,829.8,134.9,2.66,23.64,92.8,490.0,11.8,37.3,0.928,830.6,136.6,2.66,NONE,97.9,0.0,499.5
2026-09-02T10:18:07.606032,5420.1,830.5,137.0,2.61,23.54,91.2,505.0,11.7,37.1,0.912,830.3,136.2,2.68,NONE,99.9,0.0,499.5
2026-09-02T10:18:08.606032,5439.3,834.3,135.6,2.63,24.45,93.9,520.0,11.6,37.4,0.939,831.0,137.1,2.7,NONE,97.4,0.0,499.5
2026-09-02T10:18:09.606032,5384.4,830.8,137.2,2.74,23.24,91.0,535.0,11.5,37.1,0.91,830.3,135.9,2.65,NONE,99.9,0.0,499.5
2026-09-02T10:18:10.606032,5403.1,828.2,136.6,2.66,23.24,90.8,550.0,11.4,37.1,0.908,830.3,135.9,2.67,NONE,99.3,0.0,499.5
2026-09-02T10:18:11.606032,5361.5,828.9,133.7,2.7,23.52,90.7,565.0,11.3,37.1,0.907,830.3,135.6,2.64,NONE,98.2,0.0,499.5
2026-09-02T10:18:12.606032,5356.2,834.5,135.0,2.8,22.73,90.1,580.0,11.2,37.0,0.901,830.1,135.4,2.63,NONE,98.4,0.0,499.5
2026-09-02T10:18:13.606032,5369.2,824.1,135.9,2.65,22.79,90.5,595.0,11.1,37.1,0.905,830.3,135.6,2.64,NONE,98.2,0.0,499.5
2026-09-02T10:18:14.606032,5381.0,834.1,135.3,2.69,22.97,91.1,610.0,11.0,37.1,0.911,830.6,135.8,2.65,NONE,97.7,0.0,499.5
2026-09-02T10:18:15.606032,5449.0,830.0,140.2,2.91,23.3,93.0,625.0,10.9,37.3,0.93,831.2,136.6,2.71,NONE,98.6,0.0,499.5
2026-09-02T10:18:16.606032,5410.5,825.9,134.2,2.63,22.5,90.8,640.0,10.8,37.1,0.908,830.7,135.7,2.68,NONE,99.3,0.0,499.5
2026-09-02T10:18:17.606032,5428.9,826.9,136.0,2.76,23.68,93.2,655.0,10.7,37.3,0.932,831.3,136.5,2.69,NONE,99.5,0.0,499.5
2026-09-02T10:18:18.606032,5382.6,825.6,136.6,2.6,23.22,90.1,670.0,10.6,37.0,0.901,830.5,135.3,2.65,NONE,97.2,0.0,499.5
2026-09-02T10:18:19.606032,5443.0,830.9,140.3,2.67,22.98,93.2,685.0,10.5,37.3,0.932,831.4,136.5,2.7,NONE,98.9,0.0,499.5
2026-09-02T10:18:20.606032,5410.2,833.6,134.9,2.75,23.39,93.9,700.0,10.4,37.4,0.939,831.6,136.6,2.68,NONE,98.2,0.0,499.5
2026-09-02T10:18:21.606032,5374.3,832.5,137.5,2.65,22.63,93.5,715.0,10.4,37.3,0.935,831.5,136.3,2.65,NONE,99.3,0.0,499.5
2026-09-02T10:18:22.606032,5357.8,830.8,136.7,2.72,23.42,93.1,730.0,10.3,37.3,0.931,831.4,136.1,2.63,NONE,98.0,0.0,499.5
2026-09-02T10:18:23.606032,5424.0,834.7,135.9,2.74,22.39,90.7,745.0,10.2,37.1,0.907,831.0,135.6,2.69,NONE,98.6,0.0,499.5
2026-09-02T10:18:24.606032,5418.2,828.5,134.4,2.6,22.58,92.2,760.0,10.1,37.2,0.922,831.4,136.0,2.68,NONE,98.0,0.0,499.5
2026-09-02T10:18:25.606032,5352.6,831.2,136.1,2.63,23.52,93.4,775.0,10.0,37.3,0.934,831.6,136.0,2.63,NONE,98.5,0.0,499.5
2026-09-02T10:18:26.606032,5405.3,837.4,138.8,2.64,23.5,93.8,790.0,9.9,37.4,0.938,831.9,136.4,2.67,NONE,97.2,0.0,499.5
2026-09-02T10:18:27.606032,5415.8,830.1,136.8,2.69,22.38,91.2,805.0,9.8,37.1,0.912,831.3,135.6,2.68,NONE,99.5,0.0,499.5
2026-09-02T10:18:28.606032,5416.6,828.4,137.0,2.86,22.79,91.2,820.0,9.7,37.1,0.912,831.4,135.5,2.68,NONE,98.7,0.0,499.5
2026-09-02T10:18:29.606032,5361.4,826.2,133.5,2.74,22.43,90.7,835.0,9.6,37.1,0.907,831.2,135.1,2.64,NONE,99.1,0.0,499.5
2026-09-02T10:18:30.606032,5422.2,827.1,136.1,2.69,22.91,93.6,850.0,9.5,37.4,0.936,832.1,136.2,2.68,NONE,99.7,0.0,499.5
2026-09-02T10:18:31.606032,5414.1,827.6,132.9,2.57,22.48,90.5,865.0,9.4,37.0,0.905,831.4,135.2,2.68,NONE,99.9,0.0,499.5
2026-09-02T10:18:32.606032,5444.9,839.9,133.4,2.64,22.87,93.0,880.0,9.3,37.3,0.93,832.1,136.1,2.7,NONE,99.0,0.0,499.5
2026-09-02T10:18:33.606032,5443.3,827.0,136.5,2.79,22.42,90.4,895.0,9.2,37.0,0.904,831.5,135.2,2.7,NONE,99.5,0.0,499.5
2026-09-02T10:18:34.606032,5355.0,829.6,132.6,2.67,22.4,92.5,910.0,9.1,37.3,0.925,831.9,135.5,2.63,NONE,99.3,0.0,499.5
2026-09-02T10:18:35.606032,5393.8,827.7,138.5,2.69,22.51,92.1,925.0,9.0,37.2,0.921,831.9,135.5,2.66,NONE,97.8,0.0,499.5
2026-09-02T10:18:36.606032,5423.9,829.4,137.0,2.74,21.67,90.9,940.0,8.9,37.1,0.909,831.8,135.2,2.69,NONE,98.4,0.0,499.5
2026-09-02T10:18:37.606032,5392.0,831.8,136.0,2.62,21.93,91.0,955.0,8.8,37.1,0.91,831.8,135.1,2.66,NONE,99.9,0.0,499.5
2026-09-02T10:18:38.606032,5422.9,826.4,133.5,2.54,21.42,90.1,970.0,8.7,37.0,0.901,831.6,134.9,2.69,NONE,98.0,0.0,499.5
2026-09-02T10:18:39.606032,5399.3,831.6,134.7,2.51,22.58,92.0,985.0,8.6,37.2,0.92,832.1,135.4,2.67,NONE,97.3,0.0,499.5
2026-09-02T10:18:40.606032,5118.4,831.0,130.8,2.37,20.37,83.7,1000.0,8.5,36.4,0.837,828.6,131.5,2.45,NONE,98.0,0.0,499.5
2026-09-02T10:18:41.606032,5113.4,822.0,133.7,2.53,20.72,85.6,1025.0,8.3,36.6,0.856,829.5,132.0,2.44,NONE,98.2,0.0,499.5
2026-09-02T10:18:42.606032,5135.7,833.4,130.4,2.54,19.84,83.7,1050.0,8.2,36.4,0.837,828.8,131.5,2.46,NONE,97.2,0.0,499.5
2026-09-02T10:18:43.606032,5106.7,826.3,130.7,2.51,20.03,83.8,1075.0,8.0,36.4,0.838,828.8,131.3,2.44,NONE,98.2,0.0,499.5
2026-09-02T10:18:44.606032,5111.4,830.1,132.8,2.53,21.21,85.6,1100.0,7.8,36.6,0.856,829.7,131.9,2.44,NONE,99.5,0.0,499.5
2026-09-02T10:18:45.606032,5128.5,831.2,132.4,2.41,21.07,84.3,1125.0,7.7,36.4,0.843,829.3,131.5,2.45,NONE,99.5,0.0,499.5
2026-09-02T10:18:46.606032,5114.6,818.2,131.9,2.61,19.78,85.9,1150.0,7.5,36.6,0.859,830.0,131.9,2.44,NONE,98.8,0.0,499.5
2026-09-02T10:18:47.606032,5124.3,829.6,132.1,2.37,20.1,84.1,1175.0,7.4,36.4,0.841,829.4,131.3,2.45,NONE,97.0,0.0,499.5
2026-09-02T10:18:48.606032,5102.3,827.8,129.7,2.4,19.99,84.5,1200.0,7.2,36.5,0.845,829.6,131.3,2.43,NONE,100.0,0.0,499.5
2026-09-02T10:18:49.606032,5127.8,825.5,129.5,2.53,20.3,85.3,1225.0,7.0,36.5,0.853,830.1,131.6,2.45,NONE,97.0,0.0,499.5
2026-09-02T10:18:50.606032,5080.2,830.3,136.2,2.26,20.46,86.2,1250.0,6.9,36.6,0.862,830.4,131.6,2.42,NONE,97.1,0.0,499.5
2026-09-02T10:18:51.606032,5100.7,828.6,131.7,2.61,20.41,86.5,1275.0,6.7,36.6,0.865,830.7,131.8,2.43,NONE,97.4,0.0,499.5
2026-09-02T10:18:52.606032,5061.5,827.9,125.3,2.35,19.94,85.1,1300.0,6.5,36.5,0.851,830.1,131.1,2.4,NONE,98.8,0.0,499.5
2026-09-02T10:18:53.606032,5084.5,829.8,135.0,2.53,20.26,85.8,1325.0,6.4,36.6,0.858,830.5,131.4,2.42,NONE,97.8,0.0,499.5
2026-09-02T10:18:54.606032,5128.7,828.6,129.4,2.46,19.68,85.0,1350.0,6.2,36.5,0.85,830.4,131.3,2.45,NONE,99.2,0.0,499.5
2026-09-02T10:18:55.606032,5065.0,826.2,132.5,2.25,19.98,85.4,1375.0,6.1,36.5,0.854,830.5,131.1,2.41,NONE,99.7,0.0,499.5
2026-09-02T10:18:56.606032,5125.3,836.0,130.6,2.42,20.32,86.5,1400.0,5.9,36.6,0.865,831.2,131.6,2.45,NONE,99.2,0.0,499.5
2026-09-02T10:18:57.606032,5083.3,833.0,128.9,2.56,19.89,83.9,1425.0,5.7,36.4,0.839,830.0,130.6,2.42,NONE,98.5,0.0,499.5
2026-09-02T10:18:58.606032,5117.2,835.9,128.6,2.41,19.81,84.4,1450.0,5.6,36.4,0.844,830.5,130.8,2.45,NONE,97.2,0.0,499.5
2026-09-02T10:18:59.606032,5079.3,837.8,128.6,2.46,19.76,85.6,1475.0,5.4,36.6,0.856,830.9,131.0,2.42,NONE,99.6,0.0,499.5
2026-09-02T10:19:00.606032,5070.5,827.8,131.4,2.37,19.01,83.9,1500.0,5.2,36.4,0.839,830.2,130.4,2.41,NONE,99.9,0.0,499.5
2026-09-02T10:19:01.606032,5119.3,825.7,132.5,2.34,19.46,85.2,1525.0,5.1,36.5,0.852,831.1,130.9,2.45,NONE,99.4,0.0,499.5
2026-09-02T10:19:02.606032,5139.3,830.5,130.3,2.33,19.34,84.7,1550.0,4.9,36.5,0.847,831.0,130.8,2.46,NONE,98.5,0.0,499.5
2026-09-02T10:19:03.606032,5139.2,829.9,129.7,2.35,19.87,84.7,1575.0,4.8,36.5,0.847,831.1,130.8,2.46,NONE,97.3,0.0,499.5
2026-09-02T10:19:04.606032,5096.1,823.4,130.0,2.39,19.6,84.9,1600.0,4.6,36.5,0.849,831.1,130.6,2.43,NONE,97.3,0.0,499.5
2026-09-02T10:19:05.606032,5093.6,826.6,130.9,2.41,18.93,83.8,1625.0,4.4,36.4,0.838,830.7,130.2,2.43,NONE,97.4,0.0,499.5
2026-09-02T10:19:06.606032,5061.0,825.5,130.2,2.47,19.17,84.3,1650.0,4.3,36.4,0.843,830.9,130.2,2.4,NONE,99.2,0.0,499.5
2026-09-02T10:19:07.606032,5077.9,834.4,130.7,2.52,19.73,83.6,1675.0,4.1,36.4,0.836,830.7,130.0,2.42,NONE,97.5,0.0,499.5
2026-09-02T10:19:08.606032,5068.4,831.0,132.8,2.39,19.81,85.9,1700.0,4.0,36.6,0.859,831.8,130.6,2.41,NONE,97.1,0.0,499.5
2026-09-02T10:19:09.606032,5065.3,831.6,131.9,2.24,19.47,84.3,1725.0,3.8,36.4,0.843,831.2,130.0,2.41,NONE,99.8,0.0,499.5
2026-09-02T10:19:10.606032,5126.4,825.3,133.5,2.39,19.84,84.6,1750.0,3.6,36.5,0.846,831.6,130.3,2.45,NONE,97.9,0.0,499.5
2026-09-02T10:19:11.606032,5114.5,835.1,127.0,2.52,19.51,84.4,1775.0,3.5,36.4,0.844,831.6,130.2,2.44,NONE,98.6,0.0,499.5
2026-09-02T10:19:12.606032,5076.1,831.9,131.9,2.4,19.23,84.7,1800.0,3.3,36.5,0.847,831.7,130.0,2.41,NONE,99.4,0.0,499.5
2026-09-02T10:19:13.606032,5095.7,832.2,131.5,2.36,19.37,86.0,1825.0,3.1,36.6,0.86,832.4,130.5,2.43,NONE,98.2,0.0,499.5
2026-09-02T10:19:14.606032,5104.8,831.0,124.1,2.44,18.93,86.0,1850.0,3.0,36.6,0.86,832.5,130.5,2.44,NONE,98.7,0.0,499.5
2026-09-02T10:19:15.606032,5088.0,826.8,131.3,2.47,19.0,84.9,1875.0,2.8,36.5,0.849,832.1,130.0,2.42,NONE,97.3,0.0,499.5
2026-09-02T10:19:16.606032,5071.3,836.9,128.8,2.36,18.84,84.6,1900.0,2.7,36.5,0.846,832.0,129.8,2.41,NONE,98.6,0.0,499.5
2026-09-02T10:19:17.606032,5095.0,828.3,128.9,2.44,19.09,84.4,1925.0,2.5,36.4,0.844,832.0,129.8,2.43,NONE,99.5,0.0,499.5
2026-09-02T10:19:18.606032,5083.3,839.6,131.5,2.45,18.71,83.6,1950.0,2.3,36.4,0.836,831.7,129.4,2.42,NONE,97.9,0.0,499.5
2026-09-02T10:19:19.606032,5122.0,838.9,126.3,2.47,18.58,85.7,1975.0,2.2,36.6,0.857,832.9,130.2,2.45,NONE,97.5,0.0,499.5
2026-09-02T10:19:20.606032,5091.8,827.0,132.1,2.5,18.9,85.6,2000.0,2.0,36.6,0.856,832.8,130.0,2.43,NONE,98.3,0.0,499.5
2026-09-02T10:19:21.606032,5125.7,833.0,132.2,2.35,19.03,85.4,2025.0,1.8,36.5,0.854,832.9,130.0,2.45,NONE,98.1,0.0,499.5
2026-09-02T10:19:22.606032,5085.2,832.5,128.3,2.42,18.58,85.4,2050.0,1.7,36.5,0.854,832.9,129.8,2.42,NONE,99.8,0.0,499.5
2026-09-02T10:19:23.606032,5077.8,840.3,129.5,2.42,19.04,86.3,2075.0,1.5,36.6,0.863,833.3,130.0,2.42,NONE,98.8,0.0,499.5
2026-09-02T10:19:24.606032,5111.2,835.2,131.5,2.45,18.69,84.6,2100.0,1.3,36.5,0.846,832.8,129.6,2.44,NONE,97.4,0.0,499.5
2026-09-02T10:19:25.606032,5082.6,830.3,130.5,2.25,18.59,84.8,2125.0,1.2,36.5,0.848,832.9,129.5,2.42,NONE,99.1,0.0,499.5
2026-09-02T10:19:26.606032,5097.9,831.4,125.6,2.3,18.38,83.6,2150.0,1.0,36.4,0.836,832.5,129.1,2.43,NONE,98.5,0.0,499.5
2026-09-02T10:19:27.606032,5105.4,835.2,127.2,2.56,18.14,84.0,2175.0,0.9,36.4,0.84,832.8,129.2,2.44,NONE,99.3,0.0,499.5
2026-09-02T10:19:28.606032,5109.3,832.5,128.6,2.29,18.4,84.6,2200.0,0.7,36.5,0.846,833.1,129.4,2.44,NONE,99.2,0.0,499.5
2026-09-02T10:19:29.606032,5132.0,839.7,131.4,2.31,18.72,84.0,2225.0,0.5,36.4,0.84,833.0,129.2,2.46,NONE,97.7,0.0,499.5
2026-09-02T10:19:30.606032,5111.4,831.7,126.9,2.42,18.28,84.9,2250.0,0.4,36.5,0.849,833.5,129.4,2.44,NONE,99.7,0.0,499.5
2026-09-02T10:19:31.606032,5107.8,830.0,129.8,2.45,18.33,84.4,2275.0,0.2,36.4,0.844,833.3,129.1,2.44,NONE,99.9,0.0,499.5
2026-09-02T10:19:32.606032,5067.8,838.9,124.7,2.45,18.36,85.7,2300.0,0.1,36.6,0.857,833.8,129.3,2.41,NONE,98.6,0.0,499.5
2026-09-02T10:19:33.606032,5095.2,836.1,126.4,2.37,18.55,84.0,2325.0,-0.1,36.4,0.84,833.3,128.9,2.43,NONE,98.8,0.0,499.5
2026-09-02T10:19:34.606032,5077.9,832.4,130.7,2.39,18.48,84.4,2350.0,-0.3,36.4,0.844,833.5,128.9,2.42,NONE,99.3,0.0,499.5
2026-09-02T10:19:35.606032,5118.9,834.6,128.9,2.44,18.48,85.7,2375.0,-0.4,36.6,0.857,834.3,129.4,2.45,NONE,97.4,0.0,499.5
2026-09-02T10:19:36.606032,5099.0,830.4,126.7,2.52,17.93,83.6,2400.0,-0.6,36.4,0.836,833.4,128.6,2.43,NONE,97.8,0.0,499.5
2026-09-02T10:19:37.606032,5099.3,832.7,129.2,2.5,18.13,84.3,2425.0,-0.8,36.4,0.843,833.8,128.8,2.43,NONE,97.8,0.0,499.5
2026-09-02T10:19:38.606032,5062.9,836.6,126.9,2.52,17.72,86.1,2450.0,-0.9,36.6,0.861,834.5,129.1,2.4,NONE,98.3,0.0,499.5
2026-09-02T10:19:39.606032,5120.2,833.2,128.1,2.54,17.92,83.9,2475.0,-1.1,36.4,0.839,833.8,128.6,2.45,NONE,99.6,0.0,499.5
2026-09-02T10:19:40.606032,5060.6,831.7,125.5,2.45,17.84,86.3,2500.0,-1.2,36.6,0.863,834.8,129.1,2.4,NONE,99.1,0.0,499.5
2026-09-02T10:19:41.606032,5098.8,834.8,126.9,2.38,17.83,84.4,2525.0,-1.4,36.4,0.844,834.2,128.6,2.43,NONE,99.2,0.0,499.5
2026-09-02T10:19:42.606032,5080.8,834.1,126.9,2.48,17.53,84.1,2550.0,-1.6,36.4,0.841,834.1,128.4,2.42,NONE,98.7,0.0,499.5
2026-09-02T10:19:43.606032,5136.8,834.7,132.2,2.35,17.77,85.3,2575.0,-1.7,36.5,0.853,834.8,128.9,2.46,NONE,99.2,0.0,499.5
2026-09-02T10:19:44.606032,5070.0,839.4,129.1,2.57,18.21,85.0,2600.0,-1.9,36.5,0.85,834.6,128.5,2.41,NONE,97.2,0.0,499.5
2026-09-02T10:19:45.606032,5134.9,834.9,132.2,2.43,17.71,85.3,2625.0,-2.1,36.5,0.853,835.0,128.8,2.46,NONE,97.4,0.0,499.5
2026-09-02T10:19:46.606032,5067.6,834.3,127.0,2.5,18.26,86.0,2650.0,-2.2,36.6,0.86,835.2,128.7,2.41,NONE,97.8,0.0,499.5
2026-09-02T10:19:47.606032,5113.5,834.5,127.3,2.3,17.6,85.3,2675.0,-2.4,36.5,0.853,835.1,128.6,2.44,NONE,98.6,0.0,499.5
2026-09-02T10:19:48.606032,5083.8,832.3,129.2,2.35,17.92,86.4,2700.0,-2.6,36.6,0.864,835.6,128.8,2.42,NONE,99.9,0.0,499.5
2026-09-02T10:19:49.606032,5112.9,837.5,126.1,2.3,17.96,84.8,2725.0,-2.7,36.5,0.848,835.1,128.4,2.44,NONE,98.4,0.0,499.5
2026-09-02T10:19:50.606032,5124.9,839.0,129.8,2.48,17.79,84.9,2750.0,-2.9,36.5,0.849,835.3,128.4,2.45,NONE,99.3,0.0,499.5
2026-09-02T10:19:51.606032,5099.0,832.1,129.4,2.4,17.45,84.4,2775.0,-3.0,36.4,0.844,835.0,128.1,2.43,NONE,98.1,0.0,499.5
2026-09-02T10:19:52.606032,5062.1,828.3,127.5,2.3,17.39,84.3,2800.0,-3.2,36.4,0.843,835.0,127.9,2.4,NONE,97.6,0.0,499.5
2026-09-02T10:19:53.606032,5085.4,838.3,128.6,2.35,17.8,85.7,2825.0,-3.4,36.6,0.857,835.7,128.4,2.42,NONE,98.6,0.0,499.5
2026-09-02T10:19:54.606032,5128.2,830.3,130.0,2.34,18.01,84.4,2850.0,-3.5,36.4,0.844,835.4,128.1,2.45,NONE,97.9,0.0,499.5
2026-09-02T10:19:55.606032,5115.9,831.8,130.4,2.46,16.97,83.9,2875.0,-3.7,36.4,0.839,835.2,127.8,2.45,NONE,97.6,0.0,499.5
2026-09-02T10:19:56.606032,5113.1,836.4,126.4,2.43,17.63,85.8,2900.0,-3.8,36.6,0.858,836.1,128.4,2.44,NONE,97.7,0.0,499.5
2026-09-02T10:19:57.606032,5137.3,832.3,127.4,2.53,17.21,85.5,2925.0,-4.0,36.5,0.855,836.2,128.3,2.46,NONE,98.9,0.0,499.5
2026-09-02T10:19:58.606032,5060.6,830.9,129.0,2.23,17.56,85.6,2950.0,-4.2,36.6,0.856,836.0,128.0,2.4,NONE,98.7,0.0,499.5
2026-09-02T10:19:59.606032,5065.4,833.2,130.4,2.44,17.24,84.3,2975.0,-4.3,36.4,0.843,835.6,127.5,2.41,NONE,99.8,0.0,499.5
2026-09-02T10:20:00.606032,5115.7,832.5,126.4,2.71,17.59,85.2,3000.0,-4.5,36.5,0.852,836.2,128.0,2.44,NONE,98.2,0.0,499.5
2026-09-02T10:20:01.606032,5138.2,841.1,132.1,2.46,17.55,84.9,3025.0,-4.7,36.5,0.849,836.3,127.9,2.46,NONE,99.7,0.0,499.5
2026-09-02T10:20:02.606032,5102.4,835.2,128.3,2.6,17.14,83.9,3050.0,-4.8,36.4,0.839,835.8,127.4,2.43,NONE,98.9,0.0,499.5
2026-09-02T10:20:03.606032,5101.6,832.8,129.9,2.45,17.5,85.4,3075.0,-5.0,36.5,0.854,836.5,127.8,2.43,NONE,99.2,0.0,499.5
2026-09-02T10:20:04.606032,5127.9,839.4,130.6,2.42,17.47,86.2,3100.0,-5.2,36.6,0.862,837.0,128.1,2.45,NONE,98.7,0.0,499.5
2026-09-02T10:20:05.606032,5082.5,833.6,131.0,2.34,17.37,85.6,3125.0,-5.3,36.6,0.856,836.7,127.7,2.42,NONE,98.7,0.0,499.5
2026-09-02T10:20:06.606032,5093.8,835.4,126.8,2.47,17.2,84.9,3150.0,-5.5,36.5,0.849,836.6,127.5,2.43,NONE,97.2,0.0,499.5
2026-09-02T10:20:07.606032,5117.8,839.2,129.9,2.57,16.96,85.8,3175.0,-5.6,36.6,0.858,837.1,127.8,2.45,NONE,99.0,0.0,499.5
2026-09-02T10:20:08.606032,5095.9,845.1,130.9,2.39,17.47,86.0,3200.0,-5.8,36.6,0.86,837.2,127.7,2.43,NONE,97.4,0.0,499.5
2026-09-02T10:20:09.606032,5060.5,841.4,126.3,2.44,17.3,85.6,3225.0,-6.0,36.6,0.856,837.0,127.4,2.4,NONE,98.8,0.0,499.5
2026-09-02T10:20:10.606032,4797.6,825.6,122.0,2.09,14.39,71.3,3183.2,-5.7,35.1,0.713,827.1,121.9,2.21,NONE,98.6,0.0,499.5
2026-09-02T10:20:11.606032,4805.1,827.3,122.9,2.14,15.05,72.1,3188.9,-5.7,35.2,0.721,827.8,122.1,2.22,NONE,98.4,0.0,499.5
2026-09-02T10:20:12.606032,4792.3,828.5,122.0,2.17,15.33,72.1,3172.5,-5.6,35.2,0.721,827.7,122.1,2.21,NONE,99.6,0.0,499.5
2026-09-02T10:20:13.606032,4802.6,826.6,123.8,2.22,15.21,71.4,3178.3,-5.7,35.1,0.714,827.2,121.9,2.21,NONE,98.3,0.0,499.5
2026-09-02T10:20:14.606032,4811.0,830.7,121.0,2.22,15.19,72.5,3164.6,-5.6,35.3,0.725,828.1,122.3,2.22,NONE,98.1,0.0,499.5
2026-09-02T10:20:15.606032,4829.1,827.2,119.9,2.27,14.63,72.5,3157.5,-5.5,35.2,0.725,828.1,122.4,2.23,NONE,99.3,0.0,499.5
2026-09-02T10:20:16.606032,4827.6,824.9,122.7,2.21,14.86,71.4,3150.2,-5.5,35.1,0.714,827.3,122.1,2.23,NONE,98.6,0.0,499.5
2026-09-02T10:20:17.606032,4796.6,824.6,123.9,2.17,15.06,71.1,3147.3,-5.5,35.1,0.711,826.9,121.9,2.21,NONE,99.8,0.0,499.5
2026-09-02T10:20:18.606032,4793.4,828.7,125.3,2.29,14.65,71.6,3151.3,-5.5,35.2,0.716,827.2,122.0,2.21,NONE,98.3,0.0,499.5
2026-09-02T10:20:19.606032,4806.9,821.4,122.3,2.48,13.93,71.8,3141.2,-5.4,35.2,0.718,827.4,122.1,2.22,NONE,98.7,0.0,499.5
2026-09-02T10:20:20.606032,4822.4,827.0,122.5,2.27,14.97,72.1,3140.6,-5.4,35.2,0.721,827.7,122.3,2.23,NONE,98.5,0.0,499.5
2026-09-02T10:20:21.606032,4770.4,826.6,121.0,2.22,14.76,72.1,3147.0,-5.5,35.2,0.721,827.5,122.1,2.19,NONE,97.1,0.0,499.5
2026-09-02T10:20:22.606032,4777.2,827.5,120.9,2.11,14.57,72.1,3139.2,-5.4,35.2,0.721,827.5,122.1,2.2,NONE,99.3,0.0,499.5
2026-09-02T10:20:23.606032,4770.5,825.0,122.1,2.11,14.98,72.4,3125.4,-5.3,35.2,0.724,827.6,122.2,2.19,NONE,97.9,0.0,499.5
2026-09-02T10:20:24.606032,4783.0,827.1,122.7,2.08,14.92,72.6,3117.9,-5.3,35.3,0.726,827.8,122.3,2.2,NONE,97.7,0.0,499.5
2026-09-02T10:20:25.606032,4801.5,829.2,122.7,2.38,14.54,72.6,3127.8,-5.3,35.3,0.726,827.9,122.4,2.21,NONE,98.2,0.0,499.5
2026-09-02T10:20:26.606032,4772.0,824.0,122.6,2.26,15.04,72.7,3123.1,-5.3,35.3,0.727,827.8,122.3,2.19,NONE,97.5,0.0,499.5
2026-09-02T10:20:27.606032,4805.5,831.0,123.9,2.31,15.48,72.0,3122.0,-5.3,35.2,0.72,827.5,122.2,2.22,NONE,97.8,0.0,499.5
2026-09-02T10:20:28.606032,4791.8,818.5,122.7,2.24,14.75,71.1,3115.0,-5.2,35.1,0.711,826.7,121.9,2.21,NONE,99.6,0.0,499.5
2026-09-02T10:20:29.606032,4784.7,819.3,121.8,2.21,15.45,73.0,3111.5,-5.2,35.3,0.73,828.1,122.5,2.2,NONE,98.6,0.0,499.5
2026-09-02T10:20:30.606032,4801.9,820.3,119.2,2.32,15.16,71.3,3104.7,-5.2,35.1,0.713,826.9,122.0,2.21,NONE,97.0,0.0,499.5
2026-09-02T10:20:31.606032,4796.7,832.2,122.2,2.29,14.8,72.1,3108.5,-5.2,35.2,0.721,827.5,122.3,2.21,NONE,100.0,0.0,499.5
2026-09-02T10:20:32.606032,4778.9,825.4,122.3,2.11,15.11,71.9,3104.8,-5.2,35.2,0.719,827.2,122.1,2.2,NONE,98.4,0.0,499.5
2026-09-02T10:20:33.606032,4827.9,823.9,120.0,2.19,14.76,71.3,3110.9,-5.2,35.1,0.713,827.1,122.1,2.23,NONE,97.6,0.0,499.5
2026-09-02T10:20:34.606032,4829.8,828.5,120.6,2.12,15.09,72.7,3101.7,-5.2,35.3,0.727,828.1,122.6,2.23,NONE,99.5,0.0,499.5
2026-09-02T10:20:35.606032,4771.7,824.5,120.9,2.1,14.13,72.5,3101.9,-5.2,35.3,0.725,827.6,122.3,2.19,NONE,97.1,0.0,499.5
2026-09-02T10:20:36.606032,4777.4,832.6,122.0,2.17,15.27,72.6,3098.5,-5.1,35.3,0.726,827.7,122.3,2.2,NONE,98.1,0.0,499.5
2026-09-02T10:20:37.606032,4819.3,828.4,122.6,2.31,14.59,72.3,3106.9,-5.2,35.2,0.723,827.7,122.4,2.23,NONE,98.7,0.0,499.5
2026-09-02T10:20:38.606032,4778.0,822.8,122.8,2.16,14.62,72.5,3104.0,-5.2,35.2,0.725,827.7,122.3,2.2,NONE,99.6,0.0,499.5
2026-09-02T10:20:39.606032,4808.8,833.3,121.4,2.2,15.14,72.9,3104.8,-5.2,35.3,0.729,828.1,122.6,2.22,NONE,98.1,0.0,499.5
2026-09-02T10:20:40.606032,4792.9,825.4,123.9,2.09,14.76,72.4,3090.7,-5.1,35.2,0.724,827.6,122.4,2.21,NONE,98.5,0.0,499.5
2026-09-02T10:20:41.606032,4829.2,816.1,118.9,1.99,15.21,71.9,3104.0,-5.2,35.2,0.719,827.5,122.3,2.23,NONE,99.9,0.0,499.4
2026-09-02T10:20:42.606032,4784.8,827.3,118.2,2.1,14.65,71.5,3094.4,-5.1,35.2,0.715,826.9,122.0,2.2,NONE,98.7,0.0,499.4
2026-09-02T10:20:43.606032,4779.5,834.5,123.8,2.09,15.07,71.6,3093.7,-5.1,35.2,0.716,827.0,122.1,2.2,NONE,99.0,0.0,499.4
2026-09-02T10:20:44.606032,4790.6,825.5,121.5,2.29,14.25,71.1,3097.4,-5.1,35.1,0.711,826.6,121.9,2.21,NONE,99.4,0.0,499.4
2026-09-02T10:20:45.606032,4828.3,826.3,121.5,2.28,14.95,72.9,3106.5,-5.2,35.3,0.729,828.2,122.6,2.23,NONE,99.8,0.0,499.4
2026-09-02T10:20:46.606032,4775.1,830.1,122.9,2.05,15.15,72.6,3102.0,-5.2,35.3,0.726,827.7,122.3,2.19,NONE,99.4,0.0,499.4
2026-09-02T10:20:47.606032,4776.6,832.3,124.9,2.19,14.68,71.4,3109.3,-5.2,35.1,0.714,826.8,121.9,2.2,NONE,98.2,0.0,499.4
2026-09-02T10:20:48.606032,4800.3,824.8,120.1,2.02,14.88,71.7,3107.5,-5.2,35.2,0.717,827.2,122.1,2.21,NONE,98.2,0.0,499.4
2026-09-02T10:20:49.606032,4809.3,826.7,124.5,2.39,15.47,72.4,3110.8,-5.2,35.2,0.724,827.8,122.4,2.22,NONE,99.7,0.0,499.4
2026-09-02T10:20:50.606032,4829.8,830.8,125.0,2.27,15.03,72.4,3111.1,-5.2,35.2,0.724,827.9,122.5,2.23,NONE,97.5,0.0,499.4
2026-09-02T10:20:51.606032,4792.6,829.5,120.7,2.3,14.81,71.9,3120.4,-5.3,35.2,0.719,827.3,122.1,2.21,NONE,99.4,0.0,499.4
2026-09-02T10:20:52.606032,4800.7,824.1,123.6,2.03,15.07,71.4,3111.1,-5.2,35.1,0.714,827.0,122.0,2.21,NONE,97.4,0.0,499.4
2026-09-02T10:20:53.606032,4784.4,830.7,121.8,2.18,14.67,72.4,3118.0,-5.3,35.2,0.724,827.7,122.3,2.2,NONE,99.7,0.0,499.4
2026-09-02T10:20:54.606032,4776.0,832.3,121.2,2.07,14.35,71.4,3117.5,-5.3,35.1,0.714,826.9,121.9,2.2,NONE,99.4,0.0,499.4
2026-09-02T10:20:55.606032,4800.7,830.4,125.2,2.14,14.39,71.3,3137.7,-5.4,35.1,0.713,827.0,122.0,2.21,NONE,98.8,0.0,499.4
2026-09-02T10:20:56.606032,4804.4,827.6,124.4,2.26,14.68,72.9,3141.7,-5.4,35.3,0.729,828.2,122.5,2.22,NONE,99.3,0.0,499.4
2026-09-02T10:20:57.606032,4818.0,825.6,122.9,2.17,14.18,71.4,3142.1,-5.4,35.1,0.714,827.2,122.1,2.23,NONE,99.1,0.0,499.4
2026-09-02T10:20:58.606032,4800.8,820.5,119.4,2.21,15.48,71.2,3146.6,-5.5,35.1,0.712,827.0,121.9,2.21,NONE,99.3,0.0,499.4
2026-09-02T10:20:59.606032,4785.5,827.9,123.4,2.23,14.82,72.3,3151.6,-5.5,35.2,0.723,827.7,122.2,2.2,NONE,98.8,0.0,499.4
2026-09-02T10:21:00.606032,4796.7,829.4,122.6,2.12,14.53,71.1,3148.1,-5.5,35.1,0.711,826.9,121.9,2.21,NONE,97.4,0.0,499.4
2026-09-02T10:21:01.606032,4805.3,819.8,121.6,2.29,14.86,71.4,3158.2,-5.5,35.1,0.714,827.2,122.0,2.22,NONE,97.2,0.0,499.4
2026-09-02T10:21:02.606032,4808.8,827.5,123.8,2.26,14.5,72.2,3161.9,-5.6,35.2,0.722,827.8,122.2,2.22,NONE,99.3,0.0,499.4
2026-09-02T10:21:03.606032,4808.1,830.7,120.2,2.26,15.0,72.5,3172.4,-5.6,35.3,0.725,828.1,122.3,2.22,NONE,99.7,0.0,499.4
2026-09-02T10:21:04.606032,4813.4,829.9,121.9,2.18,14.98,72.4,3158.6,-5.5,35.2,0.724,828.0,122.3,2.22,NONE,98.8,0.0,499.4
2026-09-02T10:21:05.606032,4821.3,829.2,121.0,2.25,15.22,72.6,3165.3,-5.6,35.3,0.726,828.2,122.4,2.23,NONE,99.8,0.0,499.4
2026-09-02T10:21:06.606032,4775.9,824.4,121.5,2.2,15.25,72.6,3172.5,-5.6,35.3,0.726,828.0,122.2,2.2,NONE,97.3,0.0,499.4
2026-09-02T10:21:07.606032,4777.3,828.6,122.3,2.18,15.09,72.4,3179.2,-5.7,35.2,0.724,827.8,122.1,2.2,NONE,98.7,0.0,499.4
2026-09-02T10:21:08.606032,4810.3,826.6,124.8,2.23,15.09,71.4,3184.8,-5.7,35.1,0.714,827.3,121.9,2.22,NONE,97.3,0.0,499.4
2026-09-02T10:21:09.606032,4801.5,827.5,122.1,2.33,14.55,72.0,3184.1,-5.7,35.2,0.72,827.7,122.1,2.21,NONE,97.4,0.0,499.4
2026-09-02T10:21:10.606032,4787.3,823.8,121.5,2.18,15.0,71.3,3189.2,-5.7,35.1,0.713,827.1,121.8,2.2,NONE,97.9,0.0,499.4
2026-09-02T10:21:11.606032,4793.8,824.3,121.2,2.25,15.18,71.4,3206.8,-5.8,35.1,0.714,827.3,121.8,2.21,NONE,98.6,0.0,499.4
2026-09-02T10:21:12.606032,4816.9,824.8,121.1,2.13,15.08,71.2,3206.1,-5.8,35.1,0.712,827.3,121.9,2.22,NONE,99.3,0.0,499.4
2026-09-02T10:21:13.606032,4809.0,823.1,122.2,2.06,14.63,71.8,3212.7,-5.9,35.2,0.718,827.7,122.0,2.22,NONE,98.4,0.0,499.4
2026-09-02T10:21:14.606032,4820.9,830.1,125.4,2.27,14.96,71.3,3210.7,-5.9,35.1,0.713,827.4,121.9,2.23,NONE,98.5,0.0,499.4
2026-09-02T10:21:15.606032,4802.4,827.2,121.8,2.32,14.81,71.6,3215.2,-5.9,35.2,0.716,827.5,121.9,2.21,NONE,97.2,0.0,499.4
2026-09-02T10:21:16.606032,4805.7,828.6,121.4,2.07,14.65,72.9,3225.4,-6.0,35.3,0.729,828.5,122.3,2.22,NONE,99.7,0.0,499.4
2026-09-02T10:21:17.606032,4802.6,826.2,123.4,2.18,15.39,72.8,3222.9,-5.9,35.3,0.728,828.4,122.3,2.21,NONE,99.1,0.0,499.4
2026-09-02T10:21:18.606032,4792.0,830.1,122.6,2.19,14.74,71.9,3229.4,-6.0,35.2,0.719,827.7,121.9,2.21,NONE,97.8,0.0,499.4
2026-09-02T10:21:19.606032,4812.0,825.2,121.8,2.35,14.5,72.5,3250.4,-6.1,35.3,0.725,828.4,122.2,2.22,NONE,99.1,0.0,499.4
2026-09-02T10:21:20.606032,4799.8,822.6,120.4,2.03,14.89,72.9,3246.8,-6.1,35.3,0.729,828.6,122.2,2.21,NONE,98.1,0.0,499.4
2026-09-02T10:21:21.606032,4820.9,833.0,116.1,2.12,14.1,71.6,3247.5,-6.1,35.2,0.716,827.7,121.9,2.23,NONE,98.2,0.0,499.4
2026-09-02T10:21:22.606032,4792.0,827.0,122.6,2.37,14.87,71.9,3244.8,-6.1,35.2,0.719,827.8,121.9,2.21,NONE,99.3,0.0,499.4
2026-09-02T10:21:23.606032,4787.1,825.6,120.7,2.15,14.98,72.3,3264.9,-6.2,35.2,0.723,828.1,122.0,2.2,NONE,98.0,0.0,499.4
2026-09-02T10:21:24.606032,4787.3,826.4,122.9,2.11,15.37,72.9,3261.6,-6.2,35.3,0.729,828.6,122.2,2.2,NONE,98.8,0.0,499.4
2026-09-02T10:21:25.606032,4827.9,826.9,122.2,2.17,14.65,71.7,3270.3,-6.3,35.2,0.717,827.9,121.9,2.23,NONE,97.4,0.0,499.4
2026-09-02T10:21:26.606032,4783.8,831.2,120.0,1.88,14.47,72.5,3268.4,-6.2,35.2,0.725,828.3,122.0,2.2,NONE,98.1,0.0,499.4
2026-09-02T10:21:27.606032,4779.5,827.9,122.6,2.15,15.28,72.0,3280.0,-6.3,35.2,0.72,827.9,121.8,2.2,NONE,97.4,0.0,499.4
2026-09-02T10:21:28.606032,4806.6,823.6,121.3,2.12,14.81,71.2,3272.8,-6.3,35.1,0.712,827.4,121.7,2.22,NONE,98.8,0.0,499.4
2026-09-02T10:21:29.606032,4810.2,827.1,118.8,2.08,15.08,72.5,3282.2,-6.3,35.3,0.725,828.5,122.1,2.22,NONE,98.2,0.0,499.4
2026-09-02T10:21:30.606032,4824.1,826.1,121.1,2.21,14.55,73.0,3283.4,-6.3,35.3,0.73,828.9,122.3,2.23,NONE,98.5,0.0,499.4
2026-09-02T10:21:31.606032,4784.5,829.4,119.7,2.16,14.47,71.4,3277.7,-6.3,35.1,0.714,827.5,121.6,2.2,NONE,98.9,0.0,499.4
2026-09-02T10:21:32.606032,4811.5,821.7,121.9,2.33,14.58,71.0,3279.1,-6.3,35.1,0.71,827.3,121.6,2.22,NONE,97.3,0.0,499.4
2026-09-02T10:21:33.606032,4807.1,826.1,122.5,2.3,14.7,71.9,3282.8,-6.3,35.2,0.719,828.0,121.9,2.22,NONE,99.7,0.0,499.4
2026-09-02T10:21:34.606032,4791.8,823.8,121.9,2.25,14.63,71.0,3285.8,-6.4,35.1,0.71,827.2,121.5,2.21,NONE,99.1,0.0,499.4
2026-09-02T10:21:35.606032,4807.7,822.1,120.9,2.41,14.28,71.3,3287.8,-6.4,35.1,0.713,827.6,121.7,2.22,NONE,98.5,0.0,499.4
2026-09-02T10:21:36.606032,4818.5,835.3,123.3,2.39,14.73,72.6,3296.7,-6.4,35.3,0.726,828.6,122.1,2.23,NONE,98.3,0.0,499.4
2026-09-02T10:21:37.606032,4825.9,831.7,122.2,2.08,14.49,71.9,3303.8,-6.5,35.2,0.719,828.2,121.9,2.23,NONE,97.4,0.0,499.4
2026-09-02T10:21:38.606032,4803.6,831.4,125.8,2.27,14.91,72.6,3301.0,-6.5,35.3,0.726,828.6,122.1,2.21,NONE,99.3,0.0,499.4
2026-09-02T10:21:39.606032,4790.3,826.9,124.3,2.16,15.54,72.0,3293.9,-6.4,35.2,0.72,828.0,121.8,2.21,NONE,98.8,0.0,499.4
2026-09-02T10:21:40.606032,4782.6,833.3,121.2,2.23,14.91,72.8,3298.8,-6.4,35.3,0.728,828.6,122.0,2.2,NONE,97.9,0.0,499.4
2026-09-02T10:21:41.606032,4770.6,824.7,117.9,2.29,14.63,71.5,3303.9,-6.5,35.2,0.715,827.6,121.6,2.19,NONE,99.5,0.0,499.4
2026-09-02T10:21:42.606032,4775.7,831.0,122.1,2.32,14.99,71.1,3303.8,-6.5,35.1,0.711,827.3,121.5,2.19,NONE,99.4,0.0,499.4
2026-09-02T10:21:43.606032,4825.3,820.0,120.3,2.32,15.11,72.0,3305.6,-6.5,35.2,0.72,828.3,122.0,2.23,NONE,97.3,0.0,499.4
2026-09-02T10:21:44.606032,4772.5,818.6,122.0,2.29,14.7,71.6,3294.0,-6.4,35.2,0.716,827.6,121.6,2.19,NONE,97.7,0.0,499.4
2026-09-02T10:21:45.606032,4797.6,824.0,122.1,2.08,14.69,71.4,3299.4,-6.4,35.1,0.714,827.6,121.7,2.21,NONE,97.4,0.0,499.4
2026-09-02T10:21:46.606032,4778.7,828.4,121.1,2.14,14.35,71.8,3302.2,-6.5,35.2,0.718,827.8,121.7,2.2,NONE,98.5,0.0,499.4
2026-09-02T10:21:47.606032,4816.0,828.4,123.1,2.08,14.69,72.1,3298.5,-6.4,35.2,0.721,828.3,122.0,2.22,NONE,99.7,0.0,499.4
2026-09-02T10:21:48.606032,4782.8,830.2,119.5,2.16,14.67,72.6,3297.0,-6.4,35.3,0.726,828.4,122.0,2.2,NONE,97.7,0.0,499.4
2026-09-02T10:21:49.606032,4808.6,824.2,122.1,2.23,14.48,71.2,3288.2,-6.4,35.1,0.712,827.5,121.7,2.22,NONE,98.7,0.0,499.4
2026-09-02T10:21:50.606032,4828.9,822.6,118.8,2.2,14.72,71.2,3284.3,-6.3,35.1,0.712,827.6,121.8,2.23,NONE,97.2,0.0,499.4
2026-09-02T10:21:51.606032,4815.9,823.7,121.9,2.17,14.21,72.4,3293.1,-6.4,35.2,0.724,828.5,122.1,2.22,NONE,98.8,0.0,499.4
2026-09-02T10:21:52.606032,4799.4,818.3,124.5,2.32,14.95,71.3,3280.8,-6.3,35.1,0.713,827.5,121.7,2.21,NONE,98.6,0.0,499.4
2026-09-02T10:21:53.606032,4826.0,834.7,122.7,2.3,14.8,72.6,3284.6,-6.4,35.3,0.726,828.6,122.2,2.23,NONE,97.2,0.0,499.4
2026-09-02T10:21:54.606032,4790.1,829.4,119.6,2.2,15.08,72.6,3291.6,-6.4,35.3,0.726,828.5,122.0,2.21,NONE,99.3,0.0,499.4
2026-09-02T10:21:55.606032,4825.5,829.6,121.3,2.19,14.88,72.7,3284.9,-6.4,35.3,0.727,828.7,122.2,2.23,NONE,99.7,0.0,499.4
2026-09-02T10:21:56.606032,4789.8,830.6,122.1,2.05,15.3,73.0,3285.6,-6.4,35.3,0.73,828.7,122.2,2.2,NONE,99.6,0.0,499.4
2026-09-02T10:21:57.606032,4799.8,827.7,122.8,2.2,15.23,72.2,3263.6,-6.2,35.2,0.722,828.1,122.0,2.21,NONE,99.7,0.0,499.4
2026-09-02T10:21:58.606032,4828.6,831.7,122.3,2.24,15.05,72.5,3261.9,-6.2,35.2,0.725,828.5,122.2,2.23,NONE,98.5,0.0,499.4
2026-09-02T10:21:59.606032,4824.0,828.0,123.6,2.36,14.48,72.5,3265.9,-6.2,35.3,0.725,828.5,122.2,2.23,NONE,97.7,0.0,499.4
2026-09-02T10:22:00.606032,4770.2,825.4,122.5,2.19,14.21,71.2,3267.5,-6.2,35.1,0.712,827.2,121.5,2.19,NONE,98.3,0.0,499.4
2026-09-02T10:22:01.606032,4795.0,830.4,125.8,2.06,14.59,71.4,3248.7,-6.1,35.1,0.714,827.4,121.7,2.21,NONE,99.4,0.0,499.4
2026-09-02T10:22:02.606032,4793.4,823.3,122.1,2.04,14.29,72.0,3250.0,-6.1,35.2,0.72,827.9,121.9,2.21,NONE,97.2,0.0,499.4
2026-09-02T10:22:03.606032,4812.7,822.6,120.7,2.29,14.95,72.0,3244.3,-6.1,35.2,0.72,828.0,122.0,2.22,NONE,97.3,0.0,499.4
2026-09-02T10:22:04.606032,4778.6,817.5,119.7,1.98,14.62,72.3,3253.0,-6.1,35.2,0.723,828.0,121.9,2.2,NONE,99.4,0.0,499.4
2026-09-02T10:22:05.606032,4808.8,822.6,121.1,2.29,14.71,71.8,3237.9,-6.0,35.2,0.718,827.8,122.0,2.22,NONE,98.9,0.0,499.4
2026-09-02T10:22:06.606032,4825.3,824.1,122.3,2.09,14.42,72.6,3246.2,-6.1,35.3,0.726,828.5,122.3,2.23,NONE,98.3,0.0,499.4
2026-09-02T10:22:07.606032,4822.6,827.4,123.7,2.15,14.7,72.1,3225.4,-6.0,35.2,0.721,828.0,122.1,2.23,NONE,99.5,0.0,499.4
2026-09-02T10:22:08.606032,4774.7,826.4,123.8,2.29,15.66,72.2,3216.9,-5.9,35.2,0.722,827.8,122.0,2.19,NONE,99.6,0.0,499.4
2026-09-02T10:22:09.606032,4800.4,824.0,120.0,2.32,14.86,72.2,3221.7,-5.9,35.2,0.722,828.0,122.1,2.21,NONE,100.0,0.0,499.4
2026-09-02T10:22:10.606032,4786.8,828.8,122.4,2.15,14.64,71.4,3211.2,-5.9,35.1,0.714,827.3,121.8,2.2,NONE,99.4,0.0,499.4
2026-09-02T10:22:11.606032,4825.8,830.7,123.0,2.05,14.62,72.4,3217.8,-5.9,35.2,0.724,828.2,122.3,2.23,NONE,99.4,0.0,499.4
2026-09-02T10:22:12.606032,4818.8,822.8,122.9,2.22,14.78,72.3,3208.8,-5.9,35.2,0.723,828.1,122.2,2.23,NONE,98.4,0.0,499.4
2026-09-02T10:22:13.606032,4816.2,822.2,121.2,2.19,15.21,72.1,3207.4,-5.8,35.2,0.721,827.9,122.1,2.22,NONE,98.5,0.0,499.4
2026-09-02T10:22:14.606032,4829.5,832.3,123.7,2.39,14.87,72.7,3197.7,-5.8,35.3,0.727,828.4,122.4,2.23,NONE,97.5,0.0,499.4
2026-09-02T10:22:15.606032,4779.2,829.1,122.0,2.1,14.87,73.0,3182.5,-5.7,35.3,0.73,828.3,122.3,2.2,NONE,99.5,0.0,499.4
2026-09-02T10:22:16.606032,4775.9,822.6,123.1,2.24,14.56,72.0,3183.9,-5.7,35.2,0.72,827.6,122.0,2.2,NONE,97.0,0.0,499.4
2026-09-02T10:22:17.606032,4785.3,822.9,120.7,2.33,14.98,72.8,3180.6,-5.7,35.3,0.728,828.2,122.3,2.2,NONE,97.8,0.0,499.4
2026-09-02T10:22:18.606032,4819.6,829.1,118.8,2.23,14.64,71.7,3168.5,-5.6,35.2,0.717,827.5,122.1,2.23,NONE,97.8,0.0,499.4
2026-09-02T10:22:19.606032,4798.4,831.2,124.2,2.29,15.0,73.0,3178.5,-5.7,35.3,0.73,828.4,122.4,2.21,NONE,97.6,0.0,499.4
2026-09-02T10:22:20.606032,4782.2,827.8,124.5,2.23,14.75,72.0,3169.6,-5.6,35.2,0.72,827.5,122.0,2.2,NONE,99.8,0.0,499.4
2026-09-02T10:22:21.606032,4823.4,828.1,123.2,2.29,14.63,72.1,3172.0,-5.6,35.2,0.721,827.8,122.2,2.23,NONE,97.8,0.0,499.4
2026-09-02T10:22:22.606032,4802.0,827.9,121.7,2.11,14.71,71.2,3160.5,-5.5,35.1,0.712,827.0,121.9,2.21,NONE,97.8,0.0,499.4
2026-09-02T10:22:23.606032,4806.1,826.6,123.4,2.56,15.15,71.2,3156.2,-5.5,35.1,0.712,827.0,121.9,2.22,NONE,99.4,0.0,499.4
2026-09-02T10:22:24.606032,4799.0,832.3,120.2,2.24,14.61,71.2,3153.8,-5.5,35.1,0.712,827.0,121.9,2.21,NONE,99.9,0.0,499.4
2026-09-02T10:22:25.606032,4821.2,831.2,120.7,2.22,15.21,71.4,3149.2,-5.5,35.1,0.714,827.2,122.1,2.23,NONE,97.7,0.0,499.4
2026-09-02T10:22:26.606032,4776.8,827.6,122.1,2.27,14.91,71.5,3146.7,-5.5,35.1,0.715,827.0,121.9,2.2,NONE,98.9,0.0,499.4
2026-09-02T10:22:27.606032,4822.9,831.2,119.8,2.14,14.96,72.8,3137.9,-5.4,35.3,0.728,828.2,122.5,2.23,NONE,97.7,0.0,499.4
2026-09-02T10:22:28.606032,4771.0,821.7,121.5,2.21,15.09,72.7,3124.5,-5.3,35.3,0.727,827.8,122.3,2.19,NONE,98.1,0.0,499.4
2026-09-02T10:22:29.606032,4827.3,819.3,120.3,2.11,15.24,71.7,3132.9,-5.4,35.2,0.717,827.4,122.2,2.23,NONE,98.9,0.0,499.4
2026-09-02T10:22:30.606032,4788.6,823.1,119.7,2.2,15.15,72.0,3123.6,-5.3,35.2,0.72,827.4,122.2,2.2,NONE,97.8,0.0,499.4
2026-09-02T10:22:31.606032,4814.4,823.7,119.0,2.25,14.91,71.2,3129.7,-5.3,35.1,0.712,827.0,122.0,2.22,NONE,98.7,0.0,499.4
2026-09-02T10:22:32.606032,4809.4,833.0,124.3,2.19,15.09,72.3,3114.7,-5.2,35.2,0.723,827.7,122.4,2.22,NONE,97.2,0.0,499.4
2026-09-02T10:22:33.606032,4786.3,825.2,121.7,2.11,14.77,71.7,3112.3,-5.2,35.2,0.717,827.1,122.1,2.2,NONE,97.5,0.0,499.4
2026-09-02T10:22:34.606032,4804.4,830.5,122.1,2.18,15.18,71.3,3108.0,-5.2,35.1,0.713,826.9,122.0,2.22,NONE,97.1,0.0,499.4
2026-09-02T10:22:35.606032,4792.4,816.4,119.9,2.21,14.49,71.3,3111.2,-5.2,35.1,0.713,826.9,122.0,2.21,NONE,99.1,0.0,499.4
2026-09-02T10:22:36.606032,4777.5,830.3,121.6,2.28,14.67,71.6,3115.1,-5.2,35.2,0.716,827.0,122.0,2.2,NONE,99.9,0.0,499.4
2026-09-02T10:22:37.606032,4823.8,821.0,121.7,2.11,14.82,71.0,3108.1,-5.2,35.1,0.71,826.8,122.0,2.23,NONE,97.3,0.0,499.4
2026-09-02T10:22:38.606032,4796.3,830.8,122.3,2.18,14.81,71.9,3113.4,-5.2,35.2,0.719,827.3,122.2,2.21,NONE,99.7,0.0,499.4
2026-09-02T10:22:39.606032,4815.7,828.8,118.7,2.27,15.03,71.7,3099.3,-5.1,35.2,0.717,827.3,122.2,2.22,NONE,98.6,0.0,499.4
2026-09-02T10:22:40.606032,4771.9,828.5,123.8,2.19,15.21,72.7,3109.9,-5.2,35.3,0.727,827.8,122.3,2.19,NONE,99.5,0.0,499.4
2026-09-02T10:22:41.606032,4811.4,827.7,124.2,2.4,14.6,71.1,3106.3,-5.2,35.1,0.711,826.8,122.0,2.22,NONE,97.6,0.0,499.4
2026-09-02T10:22:42.606032,4797.7,832.2,121.9,2.18,14.83,71.4,3103.3,-5.2,35.1,0.714,826.9,122.0,2.21,NONE,99.9,0.0,499.4
2026-09-02T10:22:43.606032,4771.0,823.4,120.4,2.18,14.41,71.0,3095.3,-5.1,35.1,0.71,826.5,121.8,2.19,NONE,97.8,0.0,499.4
2026-09-02T10:22:44.606032,4800.8,826.3,120.5,2.23,15.04,71.9,3099.5,-5.1,35.2,0.719,827.3,122.2,2.21,NONE,98.8,0.0,499.4
2026-09-02T10:22:45.606032,4810.1,829.7,120.4,2.34,15.49,71.5,3099.5,-5.1,35.2,0.715,827.1,122.1,2.22,NONE,99.4,0.0,499.4
2026-09-02T10:22:46.606032,4818.5,824.1,125.4,2.28,15.14,72.6,3093.6,-5.1,35.3,0.726,827.9,122.5,2.23,NONE,99.5,0.0,499.4
2026-09-02T10:22:47.606032,4774.5,830.2,117.4,2.31,15.27,72.2,3092.4,-5.1,35.2,0.722,827.4,122.2,2.19,NONE,98.7,0.0,499.4
2026-09-02T10:22:48.606032,4816.1,828.8,121.7,2.28,15.18,71.9,3096.7,-5.1,35.2,0.719,827.4,122.3,2.22,NONE,97.0,0.0,499.4
2026-09-02T10:22:49.606032,4787.4,818.6,122.7,2.15,15.45,71.2,3099.0,-5.1,35.1,0.712,826.7,121.9,2.2,NONE,99.7,0.0,499.4
2026-09-02T10:22:50.606032,4771.9,826.3,121.6,2.12,15.04,71.2,3102.6,-5.2,35.1,0.712,826.6,121.9,2.19,NONE,99.4,0.0,499.4
2026-09-02T10:22:51.606032,4808.0,829.4,123.2,2.24,15.1,71.4,3107.3,-5.2,35.1,0.714,827.0,122.1,2.22,NONE,97.6,0.0,499.4
2026-09-02T10:22:52.606032,4791.5,830.3,123.9,2.1,14.97,72.9,3097.8,-5.1,35.3,0.729,828.0,122.5,2.21,NONE,98.5,0.0,499.4
2026-09-02T10:22:53.606032,4771.3,825.8,123.4,2.23,15.11,72.4,3116.1,-5.3,35.2,0.724,827.6,122.2,2.19,NONE,98.5,0.0,499.4
2026-09-02T10:22:54.606032,4792.0,820.6,120.3,2.24,15.24,71.7,3116.8,-5.3,35.2,0.717,827.2,122.1,2.21,NONE,99.7,0.0,499.4
2026-09-02T10:22:55.606032,4829.4,828.5,122.6,2.11,14.39,72.1,3112.1,-5.2,35.2,0.721,827.7,122.4,2.23,NONE,98.0,0.0,499.4
2026-09-02T10:22:56.606032,4803.7,825.2,123.4,2.23,15.63,72.8,3121.0,-5.3,35.3,0.728,828.1,122.5,2.21,NONE,98.1,0.0,499.4
2026-09-02T10:22:57.606032,4797.0,814.2,126.7,2.21,15.01,73.0,3120.9,-5.3,35.3,0.73,828.2,122.5,2.21,NONE,97.7,0.0,499.4
2026-09-02T10:22:58.606032,4787.1,821.6,123.3,2.19,14.82,72.2,3115.7,-5.3,35.2,0.722,827.5,122.2,2.2,NONE,99.0,0.0,499.4
2026-09-02T10:22:59.606032,4773.8,829.1,123.1,2.06,14.75,71.9,3130.0,-5.3,35.2,0.719,827.3,122.0,2.19,NONE,98.3,0.0,499.4
2026-09-02T10:23:00.606032,4781.9,826.3,121.2,2.24,14.8,72.6,3122.1,-5.3,35.3,0.726,827.8,122.3,2.2,NONE,99.9,0.0,499.4
2026-09-02T10:23:01.606032,4800.7,823.9,118.3,2.23,14.81,72.3,3126.6,-5.3,35.2,0.723,827.7,122.3,2.21,NONE,97.2,0.0,499.4
2026-09-02T10:23:02.606032,4806.4,828.4,122.6,2.26,14.87,71.2,3129.2,-5.3,35.1,0.712,826.9,122.0,2.22,NONE,98.5,0.0,499.4
2026-09-02T10:23:03.606032,4781.7,836.7,117.7,2.22,14.6,71.1,3138.2,-5.4,35.1,0.711,826.7,121.8,2.2,NONE,99.0,0.0,499.4
2026-09-02T10:23:04.606032,4816.9,828.8,122.9,2.24,14.74,71.7,3133.7,-5.4,35.2,0.717,827.4,122.2,2.22,NONE,98.5,0.0,499.4
2026-09-02T10:23:05.606032,4792.2,827.7,121.6,2.33,14.81,72.5,3146.2,-5.5,35.3,0.725,827.9,122.3,2.21,NONE,99.3,0.0,499.4
2026-09-02T10:23:06.606032,4807.8,829.6,124.9,2.12,14.78,71.1,3145.5,-5.4,35.1,0.711,826.9,121.9,2.22,NONE,99.4,0.0,499.4
2026-09-02T10:23:07.606032,4770.8,826.8,121.4,2.23,15.25,72.2,3158.6,-5.5,35.2,0.722,827.6,122.1,2.19,NONE,99.3,0.0,499.4
2026-09-02T10:23:08.606032,4807.3,829.9,121.7,2.35,14.68,72.6,3155.2,-5.5,35.3,0.726,828.1,122.4,2.22,NONE,99.8,0.0,499.4
2026-09-02T10:23:09.606032,4776.4,820.7,120.1,2.35,14.34,71.5,3155.2,-5.5,35.1,0.715,827.1,121.9,2.2,NONE,98.9,0.0,499.4
2026-09-02T10:23:10.606032,4809.2,826.3,120.6,2.14,14.8,71.1,3162.1,-5.6,35.1,0.711,827.0,121.9,2.22,NONE,100.0,0.0,499.4
2026-09-02T10:23:11.606032,4772.6,820.0,118.6,2.04,14.63,71.8,3173.2,-5.6,35.2,0.718,827.3,121.9,2.19,NONE,97.9,0.0,499.4
2026-09-02T10:23:12.606032,4829.8,825.6,121.8,2.2,15.11,72.6,3186.2,-5.7,35.3,0.726,828.3,122.4,2.23,NONE,97.2,0.0,499.4
2026-09-02T10:23:13.606032,4796.8,828.5,124.2,2.08,15.39,72.3,3180.6,-5.7,35.2,0.723,827.9,122.2,2.21,NONE,99.6,0.0,499.4
2026-09-02T10:23:14.606032,4820.1,822.4,122.0,2.17,14.52,71.8,3197.7,-5.8,35.2,0.718,827.7,122.1,2.23,NONE,97.9,0.0,499.4
2026-09-02T10:23:15.606032,4827.6,827.2,121.3,2.38,15.09,72.3,3190.0,-5.7,35.2,0.723,828.1,122.3,2.23,NONE,98.5,0.0,499.4
2026-09-02T10:23:16.606032,4826.0,828.4,122.4,2.31,15.14,71.2,3200.4,-5.8,35.1,0.712,827.3,121.9,2.23,NONE,98.6,0.0,499.4
2026-09-02T10:23:17.606032,4824.1,826.7,119.3,2.2,15.1,71.9,3194.2,-5.8,35.2,0.719,827.8,122.1,2.23,NONE,98.7,0.0,499.4
2026-09-02T10:23:18.606032,4793.8,824.5,123.2,2.13,15.07,71.8,3218.5,-5.9,35.2,0.718,827.6,121.9,2.21,NONE,97.6,0.0,499.4
2026-09-02T10:23:19.606032,4810.2,829.6,123.2,2.41,14.26,72.4,3207.0,-5.8,35.2,0.724,828.1,122.2,2.22,NONE,98.8,0.0,499.4
2026-09-02T10:23:20.606032,4791.2,826.8,121.6,2.28,15.08,72.4,3216.4,-5.9,35.2,0.724,828.1,122.1,2.21,NONE,98.4,0.0,499.4
2026-09-02T10:23:21.606032,4801.3,824.5,119.6,2.23,15.28,71.1,3217.6,-5.9,35.1,0.711,827.1,121.7,2.21,NONE,97.2,0.0,499.4
2026-09-02T10:23:22.606032,4794.3,815.1,121.7,2.11,14.55,71.3,3220.6,-5.9,35.1,0.713,827.3,121.8,2.21,NONE,100.0,0.0,499.4
2026-09-02T10:23:23.606032,4772.2,829.4,125.2,2.08,15.08,71.7,3237.2,-6.0,35.2,0.717,827.5,121.8,2.19,NONE,98.3,0.0,499.4
2026-09-02T10:23:24.606032,4828.7,824.6,116.8,2.18,14.99,71.4,3234.5,-6.0,35.1,0.714,827.6,121.9,2.23,NONE,98.1,0.0,499.4
2026-09-02T10:23:25.606032,4820.9,826.9,125.5,2.23,15.34,72.3,3238.5,-6.1,35.2,0.723,828.2,122.2,2.23,NONE,98.0,0.0,499.4
2026-09-02T10:23:26.606032,4791.3,824.2,125.7,2.35,15.45,71.5,3237.9,-6.0,35.1,0.715,827.4,121.8,2.21,NONE,98.8,0.0,499.4
2026-09-02T10:23:27.606032,4826.6,834.4,122.6,2.07,14.53,72.2,3257.9,-6.2,35.2,0.722,828.2,122.1,2.23,NONE,98.0,0.0,499.4
2026-09-02T10:23:28.606032,4823.5,832.4,121.3,2.12,14.36,72.3,3250.3,-6.1,35.2,0.723,828.3,122.1,2.23,NONE,98.3,0.0,499.4
2026-09-02T10:23:29.606032,4816.1,830.6,125.4,2.28,14.94,72.4,3258.2,-6.2,35.2,0.724,828.3,122.1,2.22,NONE,99.1,0.0,499.4
2026-09-02T10:23:30.606032,4797.7,827.5,125.4,2.22,14.78,72.9,3260.0,-6.2,35.3,0.729,828.6,122.2,2.21,NONE,99.9,0.0,499.4
2026-09-02T10:23:31.606032,4807.8,831.2,120.6,2.26,14.8,72.0,3271.0,-6.3,35.2,0.72,828.0,121.9,2.22,NONE,99.5,0.0,499.4
2026-09-02T10:23:32.606032,4818.2,824.4,121.6,2.25,14.68,71.5,3271.0,-6.3,35.2,0.715,827.7,121.8,2.23,NONE,97.2,0.0,499.4
2026-09-02T10:23:33.606032,4775.9,829.3,122.8,2.37,14.16,71.6,3277.1,-6.3,35.2,0.716,827.6,121.7,2.2,NONE,99.9,0.0,499.4
2026-09-02T10:23:34.606032,4773.4,832.8,119.0,2.03,14.4,71.5,3268.2,-6.2,35.1,0.715,827.5,121.6,2.19,NONE,98.9,0.0,499.4
2026-09-02T10:23:35.606032,4783.3,830.1,121.0,2.22,14.86,72.3,3285.6,-6.4,35.2,0.723,828.2,121.9,2.2,NONE,97.3,0.0,499.4
2026-09-02T10:23:36.606032,4809.0,827.2,120.8,2.16,14.76,71.2,3276.7,-6.3,35.1,0.712,827.5,121.7,2.22,NONE,99.3,0.0,499.4
2026-09-02T10:23:37.606032,4805.3,825.5,118.1,2.19,14.59,71.2,3279.8,-6.3,35.1,0.712,827.4,121.7,2.22,NONE,98.1,0.0,499.4
2026-09-02T10:23:38.606032,4826.2,818.8,121.0,2.32,15.21,71.7,3290.6,-6.4,35.2,0.717,828.0,121.9,2.23,NONE,97.4,0.0,499.4
2026-09-02T10:23:39.606032,4786.0,830.1,122.4,2.22,14.7,72.3,3289.3,-6.4,35.2,0.723,828.2,121.9,2.2,NONE,99.1,0.0,499.4
2026-09-02T10:23:40.606032,4796.1,829.6,121.3,2.12,14.68,72.1,3292.7,-6.4,35.2,0.721,828.1,121.9,2.21,NONE,97.7,0.0,499.4
2026-09-02T10:23:41.606032,4802.3,830.3,119.1,2.1,14.86,71.9,3285.1,-6.4,35.2,0.719,828.0,121.9,2.21,NONE,98.4,0.0,499.4
2026-09-02T10:23:42.606032,4817.4,824.4,120.3,2.24,14.91,71.8,3298.9,-6.4,35.2,0.718,828.0,121.9,2.22,NONE,98.7,0.0,499.4
2026-09-02T10:23:43.606032,4817.7,829.8,120.8,2.2,14.34,71.2,3304.7,-6.5,35.1,0.712,827.6,121.7,2.22,NONE,97.8,0.0,499.4
2026-09-02T10:23:44.606032,4793.3,821.5,118.8,2.2,15.27,72.6,3291.0,-6.4,35.3,0.726,828.5,122.0,2.21,NONE,99.3,0.0,499.4
2026-09-02T10:23:45.606032,4792.9,825.1,119.5,1.91,14.77,72.9,3292.2,-6.4,35.3,0.729,828.7,122.1,2.21,NONE,99.4,0.0,499.4
2026-09-02T10:23:46.606032,4826.5,833.6,120.8,2.49,14.67,71.2,3295.0,-6.4,35.1,0.712,827.6,121.7,2.23,NONE,100.0,0.0,499.4
2026-09-02T10:23:47.606032,4829.7,823.7,122.0,2.18,14.94,72.4,3292.4,-6.4,35.2,0.724,828.5,122.1,2.23,NONE,99.9,0.0,499.4
2026-09-02T10:23:48.606032,4803.9,830.9,116.7,2.25,14.78,72.6,3295.0,-6.4,35.3,0.726,828.5,122.1,2.22,NONE,98.7,0.0,499.4
2026-09-02T10:23:49.606032,4824.4,828.3,121.2,2.14,14.91,71.9,3309.6,-6.5,35.2,0.719,828.2,121.9,2.23,NONE,97.0,0.0,499.4
2026-09-02T10:23:50.606032,4772.3,823.5,124.0,2.21,14.5,72.2,3301.4,-6.5,35.2,0.722,828.1,121.8,2.19,NONE,97.7,0.0,499.4
2026-09-02T10:23:51.606032,4823.6,824.2,123.4,2.25,15.19,71.6,3290.0,-6.4,35.2,0.716,827.9,121.8,2.23,NONE,99.5,0.0,499.4
2026-09-02T10:23:52.606032,4773.3,829.7,122.3,2.21,14.84,71.4,3290.8,-6.4,35.1,0.714,827.5,121.6,2.19,NONE,97.9,0.0,499.4
2026-09-02T10:23:53.606032,4808.2,832.8,120.4,2.26,14.49,71.6,3300.7,-6.5,35.2,0.716,827.8,121.8,2.22,NONE,97.6,0.0,499.4
2026-09-02T10:23:54.606032,4804.2,829.6,123.2,2.33,14.43,72.0,3298.5,-6.4,35.2,0.72,828.1,121.9,2.22,NONE,99.7,0.0,499.4
2026-09-02T10:23:55.606032,4808.2,830.9,121.8,2.24,14.8,71.1,3289.4,-6.4,35.1,0.711,827.4,121.6,2.22,NONE,99.9,0.0,499.4
2026-09-02T10:23:56.606032,4793.3,820.2,120.2,2.2,14.13,71.8,3301.3,-6.5,35.2,0.718,827.9,121.8,2.21,NONE,99.5,0.0,499.4
2026-09-02T10:23:57.606032,4776.0,833.3,121.7,2.17,15.29,71.6,3286.4,-6.4,35.2,0.716,827.6,121.6,2.2,NONE,98.8,0.0,499.4
2026-09-02T10:23:58.606032,4777.9,830.5,122.6,2.07,14.6,71.6,3284.2,-6.3,35.2,0.716,827.6,121.7,2.2,NONE,97.4,0.0,499.4
2026-09-02T10:23:59.606032,4784.5,827.1,121.2,2.31,14.55,72.7,3293.6,-6.4,35.3,0.727,828.5,122.0,2.2,NONE,99.0,0.0,499.4
2026-09-02T10:24:00.606032,4826.0,825.6,121.2,2.29,14.73,71.3,3282.1,-6.3,35.1,0.713,827.6,121.8,2.23,NONE,99.9,0.0,499.4
2026-09-02T10:24:01.606032,4798.2,816.5,125.1,2.03,14.76,72.0,3273.6,-6.3,35.2,0.72,828.0,121.9,2.21,NONE,100.0,0.0,499.4
2026-09-02T10:24:02.606032,4817.8,822.1,124.1,2.29,14.69,71.8,3273.5,-6.3,35.2,0.718,827.9,121.9,2.22,NONE,97.2,0.0,499.4
2026-09-02T10:24:03.606032,4802.1,832.1,121.8,2.13,14.69,72.3,3272.5,-6.3,35.2,0.723,828.2,122.0,2.21,NONE,97.1,0.0,499.4
2026-09-02T10:24:04.606032,4795.8,830.8,120.8,2.18,14.65,72.4,3274.8,-6.3,35.2,0.724,828.3,122.0,2.21,NONE,99.1,0.0,499.4
2026-09-02T10:24:05.606032,4779.0,828.1,121.6,2.35,14.67,71.1,3268.6,-6.2,35.1,0.711,827.2,121.5,2.2,NONE,98.2,0.0,499.4
2026-09-02T10:24:06.606032,4812.5,827.6,122.2,2.34,14.58,71.8,3261.1,-6.2,35.2,0.718,827.9,121.9,2.22,NONE,99.4,0.0,499.4
2026-09-02T10:24:07.606032,4789.8,824.4,120.8,2.28,14.87,71.9,3265.2,-6.2,35.2,0.719,827.8,121.8,2.2,NONE,98.0,0.0,499.4
2026-09-02T10:24:08.606032,4794.6,828.5,121.8,2.08,14.86,71.3,3256.8,-6.2,35.1,0.713,827.4,121.7,2.21,NONE,98.4,0.0,499.4
2026-09-02T10:24:09.606032,4829.0,822.2,120.5,2.29,14.59,71.3,3245.5,-6.1,35.1,0.713,827.5,121.9,2.23,NONE,99.7,0.0,499.4
2026-09-02T10:24:10.606032,4779.1,831.8,123.6,2.43,15.06,72.8,3238.1,-6.0,35.3,0.728,828.4,122.1,2.2,NONE,97.2,0.0,499.4
2026-09-02T10:24:11.606032,4819.9,832.0,121.9,2.16,14.11,72.5,3239.7,-6.1,35.2,0.725,828.4,122.2,2.23,NONE,97.8,0.0,499.4
2026-09-02T10:24:12.606032,4809.9,825.0,116.5,2.27,14.97,73.0,3235.7,-6.0,35.3,0.73,828.7,122.3,2.22,NONE,98.2,0.0,499.4
2026-09-02T10:24:13.606032,4821.0,827.5,124.2,2.17,14.64,71.4,3226.7,-6.0,35.1,0.714,827.5,121.9,2.23,NONE,98.4,0.0,499.4
2026-09-02T10:24:14.606032,4804.8,831.2,122.4,2.11,15.01,72.9,3224.9,-6.0,35.3,0.729,828.5,122.3,2.22,NONE,97.7,0.0,499.4
2026-09-02T10:24:15.606032,4805.2,833.4,119.6,2.17,15.46,72.7,3211.1,-5.9,35.3,0.727,828.3,122.3,2.22,NONE,97.2,0.0,499.4
2026-09-02T10:24:16.606032,4820.0,837.3,119.5,2.36,14.91,71.5,3223.3,-6.0,35.1,0.715,827.6,121.9,2.23,NONE,97.4,0.0,499.4
2026-09-02T10:24:17.606032,4825.6,830.5,120.3,2.21,15.04,72.7,3208.2,-5.9,35.3,0.727,828.4,122.4,2.23,NONE,98.5,0.0,499.4
2026-09-02T10:24:18.606032,4809.4,827.9,122.0,2.32,14.91,71.9,3203.1,-5.8,35.2,0.719,827.7,122.1,2.22,NONE,98.0,0.0,499.4
2026-09-02T10:24:19.606032,4819.3,826.7,123.6,2.02,15.02,72.1,3199.0,-5.8,35.2,0.721,827.9,122.2,2.23,NONE,98.0,0.0,499.4
2026-09-02T10:24:20.606032,4776.7,832.4,120.6,2.03,14.4,72.8,3204.2,-5.8,35.3,0.728,828.2,122.2,2.2,NONE,98.6,0.0,499.4
2026-09-02T10:24:21.606032,4779.7,828.5,118.1,2.17,15.25,71.7,3197.2,-5.8,35.2,0.717,827.4,121.9,2.2,NONE,98.9,0.0,499.4
2026-09-02T10:24:22.606032,4800.7,837.9,121.5,2.24,14.37,71.4,3178.1,-5.7,35.1,0.714,827.2,121.9,2.21,NONE,97.1,0.0,499.4
2026-09-02T10:24:23.606032,4781.7,834.2,121.8,2.11,14.7,71.3,3189.2,-5.7,35.1,0.713,827.1,121.8,2.2,NONE,97.3,0.0,499.4
2026-09-02T10:24:24.606032,4809.5,826.5,121.7,2.13,14.42,71.0,3175.5,-5.6,35.1,0.71,827.0,121.8,2.22,NONE,97.6,0.0,499.4
2026-09-02T10:24:25.606032,4814.9,833.8,121.4,2.27,14.91,71.8,3165.5,-5.6,35.2,0.718,827.6,122.1,2.22,NONE,97.7,0.0,499.4
2026-09-02T10:24:26.606032,4770.8,826.3,121.5,2.15,14.56,72.1,3157.5,-5.5,35.2,0.721,827.5,122.0,2.19,NONE,99.9,0.0,499.4
2026-09-02T10:24:27.606032,4829.6,824.0,124.2,2.28,15.13,71.1,3154.5,-5.5,35.1,0.711,827.1,122.0,2.23,NONE,98.1,0.0,499.4
2026-09-02T10:24:28.606032,4785.9,830.9,121.7,2.12,15.14,71.7,3153.2,-5.5,35.2,0.717,827.3,122.0,2.2,NONE,97.4,0.0,499.4
2026-09-02T10:24:29.606032,4778.9,829.4,120.3,2.18,15.02,72.1,3149.8,-5.5,35.2,0.721,827.5,122.1,2.2,NONE,98.7,0.0,499.4
2026-09-02T10:24:30.606032,4805.1,825.5,120.6,2.19,14.69,71.8,3155.1,-5.5,35.2,0.718,827.5,122.1,2.22,NONE,99.7,0.0,499.4
2026-09-02T10:24:31.606032,4800.2,834.3,121.3,2.28,14.92,72.7,3153.6,-5.5,35.3,0.727,828.1,122.4,2.21,NONE,99.3,0.0,499.4
2026-09-02T10:24:32.606032,4812.5,823.0,122.5,2.3,14.41,71.5,3134.2,-5.4,35.1,0.715,827.2,122.1,2.22,NONE,99.7,0.0,499.4
2026-09-02T10:24:33.606032,4815.5,829.3,121.0,2.26,15.34,72.5,3143.8,-5.4,35.2,0.725,828.0,122.4,2.22,NONE,99.7,0.0,499.4
2026-09-02T10:24:34.606032,4790.2,828.4,125.3,2.08,14.56,71.2,3131.2,-5.4,35.1,0.712,826.8,121.9,2.21,NONE,99.6,0.0,499.4
2026-09-02T10:24:35.606032,4800.3,835.8,122.8,2.3,14.83,72.5,3122.6,-5.3,35.3,0.725,827.8,122.4,2.21,NONE,98.5,0.0,499.4
2026-09-02T10:24:36.606032,4808.4,829.1,121.9,2.09,15.27,72.0,3118.7,-5.3,35.2,0.72,827.5,122.3,2.22,NONE,99.3,0.0,499.4
2026-09-02T10:24:37.606032,4815.0,828.0,124.5,2.21,15.14,72.3,3124.1,-5.3,35.2,0.723,827.8,122.4,2.22,NONE,99.5,0.0,499.4
2026-09-02T10:24:38.606032,4794.3,830.7,123.0,2.21,14.53,72.2,3118.9,-5.3,35.2,0.722,827.6,122.3,2.21,NONE,99.7,0.0,499.4
2026-09-02T10:24:39.606032,4789.9,825.6,120.8,2.39,14.92,71.9,3119.3,-5.3,35.2,0.719,827.3,122.1,2.21,NONE,97.9,0.0,499.4
2026-09-02T10:24:40.606032,4779.9,824.7,119.3,2.21,14.89,71.6,3115.8,-5.3,35.2,0.716,827.0,122.0,2.2,NONE,98.4,0.0,499.4
2026-09-02T10:24:41.606032,4824.8,823.6,124.0,2.16,14.86,71.1,3113.9,-5.2,35.1,0.711,826.9,122.0,2.23,NONE,98.0,0.0,499.4
2026-09-02T10:24:42.606032,4776.6,819.1,122.8,2.11,14.9,71.2,3109.6,-5.2,35.1,0.712,826.7,121.9,2.2,NONE,99.1,0.0,499.4
2026-09-02T10:24:43.606032,4773.3,830.2,120.8,2.16,14.59,71.4,3106.4,-5.2,35.1,0.714,826.8,121.9,2.19,NONE,98.9,0.0,499.4
2026-09-02T10:24:44.606032,4807.8,826.4,122.8,2.32,14.53,72.4,3107.1,-5.2,35.2,0.724,827.8,122.4,2.22,NONE,98.2,0.0,499.4
2026-09-02T10:24:45.606032,4810.4,824.5,122.6,2.28,15.24,71.5,3106.7,-5.2,35.2,0.715,827.1,122.1,2.22,NONE,98.4,0.0,499.4
2026-09-02T10:24:46.606032,4824.7,823.0,121.4,2.38,14.95,72.5,3107.5,-5.2,35.3,0.725,827.9,122.5,2.23,NONE,98.2,0.0,499.4
2026-09-02T10:24:47.606032,4772.5,828.3,124.4,1.92,14.98,72.8,3091.7,-5.1,35.3,0.728,827.8,122.4,2.19,NONE,98.2,0.0,499.4
2026-09-02T10:24:48.606032,4816.0,821.9,121.0,2.27,15.93,72.6,3107.1,-5.2,35.3,0.726,828.0,122.5,2.22,NONE,98.8,0.0,499.4
2026-09-02T10:24:49.606032,4772.5,835.5,115.8,2.28,15.11,71.9,3109.6,-5.2,35.2,0.719,827.2,122.1,2.19,NONE,98.6,0.0,499.4
2026-09-02T10:24:50.606032,4826.6,830.8,122.9,2.47,15.09,72.3,3099.2,-5.1,35.2,0.723,827.8,122.5,2.23,NONE,99.5,0.0,499.4
2026-09-02T10:24:51.606032,4799.8,827.7,122.6,2.12,15.39,72.1,3090.1,-5.1,35.2,0.721,827.4,122.3,2.21,NONE,98.4,0.0,499.4
2026-09-02T10:24:52.606032,4779.0,824.3,121.8,2.05,14.87,72.9,3100.6,-5.2,35.3,0.729,827.9,122.4,2.2,NONE,99.4,0.0,499.4
2026-09-02T10:24:53.606032,4818.5,826.1,123.6,2.18,14.54,72.2,3109.9,-5.2,35.2,0.722,827.7,122.4,2.23,NONE,98.4,0.0,499.4
2026-09-02T10:24:54.606032,4812.9,825.6,122.0,2.12,14.83,72.6,3103.6,-5.2,35.3,0.726,827.9,122.5,2.22,NONE,99.8,0.0,499.4
2026-09-02T10:24:55.606032,4829.0,822.0,119.2,2.31,14.71,72.4,3108.2,-5.2,35.2,0.724,827.9,122.5,2.23,NONE,97.6,0.0,499.4
2026-09-02T10:24:56.606032,4802.1,833.3,117.2,2.14,15.01,73.0,3106.3,-5.2,35.3,0.73,828.2,122.6,2.21,NONE,97.7,0.0,499.4
2026-09-02T10:24:57.606032,4793.3,829.0,118.2,2.26,14.74,71.3,3099.2,-5.1,35.1,0.713,826.8,122.0,2.21,NONE,99.7,0.0,499.4
2026-09-02T10:24:58.606032,4796.3,826.6,122.8,2.13,14.72,71.5,3109.4,-5.2,35.2,0.715,827.0,122.1,2.21,NONE,98.9,0.0,499.4
2026-09-02T10:24:59.606032,4782.4,827.9,118.7,2.21,15.12,72.9,3104.9,-5.2,35.3,0.729,828.0,122.4,2.2,NONE,97.9,0.0,499.4
2026-09-02T10:25:00.606032,4782.2,824.4,121.9,2.36,14.9,72.2,3116.1,-5.3,35.2,0.722,827.5,122.2,2.2,NONE,97.7,0.0,499.4
2026-09-02T10:25:01.606032,4809.7,823.9,123.1,2.43,14.87,72.5,3119.4,-5.3,35.2,0.725,827.9,122.4,2.22,NONE,99.9,0.0,499.4
2026-09-02T10:25:02.606032,4807.0,826.2,123.6,2.15,15.16,71.3,3118.1,-5.3,35.1,0.713,827.0,122.0,2.22,NONE,99.3,0.0,499.4
2026-09-02T10:25:03.606032,4803.1,828.9,119.4,2.09,15.01,71.6,3112.9,-5.2,35.2,0.716,827.2,122.1,2.21,NONE,99.9,0.0,499.4
2026-09-02T10:25:04.606032,4787.9,830.6,119.7,2.02,15.24,71.0,3114.6,-5.2,35.1,0.71,826.6,121.9,2.2,NONE,97.6,0.0,499.4
2026-09-02T10:25:05.606032,4791.3,829.1,120.2,2.33,15.36,72.9,3122.2,-5.3,35.3,0.729,828.1,122.5,2.21,NONE,98.9,0.0,499.4
2026-09-02T10:25:06.606032,4828.0,819.5,125.8,2.46,14.86,72.2,3138.2,-5.4,35.2,0.722,827.8,122.4,2.23,NONE,97.9,0.0,499.4
2026-09-02T10:25:07.606032,4797.3,826.0,115.9,2.19,15.15,71.5,3135.7,-5.4,35.2,0.715,827.1,122.0,2.21,NONE,98.7,0.0,499.4
2026-09-02T10:25:08.606032,4793.3,817.6,123.3,2.24,15.36,72.3,3143.6,-5.4,35.2,0.723,827.7,122.2,2.21,NONE,98.5,0.0,499.4
2026-09-02T10:25:09.606032,4821.8,829.8,123.1,2.29,15.27,72.8,3130.3,-5.3,35.3,0.728,828.2,122.5,2.23,NONE,99.0,0.0,499.4
2026-09-02T10:25:10.606032,4806.3,824.1,121.4,2.25,15.09,71.2,3137.2,-5.4,35.1,0.712,827.0,122.0,2.22,NONE,99.8,0.0,499.4
2026-09-02T10:25:11.606032,4821.9,828.7,118.2,2.2,14.76,72.7,3145.7,-5.4,35.3,0.727,828.2,122.5,2.23,NONE,97.9,0.0,499.4
2026-09-02T10:25:12.606032,4814.8,829.5,124.8,2.2,15.06,71.2,3149.2,-5.5,35.1,0.712,827.0,122.0,2.22,NONE,99.0,0.0,499.4
2026-09-02T10:25:13.606032,4810.0,827.0,122.7,2.22,14.72,72.5,3148.5,-5.5,35.3,0.725,828.0,122.4,2.22,NONE,97.3,0.0,499.4
2026-09-02T10:25:14.606032,4812.4,826.8,120.1,2.0,14.62,71.4,3165.3,-5.6,35.1,0.714,827.2,122.0,2.22,NONE,97.6,0.0,499.4
2026-09-02T10:25:15.606032,4787.1,825.9,124.4,1.97,15.13,72.9,3174.4,-5.6,35.3,0.729,828.3,122.3,2.2,NONE,97.8,0.0,499.4
2026-09-02T10:25:16.606032,4797.4,817.7,119.7,2.29,14.82,72.0,3172.4,-5.6,35.2,0.72,827.6,122.1,2.21,NONE,98.1,0.0,499.4
2026-09-02T10:25:17.606032,4826.7,827.8,122.6,2.27,14.43,71.1,3177.7,-5.7,35.1,0.711,827.1,121.9,2.23,NONE,97.3,0.0,499.4
2026-09-02T10:25:18.606032,4773.6,827.4,121.4,2.11,15.05,72.7,3176.2,-5.6,35.3,0.727,828.0,122.2,2.19,NONE,97.6,0.0,499.4
2026-09-02T10:25:19.606032,4777.3,828.7,122.5,2.23,14.86,72.3,3181.6,-5.7,35.2,0.723,827.8,122.1,2.2,NONE,97.3,0.0,499.4
2026-09-02T10:25:20.606032,4772.0,827.2,123.3,2.08,14.33,72.1,3187.3,-5.7,35.2,0.721,827.6,122.0,2.19,NONE,97.5,0.0,499.4
2026-09-02T10:25:21.606032,4810.7,824.3,122.3,2.14,14.61,71.5,3200.7,-5.8,35.1,0.715,827.4,121.9,2.22,NONE,98.8,0.0,499.4
2026-09-02T10:25:22.606032,4771.9,824.2,120.7,2.4,14.78,72.0,3207.9,-5.9,35.2,0.72,827.6,121.9,2.19,NONE,98.5,0.0,499.4
2026-09-02T10:25:23.606032,4788.6,829.6,122.2,2.37,15.66,71.3,3208.9,-5.9,35.1,0.713,827.2,121.8,2.2,NONE,99.5,0.0,499.4
2026-09-02T10:25:24.606032,4810.9,829.9,125.8,2.08,14.91,72.5,3215.2,-5.9,35.3,0.725,828.2,122.2,2.22,NONE,98.8,0.0,499.4
2026-09-02T10:25:25.606032,4807.5,822.0,122.4,2.19,15.14,72.1,3210.7,-5.9,35.2,0.721,827.9,122.1,2.22,NONE,99.3,0.0,499.4
2026-09-02T10:25:26.606032,4791.6,827.1,121.6,2.16,15.03,71.6,3224.7,-6.0,35.2,0.716,827.5,121.8,2.21,NONE,97.7,0.0,499.4
2026-09-02T10:25:27.606032,4829.8,827.4,120.1,2.32,14.69,71.4,3225.9,-6.0,35.1,0.714,827.5,121.9,2.23,NONE,97.5,0.0,499.4
2026-09-02T10:25:28.606032,4811.6,819.5,125.1,2.35,14.65,71.5,3228.3,-6.0,35.2,0.715,827.5,121.9,2.22,NONE,98.3,0.0,499.4
2026-09-02T10:25:29.606032,4802.9,835.4,125.2,2.14,14.87,72.1,3232.8,-6.0,35.2,0.721,827.9,122.0,2.21,NONE,97.6,0.0,499.4
2026-09-02T10:25:30.606032,4805.4,821.1,120.5,2.17,15.13,71.7,3233.0,-6.0,35.2,0.717,827.7,121.9,2.22,NONE,98.2,0.0,499.4
2026-09-02T10:25:31.606032,4816.4,826.2,121.8,2.02,14.61,71.6,3247.0,-6.1,35.2,0.716,827.7,121.9,2.22,NONE,98.2,0.0,499.4
2026-09-02T10:25:32.606032,4800.0,824.3,116.1,2.15,14.97,72.0,3250.6,-6.1,35.2,0.72,827.9,122.0,2.21,NONE,97.8,0.0,499.4
2026-09-02T10:25:33.606032,4798.5,828.7,125.0,2.16,14.73,72.0,3247.9,-6.1,35.2,0.72,827.9,122.0,2.21,NONE,99.8,0.0,499.4
2026-09-02T10:25:34.606032,4796.7,826.5,124.3,2.15,15.1,72.1,3253.6,-6.1,35.2,0.721,828.0,122.0,2.21,NONE,98.4,0.0,499.4
2026-09-02T10:25:35.606032,4771.3,829.7,120.7,2.17,15.0,72.0,3262.0,-6.2,35.2,0.72,827.8,121.8,2.19,NONE,98.0,0.0,499.4
2026-09-02T10:25:36.606032,4794.3,828.4,123.0,2.25,15.14,71.2,3273.4,-6.3,35.1,0.712,827.4,121.6,2.21,NONE,99.5,0.0,499.4
2026-09-02T10:25:37.606032,4813.8,832.1,123.9,2.26,14.87,71.9,3274.7,-6.3,35.2,0.719,828.0,121.9,2.22,NONE,97.9,0.0,499.4
2026-09-02T10:25:38.606032,4818.6,830.5,124.7,2.13,14.6,71.8,3278.5,-6.3,35.2,0.718,828.0,121.9,2.23,NONE,98.2,0.0,499.4
2026-09-02T10:25:39.606032,4790.1,828.8,123.4,2.33,15.03,72.3,3282.9,-6.3,35.2,0.723,828.2,121.9,2.21,NONE,98.6,0.0,499.4
2026-09-02T10:25:40.606032,3181.6,779.6,107.0,1.19,10.1,45.2,3200.0,-5.8,32.5,0.452,784.6,106.6,1.25,NONE,98.1,0.0,499.4
2026-09-02T10:25:41.606032,3232.3,779.3,103.1,1.51,9.57,43.5,3175.0,-5.6,32.3,0.435,782.6,106.3,1.28,NONE,97.2,0.0,499.4
2026-09-02T10:25:42.606032,3221.8,782.8,105.9,1.21,10.11,43.3,3150.0,-5.5,32.3,0.433,782.1,106.3,1.27,NONE,99.9,0.0,499.4
2026-09-02T10:25:43.606032,3229.1,781.0,108.6,1.25,10.01,43.3,3125.0,-5.3,32.3,0.433,782.1,106.4,1.27,NONE,98.7,0.0,499.4
2026-09-02T10:25:44.606032,3238.2,785.5,104.3,1.29,10.39,44.6,3100.0,-5.2,32.5,0.446,784.0,106.9,1.28,NONE,98.5,0.0,499.4
2026-09-02T10:25:45.606032,3238.9,792.9,110.5,1.29,10.44,45.9,3075.0,-5.0,32.6,0.459,785.8,107.3,1.28,NONE,98.8,0.0,499.4
2026-09-02T10:25:46.606032,3163.6,777.5,109.1,1.17,10.27,43.4,3050.0,-4.8,32.3,0.434,781.3,106.3,1.24,NONE,97.1,0.0,499.4
2026-09-02T10:25:47.606032,3212.3,782.6,104.2,1.21,10.17,44.5,3025.0,-4.7,32.4,0.445,783.3,106.9,1.27,NONE,98.0,0.0,499.4
2026-09-02T10:25:48.606032,3236.7,782.0,105.7,1.23,9.75,44.4,3000.0,-4.5,32.4,0.444,783.4,107.0,1.28,NONE,99.2,0.0,499.4
2026-09-02T10:25:49.606032,3206.7,783.8,105.9,1.25,10.26,46.4,2975.0,-4.3,32.6,0.464,785.8,107.5,1.26,NONE,99.4,0.0,499.4
2026-09-02T10:25:50.606032,3180.8,780.7,108.4,1.24,10.06,44.0,2950.0,-4.2,32.4,0.44,782.0,106.7,1.25,NONE,98.5,0.0,499.4
2026-09-02T10:25:51.606032,3196.1,783.2,109.6,1.11,9.64,43.3,2925.0,-4.0,32.3,0.433,781.0,106.6,1.26,NONE,99.5,0.0,499.4
2026-09-02T10:25:52.606032,3214.5,781.0,106.6,1.31,9.96,43.3,2900.0,-3.8,32.3,0.433,781.2,106.8,1.27,NONE,98.3,0.0,499.4
2026-09-02T10:25:53.606032,3219.1,781.5,109.0,1.42,9.62,43.3,2875.0,-3.7,32.3,0.433,781.1,106.8,1.27,NONE,98.9,0.0,499.4
2026-09-02T10:25:54.606032,3186.6,784.6,110.2,1.17,10.4,46.7,2850.0,-3.5,32.7,0.467,785.6,107.8,1.25,NONE,99.6,0.0,499.4
2026-09-02T10:25:55.606032,3247.8,774.2,106.2,1.11,10.48,43.5,2825.0,-3.4,32.4,0.435,781.5,107.1,1.28,NONE,98.7,0.0,499.4
2026-09-02T10:25:56.606032,3182.4,781.2,110.7,1.25,10.26,44.7,2800.0,-3.2,32.5,0.447,782.5,107.3,1.25,NONE,99.9,0.0,499.4
2026-09-02T10:25:57.606032,3190.5,784.2,108.0,1.21,10.36,46.1,2775.0,-3.0,32.6,0.461,784.5,107.8,1.26,NONE,98.5,0.0,499.4
2026-09-02T10:25:58.606032,3162.3,786.2,110.1,1.28,10.27,46.3,2750.0,-2.9,32.6,0.463,784.4,107.8,1.24,NONE,97.3,0.0,499.4
2026-09-02T10:25:59.606032,3176.4,785.7,106.5,1.3,10.03,46.3,2725.0,-2.7,32.6,0.463,784.5,107.9,1.25,NONE,98.8,0.0,499.4
2026-09-02T10:26:00.606032,3211.8,781.8,102.5,1.37,10.05,45.2,2700.0,-2.6,32.5,0.452,783.2,107.7,1.27,NONE,98.4,0.0,499.4
2026-09-02T10:26:01.606032,3199.4,785.1,109.2,1.43,9.96,45.5,2675.0,-2.4,32.5,0.455,783.4,107.8,1.26,NONE,99.9,0.0,499.4
2026-09-02T10:26:02.606032,3227.2,774.7,104.8,1.28,10.7,43.2,2650.0,-2.2,32.3,0.432,780.3,107.3,1.27,NONE,99.9,0.0,499.4
2026-09-02T10:26:03.606032,3203.9,790.6,107.0,1.15,10.53,45.0,2625.0,-2.1,32.5,0.45,782.6,107.8,1.26,NONE,98.4,0.0,499.4
2026-09-02T10:26:04.606032,3218.8,774.9,110.2,1.35,9.8,44.3,2600.0,-1.9,32.4,0.443,781.6,107.7,1.27,NONE,97.6,0.0,499.4
2026-09-02T10:26:05.606032,3238.0,775.7,107.7,1.29,10.1,43.3,2575.0,-1.7,32.3,0.433,780.3,107.5,1.28,NONE,99.9,0.0,499.4
2026-09-02T10:26:06.606032,3238.1,783.9,108.0,1.15,10.3,44.4,2550.0,-1.6,32.4,0.444,781.8,107.9,1.28,NONE,99.7,0.0,499.4
2026-09-02T10:26:07.606032,3175.8,786.8,104.2,1.26,10.5,46.2,2525.0,-1.4,32.6,0.462,783.6,108.2,1.25,NONE,97.8,0.0,499.4
2026-09-02T10:26:08.606032,3238.8,781.9,110.5,1.42,10.12,43.8,2500.0,-1.2,32.4,0.438,780.8,107.8,1.28,NONE,97.7,0.0,499.4
2026-09-02T10:26:09.606032,3182.4,775.9,107.7,1.37,10.19,43.6,2475.0,-1.1,32.4,0.436,779.8,107.6,1.25,NONE,99.8,0.0,499.4
2026-09-02T10:26:10.606032,3154.8,777.4,108.8,1.1,10.28,43.8,2450.0,-0.9,32.4,0.438,779.7,107.5,1.24,NONE,98.0,0.0,499.4
2026-09-02T10:26:11.606032,3219.9,781.2,109.0,1.21,10.58,46.5,2425.0,-0.8,32.6,0.465,784.2,108.7,1.27,NONE,97.1,0.0,499.4
2026-09-02T10:26:12.606032,3241.4,790.0,108.1,1.33,10.85,46.5,2400.0,-0.6,32.6,0.465,784.3,108.9,1.28,NONE,97.5,0.0,499.4
2026-09-02T10:26:13.606032,3165.4,782.2,107.9,1.38,10.86,45.7,2375.0,-0.4,32.6,0.457,782.3,108.3,1.24,NONE,99.6,0.0,499.4
2026-09-02T10:26:14.606032,3233.0,788.2,108.0,1.3,10.54,44.9,2350.0,-0.3,32.5,0.449,781.8,108.4,1.28,NONE,99.2,0.0,499.4
2026-09-02T10:26:15.606032,3235.0,787.4,109.0,1.27,10.8,46.1,2325.0,-0.1,32.6,0.461,783.4,108.9,1.28,NONE,99.2,0.0,499.4
2026-09-02T10:26:16.606032,3190.7,772.3,111.2,1.18,10.6,43.2,2300.0,0.1,32.3,0.432,778.7,107.8,1.26,NONE,97.7,0.0,499.4
2026-09-02T10:26:17.606032,3202.7,776.8,107.2,1.14,10.25,43.0,2275.0,0.2,32.3,0.43,778.4,107.9,1.26,NONE,98.6,0.0,499.4
2026-09-02T10:26:18.606032,3246.6,775.0,112.5,1.31,10.69,43.8,2250.0,0.4,32.4,0.438,780.0,108.3,1.28,NONE,99.8,0.0,499.4
2026-09-02T10:26:19.606032,3178.4,781.8,110.2,1.38,10.33,46.6,2225.0,0.5,32.7,0.466,783.2,109.0,1.25,NONE,97.3,0.0,499.4
2026-09-02T10:26:20.606032,3174.0,778.2,110.5,1.28,10.64,44.1,2200.0,0.7,32.4,0.441,779.4,108.2,1.25,NONE,98.0,0.0,499.4
2026-09-02T10:26:21.606032,3204.6,785.5,110.6,1.35,10.59,46.1,2175.0,0.9,32.6,0.461,782.6,109.0,1.26,NONE,97.5,0.0,499.4
2026-09-02T10:26:22.606032,3212.0,779.6,108.8,0.98,10.52,44.4,2150.0,1.0,32.4,0.444,780.1,108.6,1.27,NONE,99.1,0.0,499.4
2026-09-02T10:26:23.606032,3244.9,782.6,107.8,1.28,10.9,43.5,2125.0,1.2,32.4,0.435,779.1,108.5,1.28,NONE,98.6,0.0,499.4
2026-09-02T10:26:24.606032,3214.8,782.3,107.9,1.32,11.09,45.7,2100.0,1.3,32.6,0.457,781.8,109.1,1.27,NONE,98.3,0.0,499.4
2026-09-02T10:26:25.606032,3162.2,788.9,114.6,1.22,10.94,46.1,2075.0,1.5,32.6,0.461,781.8,109.1,1.24,NONE,98.8,0.0,499.4
2026-09-02T10:26:26.606032,3161.0,779.7,111.9,1.15,10.75,45.7,2050.0,1.7,32.6,0.457,781.1,109.0,1.24,NONE,97.4,0.0,499.4
2026-09-02T10:26:27.606032,3177.5,778.1,107.5,1.12,10.9,45.8,2025.0,1.8,32.6,0.458,781.3,109.1,1.25,NONE,99.8,0.0,499.4
2026-09-02T10:26:28.606032,3197.4,777.5,115.1,1.21,10.86,45.6,2000.0,2.0,32.6,0.456,781.2,109.2,1.26,NONE,99.7,0.0,499.4
2026-09-02T10:26:29.606032,3237.7,790.2,108.8,1.32,10.51,44.5,1975.0,2.2,32.5,0.445,779.9,109.1,1.28,NONE,99.0,0.0,499.4
2026-09-02T10:26:30.606032,3221.9,783.2,107.6,1.18,11.34,45.9,1950.0,2.3,32.6,0.459,781.7,109.5,1.27,NONE,97.8,0.0,499.4
2026-09-02T10:26:31.606032,3183.1,780.0,108.3,1.34,10.9,46.9,1925.0,2.5,32.7,0.469,782.6,109.7,1.25,NONE,99.4,0.0,499.4
2026-09-02T10:26:32.606032,3160.9,777.2,109.0,1.45,10.52,47.0,1900.0,2.7,32.7,0.47,782.4,109.7,1.24,NONE,98.1,0.0,499.4
2026-09-02T10:26:33.606032,3181.4,781.1,109.5,1.13,11.11,43.4,1875.0,2.8,32.3,0.434,777.4,108.7,1.25,NONE,97.2,0.0,499.4
2026-09-02T10:26:34.606032,3221.5,787.6,109.9,1.34,10.59,45.7,1850.0,3.0,32.6,0.457,781.0,109.6,1.27,NONE,99.5,0.0,499.4
2026-09-02T10:26:35.606032,3181.6,775.5,110.9,1.23,11.67,46.8,1825.0,3.1,32.7,0.468,782.1,109.9,1.25,NONE,99.2,0.0,499.4
2026-09-02T10:26:36.606032,3207.9,777.4,109.1,0.98,11.38,46.5,1800.0,3.3,32.6,0.465,781.9,109.9,1.26,NONE,99.1,0.0,499.4
2026-09-02T10:26:37.606032,3176.9,777.9,111.9,1.43,10.54,44.4,1775.0,3.5,32.4,0.444,778.4,109.2,1.25,NONE,99.3,0.0,499.4
2026-09-02T10:26:38.606032,3155.6,771.5,110.0,1.37,11.09,43.2,1750.0,3.6,32.3,0.432,776.3,108.8,1.24,NONE,97.7,0.0,499.4
2026-09-02T10:26:39.606032,3178.1,780.7,106.8,1.27,10.9,43.6,1725.0,3.8,32.4,0.436,777.1,109.0,1.25,NONE,98.3,0.0,499.4
2026-09-02T10:26:40.606032,3217.1,782.5,109.9,1.32,10.63,45.3,1700.0,4.0,32.5,0.453,779.9,109.8,1.27,NONE,98.1,0.0,499.4
2026-09-02T10:26:41.606032,3246.6,782.8,111.1,1.12,10.88,43.9,1675.0,4.1,32.4,0.439,778.1,109.5,1.28,NONE,99.8,0.0,499.4
2026-09-02T10:26:42.606032,3195.9,780.9,111.2,1.22,12.0,46.5,1650.0,4.3,32.7,0.465,781.2,110.2,1.26,NONE,98.2,0.0,499.3
2026-09-02T10:26:43.606032,3165.6,777.1,109.1,1.29,10.71,44.7,1625.0,4.4,32.5,0.447,778.2,109.5,1.24,NONE,98.5,0.0,499.3
2026-09-02T10:26:44.606032,3211.4,782.8,107.8,1.14,10.95,45.2,1600.0,4.6,32.5,0.452,779.3,109.9,1.27,NONE,98.8,0.0,499.3
2026-09-02T10:26:45.606032,3220.3,783.5,112.8,1.13,10.67,45.0,1575.0,4.8,32.5,0.45,779.1,110.0,1.27,NONE,98.7,0.0,499.3
2026-09-02T10:26:46.606032,3160.2,763.9,110.3,1.25,10.62,43.0,1550.0,4.9,32.3,0.43,775.4,109.1,1.24,NONE,99.4,0.0,499.3
2026-09-02T10:26:47.606032,3198.6,785.6,113.8,1.16,11.75,46.2,1525.0,5.1,32.6,0.462,780.4,110.3,1.26,NONE,97.1,0.0,499.3
2026-09-02T10:26:48.606032,3203.4,781.0,110.5,1.33,11.18,46.0,1500.0,5.2,32.6,0.46,780.0,110.4,1.26,NONE,98.8,0.0,499.3
2026-09-02T10:26:49.606032,3171.1,785.7,109.1,1.45,11.16,45.5,1475.0,5.4,32.5,0.455,778.9,110.1,1.25,NONE,99.1,0.0,499.3
2026-09-02T10:26:50.606032,3197.3,776.1,111.3,1.35,11.18,45.0,1450.0,5.6,32.5,0.45,778.4,110.1,1.26,NONE,100.0,0.0,499.3
2026-09-02T10:26:51.606032,3188.5,770.6,108.8,1.26,10.87,43.7,1425.0,5.7,32.4,0.437,776.3,109.7,1.26,NONE,99.5,0.0,499.3
2026-09-02T10:26:52.606032,3155.7,776.3,112.0,1.07,11.59,44.1,1400.0,5.9,32.4,0.441,776.4,109.7,1.24,NONE,97.6,0.0,499.3
2026-09-02T10:26:53.606032,3164.0,774.7,108.8,1.08,11.47,45.8,1375.0,6.1,32.6,0.458,778.9,110.4,1.24,NONE,97.4,0.0,499.3
2026-09-02T10:26:54.606032,3183.2,779.0,112.5,1.2,11.24,45.7,1350.0,6.2,32.6,0.457,778.9,110.5,1.25,NONE,98.6,0.0,499.3
2026-09-02T10:26:55.606032,3187.7,786.0,111.8,1.24,11.76,46.8,1325.0,6.4,32.7,0.468,780.4,110.9,1.26,NONE,99.6,0.0,499.3
2026-09-02T10:26:56.606032,3152.7,780.1,105.5,1.36,11.48,45.6,1300.0,6.5,32.6,0.456,778.2,110.4,1.24,NONE,97.7,0.0,499.3
2026-09-02T10:26:57.606032,3186.2,776.3,110.9,1.31,11.06,45.9,1275.0,6.7,32.6,0.459,778.9,110.7,1.25,NONE,98.3,0.0,499.3
2026-09-02T10:26:58.606032,3167.2,770.7,109.7,1.47,10.61,43.8,1250.0,6.9,32.4,0.438,775.6,110.0,1.25,NONE,98.2,0.0,499.3
2026-09-02T10:26:59.606032,3241.2,783.7,109.2,1.28,11.95,46.3,1225.0,7.0,32.6,0.463,779.9,111.2,1.28,NONE,98.4,0.0,499.3
2026-09-02T10:27:00.606032,3215.5,778.1,109.5,1.21,11.65,43.4,1200.0,7.2,32.3,0.434,775.4,110.2,1.27,NONE,97.8,0.0,499.3
2026-09-02T10:27:01.606032,3219.0,774.4,111.1,1.22,11.33,44.3,1175.0,7.4,32.4,0.443,776.6,110.5,1.27,NONE,99.0,0.0,499.3
2026-09-02T10:27:02.606032,3194.6,769.2,113.3,1.27,11.01,44.4,1150.0,7.5,32.4,0.444,776.4,110.5,1.26,NONE,98.9,0.0,499.3
2026-09-02T10:27:03.606032,3150.1,775.8,105.6,1.49,11.49,44.0,1125.0,7.7,32.4,0.44,775.3,110.2,1.24,NONE,98.4,0.0,499.3
2026-09-02T10:27:04.606032,3234.4,774.7,110.3,1.23,11.79,46.8,1100.0,7.8,32.7,0.468,780.1,111.5,1.28,NONE,97.5,0.0,499.3
2026-09-02T10:27:05.606032,3242.4,787.1,114.7,1.31,11.38,45.9,1075.0,8.0,32.6,0.459,778.8,111.3,1.28,NONE,99.7,0.0,499.3
2026-09-02T10:27:06.606032,3212.4,778.0,112.8,1.25,11.33,45.8,1050.0,8.2,32.6,0.458,778.3,111.2,1.27,NONE,99.6,0.0,499.3
2026-09-02T10:27:07.606032,3182.8,778.7,112.9,1.22,11.77,46.1,1025.0,8.3,32.6,0.461,778.3,111.2,1.25,NONE,97.0,0.0,499.3
2026-09-02T10:27:08.606032,3233.4,785.0,109.9,1.35,11.85,46.2,1000.0,8.5,32.6,0.462,778.9,111.5,1.28,NONE,99.6,0.0,499.3
2026-09-02T10:27:09.606032,3186.9,778.7,112.7,1.22,11.48,45.2,975.0,8.7,32.5,0.452,776.9,111.1,1.25,NONE,97.5,0.0,499.3
2026-09-02T10:27:10.606032,3241.1,773.0,109.2,1.32,11.28,43.5,950.0,8.8,32.4,0.435,774.9,110.8,1.28,NONE,98.8,0.0,499.3
2026-09-02T10:27:11.606032,3242.1,778.3,110.0,1.38,11.78,44.2,925.0,9.0,32.4,0.442,775.9,111.1,1.28,NONE,98.5,0.0,499.3
2026-09-02T10:27:12.606032,3245.1,778.4,110.9,1.17,11.79,44.9,900.0,9.1,32.5,0.449,776.8,111.4,1.28,NONE,98.9,0.0,499.3
2026-09-02T10:27:13.606032,3238.3,779.1,110.6,1.35,11.76,45.2,875.0,9.3,32.5,0.452,777.1,111.5,1.28,NONE,97.7,0.0,499.3
2026-09-02T10:27:14.606032,3178.3,776.7,113.3,1.04,11.53,44.2,850.0,9.5,32.4,0.442,774.9,111.0,1.25,NONE,98.7,0.0,499.3
2026-09-02T10:27:15.606032,3163.0,780.8,110.8,1.29,11.47,46.1,825.0,9.6,32.6,0.461,777.4,111.6,1.24,NONE,98.0,0.0,499.3
2026-09-02T10:27:16.606032,3151.6,776.7,113.0,1.17,12.39,46.6,800.0,9.8,32.7,0.466,777.9,111.7,1.24,NONE,98.9,0.0,499.3
2026-09-02T10:27:17.606032,3230.7,769.9,110.5,1.28,11.17,43.6,775.0,10.0,32.4,0.436,774.3,111.2,1.28,NONE,98.6,0.0,499.3
2026-09-02T10:27:18.606032,3219.5,776.7,113.5,1.39,11.13,44.6,750.0,10.1,32.5,0.446,775.6,111.5,1.27,NONE,98.4,0.0,499.3
2026-09-02T10:27:19.606032,3249.5,775.1,110.2,1.43,11.41,43.8,725.0,10.3,32.4,0.438,774.7,111.4,1.28,NONE,98.2,0.0,499.3
2026-09-02T10:27:20.606032,3232.9,774.3,110.9,1.3,11.19,44.1,700.0,10.4,32.4,0.441,774.8,111.5,1.28,NONE,97.1,0.0,499.3
2026-09-02T10:27:21.606032,3167.5,776.9,112.8,1.25,11.84,46.1,675.0,10.6,32.6,0.461,776.9,111.9,1.25,NONE,97.9,0.0,499.3
2026-09-02T10:27:22.606032,3206.5,783.3,112.0,1.33,11.8,46.5,650.0,10.8,32.7,0.465,777.8,112.2,1.26,NONE,97.8,0.0,499.3
2026-09-02T10:27:23.606032,3169.6,771.5,116.6,1.23,11.36,44.6,625.0,10.9,32.5,0.446,774.6,111.5,1.25,NONE,98.0,0.0,499.3
2026-09-02T10:27:24.606032,3155.4,775.5,110.5,1.43,12.11,44.1,600.0,11.1,32.4,0.441,773.6,111.3,1.24,NONE,98.7,0.0,499.3
2026-09-02T10:27:25.606032,3190.3,773.0,112.4,1.21,11.73,44.9,575.0,11.3,32.5,0.449,775.1,111.8,1.26,NONE,97.7,0.0,499.3
2026-09-02T10:27:26.606032,3181.6,770.1,114.2,1.16,12.17,45.1,550.0,11.4,32.5,0.451,775.2,111.9,1.25,NONE,99.7,0.0,499.3
2026-09-02T10:27:27.606032,3232.9,776.7,111.4,1.34,10.92,43.2,525.0,11.6,32.3,0.432,772.9,111.5,1.28,NONE,98.2,0.0,499.3
2026-09-02T10:27:28.606032,3199.3,771.8,109.6,1.4,11.6,44.6,500.0,11.8,32.5,0.446,774.5,111.9,1.26,NONE,99.4,0.0,499.3
2026-09-02T10:27:29.606032,3150.6,775.0,110.2,0.98,12.38,45.8,475.0,11.9,32.6,0.458,775.6,112.1,1.24,NONE,98.4,0.0,499.3
2026-09-02T10:27:30.606032,3165.0,773.6,111.5,1.27,12.33,46.3,450.0,12.1,32.6,0.463,776.4,112.4,1.24,NONE,97.2,0.0,499.3
2026-09-02T10:27:31.606032,3201.3,768.8,111.1,1.33,12.1,44.4,425.0,12.2,32.4,0.444,774.0,112.0,1.26,NONE,97.4,0.0,499.3
2026-09-02T10:27:32.606032,3191.6,779.0,110.3,1.24,12.79,46.4,400.0,12.4,32.6,0.464,776.6,112.6,1.26,NONE,98.3,0.0,499.3
2026-09-02T10:27:33.606032,3183.0,774.3,110.8,1.2,12.32,43.9,375.0,12.6,32.4,0.439,772.9,111.9,1.25,NONE,98.1,0.0,499.3
2026-09-02T10:27:34.606032,3196.5,782.5,109.7,1.08,12.16,45.6,350.0,12.7,32.6,0.456,775.4,112.5,1.26,NONE,99.9,0.0,499.3
2026-09-02T10:27:35.606032,3216.9,775.6,117.7,1.25,12.48,46.4,325.0,12.9,32.6,0.464,776.6,112.9,1.27,NONE,99.8,0.0,499.3
2026-09-02T10:27:36.606032,3238.6,778.5,112.2,1.31,12.17,46.7,300.0,13.1,32.7,0.467,777.2,113.1,1.28,NONE,99.7,0.0,499.3
2026-09-02T10:27:37.606032,3190.6,773.4,111.6,1.34,12.79,46.5,275.0,13.2,32.6,0.465,776.3,112.9,1.26,NONE,98.7,0.0,499.3
2026-09-02T10:27:38.606032,3174.9,774.7,113.5,1.09,11.86,43.7,250.0,13.4,32.4,0.437,772.0,112.0,1.25,NONE,97.4,0.0,499.3
2026-09-02T10:27:39.606032,3182.0,771.5,113.6,1.17,12.1,43.9,225.0,13.5,32.4,0.439,772.3,112.1,1.25,NONE,97.1,0.0,499.3
2026-09-02T10:27:40.606032,5351.4,820.7,141.0,2.84,23.82,91.8,100.0,14.3,37.2,0.918,828.9,136.9,2.63,NONE,98.2,0.0,499.3
2026-09-02T10:27:41.606032,5431.1,823.6,137.6,2.66,24.28,92.8,115.0,14.3,37.3,0.928,829.3,137.5,2.69,NONE,99.7,0.0,499.3
2026-09-02T10:27:42.606032,5416.9,828.9,138.0,2.6,24.7,93.7,130.0,14.2,37.4,0.937,829.5,137.7,2.68,NONE,97.1,0.0,499.3
2026-09-02T10:27:43.606032,5369.5,821.6,137.5,2.64,24.08,92.6,145.0,14.1,37.3,0.926,829.3,137.1,2.64,NONE,99.7,0.0,499.3
2026-09-02T10:27:44.606032,5391.2,833.2,137.9,2.54,25.08,92.1,160.0,14.0,37.2,0.921,829.3,137.0,2.66,NONE,99.4,0.0,499.3
2026-09-02T10:27:45.606032,5433.9,831.6,134.4,2.78,23.71,91.0,175.0,13.9,37.1,0.91,829.1,136.8,2.69,NONE,99.6,0.0,499.3
2026-09-02T10:27:46.606032,5354.6,821.0,137.6,2.59,23.15,90.4,190.0,13.8,37.0,0.904,828.9,136.3,2.63,NONE,99.5,0.0,499.3
2026-09-02T10:27:47.606032,5359.4,827.8,138.0,2.6,24.2,91.8,205.0,13.7,37.2,0.918,829.3,136.7,2.63,NONE,97.5,0.0,499.3
2026-09-02T10:27:48.606032,5410.0,832.4,136.1,2.56,24.25,93.4,220.0,13.6,37.3,0.934,829.8,137.4,2.68,NONE,98.6,0.0,499.3
2026-09-02T10:27:49.606032,5395.4,831.7,136.2,2.59,23.88,90.5,235.0,13.5,37.1,0.905,829.1,136.4,2.66,NONE,97.5,0.0,499.3
2026-09-02T10:27:50.606032,5430.7,824.3,136.5,2.56,24.42,93.8,250.0,13.4,37.4,0.938,830.0,137.5,2.69,NONE,99.3,0.0,499.3
2026-09-02T10:27:51.606032,5358.6,831.9,139.0,2.56,24.0,93.3,265.0,13.3,37.3,0.933,829.8,137.0,2.63,NONE,98.5,0.0,499.3
2026-09-02T10:27:52.606032,5423.0,823.9,137.6,2.86,24.15,91.5,280.0,13.2,37.1,0.915,829.6,136.7,2.69,NONE,99.9,0.0,499.3
2026-09-02T10:27:53.606032,5362.5,828.5,133.4,2.53,24.12,92.7,295.0,13.1,37.3,0.927,829.8,136.8,2.64,NONE,99.8,0.0,499.3
2026-09-02T10:27:54.606032,5371.4,825.9,133.7,2.68,24.08,93.0,310.0,13.0,37.3,0.93,830.0,136.9,2.64,NONE,97.3,0.0,499.3
2026-09-02T10:27:55.606032,5448.1,823.1,140.6,2.87,23.87,91.5,325.0,12.9,37.1,0.915,829.8,136.7,2.71,NONE,99.7,0.0,499.3
2026-09-02T10:27:56.606032,5423.7,832.1,137.4,2.65,24.12,93.6,340.0,12.8,37.4,0.936,830.3,137.3,2.69,NONE,97.3,0.0,499.3
2026-09-02T10:27:57.606032,5415.1,830.4,138.2,2.65,23.56,90.2,355.0,12.7,37.0,0.902,829.5,136.1,2.68,NONE,99.9,0.0,499.3
2026-09-02T10:27:58.606032,5420.2,826.6,137.8,2.44,23.43,91.3,370.0,12.6,37.1,0.913,829.9,136.5,2.68,NONE,99.7,0.0,499.3
2026-09-02T10:27:59.606032,5388.2,833.0,137.9,2.6,23.79,92.3,385.0,12.5,37.2,0.923,830.1,136.6,2.66,NONE,99.7,0.0,499.3
2026-09-02T10:28:00.606032,5359.3,830.7,134.2,2.66,23.48,90.1,400.0,12.4,37.0,0.901,829.5,135.8,2.63,NONE,99.2,0.0,499.3
2026-09-02T10:28:01.606032,5410.2,830.1,133.4,2.54,23.59,93.0,415.0,12.3,37.3,0.93,830.4,136.9,2.68,NONE,99.4,0.0,499.3
2026-09-02T10:28:02.606032,5427.2,834.1,135.5,2.84,24.24,92.9,430.0,12.2,37.3,0.929,830.4,136.9,2.69,NONE,97.5,0.0,499.3
2026-09-02T10:28:03.606032,5430.1,829.9,136.7,2.78,23.55,92.0,445.0,12.1,37.2,0.92,830.3,136.6,2.69,NONE,99.7,0.0,499.3
2026-09-02T10:28:04.606032,5405.7,834.0,135.0,2.57,23.7,90.8,460.0,12.0,37.1,0.908,830.0,136.1,2.67,NONE,99.7,0.0,499.3
2026-09-02T10:28:05.606032,5419.2,824.1,137.4,2.7,23.94,90.6,475.0,11.9,37.1,0.906,830.0,136.0,2.68,NONE,97.7,0.0,499.3
2026-09-02T10:28:06.606032,5377.2,828.0,136.5,2.55,23.55,92.2,490.0,11.8,37.2,0.922,830.4,136.3,2.65,NONE,98.2,0.0,499.3
2026-09-02T10:28:07.606032,5401.9,834.9,135.0,2.76,23.5,92.2,505.0,11.7,37.2,0.922,830.5,136.4,2.67,NONE,99.5,0.0,499.3
2026-09-02T10:28:08.606032,5367.8,828.6,134.9,2.77,23.66,93.1,520.0,11.6,37.3,0.931,830.7,136.5,2.64,NONE,97.9,0.0,499.3
2026-09-02T10:28:09.606032,5396.7,828.6,132.8,2.88,23.39,93.4,535.0,11.5,37.3,0.934,830.9,136.7,2.66,NONE,97.0,0.0,499.3
2026-09-02T10:28:10.606032,5388.2,836.2,133.4,2.51,23.13,90.8,550.0,11.4,37.1,0.908,830.3,135.8,2.66,NONE,98.6,0.0,499.3
2026-09-02T10:28:11.606032,5351.8,831.5,136.6,2.64,23.58,93.3,565.0,11.3,37.3,0.933,830.9,136.4,2.63,NONE,98.3,0.0,499.3
2026-09-02T10:28:12.606032,5441.2,833.8,139.1,2.59,23.1,92.8,580.0,11.2,37.3,0.928,831.0,136.6,2.7,NONE,97.7,0.0,499.3
2026-09-02T10:28:13.606032,5354.0,826.6,134.3,2.49,22.94,92.7,595.0,11.1,37.3,0.927,830.9,136.2,2.63,NONE,97.6,0.0,499.3
2026-09-02T10:28:14.606032,5387.2,823.6,132.3,2.76,23.37,92.3,610.0,11.0,37.2,0.923,830.9,136.2,2.66,NONE,99.7,0.0,499.3
2026-09-02T10:28:15.606032,5357.5,830.6,136.3,2.55,22.87,92.6,625.0,10.9,37.3,0.926,831.0,136.1,2.63,NONE,99.3,0.0,499.3
2026-09-02T10:28:16.606032,5362.2,825.9,138.7,2.63,22.88,91.5,640.0,10.8,37.1,0.915,830.7,135.7,2.64,NONE,99.0,0.0,499.3
2026-09-02T10:28:17.606032,5412.3,830.5,136.1,2.59,23.57,93.6,655.0,10.7,37.4,0.936,831.4,136.6,2.68,NONE,99.4,0.0,499.3
2026-09-02T10:28:18.606032,5436.3,838.6,136.7,2.58,23.47,93.4,670.0,10.6,37.3,0.934,831.4,136.6,2.7,NONE,99.5,0.0,499.3
2026-09-02T10:28:19.606032,5420.6,831.7,139.6,2.74,23.19,90.4,685.0,10.5,37.0,0.904,830.7,135.6,2.68,NONE,97.8,0.0,499.3
2026-09-02T10:28:20.606032,5431.9,836.2,135.9,2.61,23.23,93.0,700.0,10.4,37.3,0.93,831.4,136.4,2.69,NONE,99.5,0.0,499.3
2026-09-02T10:28:21.606032,5397.1,833.3,135.1,2.48,23.66,93.9,715.0,10.4,37.4,0.939,831.6,136.5,2.66,NONE,99.7,0.0,499.3
2026-09-02T10:28:22.606032,5362.4,831.3,137.5,2.71,23.0,92.8,730.0,10.3,37.3,0.928,831.4,136.0,2.64,NONE,97.1,0.0,499.3
2026-09-02T10:28:23.606032,5409.8,833.0,133.4,2.77,23.63,93.6,745.0,10.2,37.4,0.936,831.7,136.4,2.67,NONE,97.0,0.0,499.3
2026-09-02T10:28:24.606032,5426.9,834.6,138.5,2.73,22.72,90.4,760.0,10.1,37.0,0.904,831.0,135.4,2.69,NONE,97.6,0.0,499.3
2026-09-02T10:28:25.606032,5365.0,828.3,137.4,2.45,22.99,92.8,775.0,10.0,37.3,0.928,831.5,135.9,2.64,NONE,97.5,0.0,499.3
2026-09-02T10:28:26.606032,5425.7,825.9,137.1,2.67,23.02,93.2,790.0,9.9,37.3,0.932,831.8,136.3,2.69,NONE,98.8,0.0,499.3
2026-09-02T10:28:27.606032,5398.3,833.3,133.9,2.75,22.71,92.4,805.0,9.8,37.2,0.924,831.6,135.9,2.67,NONE,97.5,0.0,499.3
2026-09-02T10:28:28.606032,5436.9,831.1,137.4,2.7,22.57,90.5,820.0,9.7,37.0,0.905,831.3,135.4,2.7,NONE,99.9,0.0,499.3
2026-09-02T10:28:29.606032,5403.8,833.8,131.2,2.64,22.44,90.7,835.0,9.6,37.1,0.907,831.3,135.3,2.67,NONE,98.5,0.0,499.3
2026-09-02T10:28:30.606032,5437.5,831.5,136.4,2.71,22.42,93.6,850.0,9.5,37.4,0.936,832.1,136.3,2.7,NONE,98.4,0.0,499.3
2026-09-02T10:28:31.606032,5353.7,835.1,134.2,2.52,22.61,90.1,865.0,9.4,37.0,0.901,831.1,134.8,2.63,NONE,99.3,0.0,499.3
2026-09-02T10:28:32.606032,5368.1,834.8,137.2,2.6,22.55,92.7,880.0,9.3,37.3,0.927,831.9,135.7,2.64,NONE,99.3,0.0,499.3
2026-09-02T10:28:33.606032,5412.7,830.4,138.1,2.58,22.43,91.5,895.0,9.2,37.1,0.915,831.7,135.5,2.68,NONE,97.0,0.0,499.3
2026-09-02T10:28:34.606032,5374.4,826.8,135.1,2.55,21.84,90.4,910.0,9.1,37.0,0.904,831.4,134.9,2.65,NONE,97.3,0.0,499.3
2026-09-02T10:28:35.606032,5423.8,829.4,138.0,2.64,22.48,93.8,925.0,9.0,37.4,0.938,832.4,136.2,2.69,NONE,99.3,0.0,499.3
2026-09-02T10:28:36.606032,5394.5,835.3,137.3,2.75,22.6,91.2,940.0,8.9,37.1,0.912,831.8,135.2,2.66,NONE,97.3,0.0,499.3
2026-09-02T10:28:37.606032,5356.6,834.6,138.3,2.8,22.52,92.3,955.0,8.8,37.2,0.923,832.0,135.3,2.63,NONE,97.2,0.0,499.3
2026-09-02T10:28:38.606032,5380.0,836.4,130.7,2.54,21.93,90.4,970.0,8.7,37.0,0.904,831.6,134.8,2.65,NONE,98.4,0.0,499.3
2026-09-02T10:28:39.606032,5383.8,827.9,132.0,2.64,22.27,91.9,985.0,8.6,37.2,0.919,832.1,135.3,2.65,NONE,99.4,0.0,499.3
2026-09-02T10:28:40.606032,5122.3,822.1,132.6,2.5,21.06,85.9,1000.0,8.5,36.6,0.859,829.5,132.2,2.45,NONE,98.9,0.0,499.3
2026-09-02T10:28:41.606032,5124.7,833.2,130.0,2.64,20.53,85.9,1025.0,8.3,36.6,0.859,829.6,132.2,2.45,NONE,97.1,0.0,499.3
2026-09-02T10:28:42.606032,5089.3,827.4,132.3,2.42,20.48,85.7,1050.0,8.2,36.6,0.857,829.5,131.9,2.42,NONE,99.4,0.0,499.3
2026-09-02T10:28:43.606032,5115.5,831.7,133.9,2.45,20.43,85.2,1075.0,8.0,36.5,0.852,829.5,131.8,2.44,NONE,99.1,0.0,499.3
2026-09-02T10:28:44.606032,5070.8,828.4,135.5,2.3,20.2,85.1,1100.0,7.8,36.5,0.851,829.4,131.6,2.41,NONE,97.5,0.0,499.3
2026-09-02T10:28:45.606032,5139.3,827.7,133.1,2.49,20.54,84.7,1125.0,7.7,36.5,0.847,829.5,131.7,2.46,NONE,99.0,0.0,499.3
2026-09-02T10:28:46.606032,5128.4,828.2,134.2,2.55,20.35,85.5,1150.0,7.5,36.5,0.855,829.9,131.8,2.45,NONE,100.0,0.0,499.3
2026-09-02T10:28:47.606032,5132.7,831.6,127.4,2.54,20.32,84.6,1175.0,7.4,36.5,0.846,829.6,131.5,2.46,NONE,99.9,0.0,499.3
2026-09-02T10:28:48.606032,5128.2,835.6,130.5,2.35,20.54,84.0,1200.0,7.2,36.4,0.84,829.4,131.3,2.45,NONE,97.4,0.0,499.3
2026-09-02T10:28:49.606032,5122.5,829.2,130.2,2.48,19.94,84.1,1225.0,7.0,36.4,0.841,829.6,131.2,2.45,NONE,98.6,0.0,499.3
2026-09-02T10:28:50.606032,5092.8,834.1,128.8,2.53,19.76,84.7,1250.0,6.9,36.5,0.847,829.8,131.2,2.43,NONE,97.1,0.0,499.3
2026-09-02T10:28:51.606032,5084.0,829.0,130.4,2.45,20.11,84.9,1275.0,6.7,36.5,0.849,830.0,131.2,2.42,NONE,99.8,0.0,499.3
2026-09-02T10:28:52.606032,5130.2,839.8,132.6,2.61,20.2,85.3,1300.0,6.5,36.5,0.853,830.4,131.5,2.46,NONE,100.0,0.0,499.3
2026-09-02T10:28:53.606032,5068.3,831.3,128.9,2.5,20.06,85.5,1325.0,6.4,36.5,0.855,830.3,131.2,2.41,NONE,99.8,0.0,499.3
2026-09-02T10:28:54.606032,5064.3,830.9,131.6,2.4,19.96,85.9,1350.0,6.2,36.6,0.859,830.6,131.3,2.41,NONE,99.8,0.0,499.3
2026-09-02T10:28:55.606032,5079.6,836.2,132.5,2.31,19.76,83.9,1375.0,6.1,36.4,0.839,829.8,130.7,2.42,NONE,97.1,0.0,499.3
2026-09-02T10:28:56.606032,5112.8,833.1,130.4,2.4,20.47,85.9,1400.0,5.9,36.6,0.859,830.9,131.4,2.44,NONE,97.6,0.0,499.3
2026-09-02T10:28:57.606032,5123.4,835.3,131.2,2.49,19.88,86.0,1425.0,5.7,36.6,0.86,831.1,131.4,2.45,NONE,98.4,0.0,499.3
2026-09-02T10:28:58.606032,5063.5,831.9,128.7,2.27,19.2,83.9,1450.0,5.6,36.4,0.839,830.0,130.4,2.41,NONE,99.1,0.0,499.3
2026-09-02T10:28:59.606032,5060.3,830.8,132.2,2.31,19.68,85.8,1475.0,5.4,36.6,0.858,831.0,131.0,2.4,NONE,99.7,0.0,499.3
2026-09-02T10:29:00.606032,5130.6,827.1,132.2,2.43,20.04,84.7,1500.0,5.2,36.5,0.847,830.8,130.9,2.46,NONE,99.5,0.0,499.3
2026-09-02T10:29:01.606032,5111.5,827.1,132.7,2.46,19.73,84.2,1525.0,5.1,36.4,0.842,830.6,130.6,2.44,NONE,98.1,0.0,499.3
2026-09-02T10:29:02.606032,5104.8,830.6,130.1,2.29,19.3,84.3,1550.0,4.9,36.4,0.843,830.7,130.5,2.44,NONE,99.5,0.0,499.3
2026-09-02T10:29:03.606032,5072.6,833.0,130.0,2.36,19.74,86.3,1575.0,4.8,36.6,0.863,831.6,131.0,2.41,NONE,98.4,0.0,499.3
2026-09-02T10:29:04.606032,5097.8,840.2,132.8,2.44,20.02,85.8,1600.0,4.6,36.6,0.858,831.5,130.9,2.43,NONE,99.8,0.0,499.3
2026-09-02T10:29:05.606032,5083.6,837.1,125.8,2.46,19.65,86.2,1625.0,4.4,36.6,0.862,831.7,130.9,2.42,NONE,97.0,0.0,499.3
2026-09-02T10:29:06.606032,5120.7,830.7,131.2,2.51,19.41,85.7,1650.0,4.3,36.6,0.857,831.7,130.9,2.45,NONE,98.6,0.0,499.3
2026-09-02T10:29:07.606032,5137.0,833.0,131.9,2.58,19.94,85.5,1675.0,4.1,36.5,0.855,831.8,130.8,2.46,NONE,97.3,0.0,499.3
2026-09-02T10:29:08.606032,5122.6,833.1,128.2,2.43,19.15,84.5,1700.0,4.0,36.4,0.845,831.4,130.4,2.45,NONE,97.6,0.0,499.3
2026-09-02T10:29:09.606032,5130.2,830.7,131.5,2.55,19.8,85.1,1725.0,3.8,36.5,0.851,831.8,130.6,2.46,NONE,97.6,0.0,499.3
2026-09-02T10:29:10.606032,5064.3,834.5,135.2,2.36,19.29,86.2,1750.0,3.6,36.6,0.862,832.1,130.6,2.41,NONE,99.8,0.0,499.3
2026-09-02T10:29:11.606032,5085.1,824.9,126.3,2.47,18.95,84.4,1775.0,3.5,36.4,0.844,831.5,130.0,2.42,NONE,98.0,0.0,499.3
2026-09-02T10:29:12.606032,5118.7,830.7,129.9,2.23,19.95,84.9,1800.0,3.3,36.5,0.849,831.9,130.3,2.45,NONE,98.9,0.0,499.3
2026-09-02T10:29:13.606032,5088.1,827.7,129.8,2.51,18.58,84.4,1825.0,3.1,36.4,0.844,831.7,130.0,2.42,NONE,98.4,0.0,499.3
2026-09-02T10:29:14.606032,5101.9,833.0,130.4,2.3,19.22,83.6,1850.0,3.0,36.4,0.836,831.4,129.7,2.43,NONE,99.8,0.0,499.3
2026-09-02T10:29:15.606032,5129.1,828.2,129.0,2.32,19.19,84.0,1875.0,2.8,36.4,0.84,831.8,129.9,2.46,NONE,97.3,0.0,499.3
2026-09-02T10:29:16.606032,5099.1,829.2,129.8,2.22,18.89,83.9,1900.0,2.7,36.4,0.839,831.7,129.7,2.43,NONE,99.2,0.0,499.3
2026-09-02T10:29:17.606032,5112.0,830.7,129.6,2.56,19.47,86.5,1925.0,2.5,36.6,0.865,833.0,130.5,2.44,NONE,97.9,0.0,499.3
2026-09-02T10:29:18.606032,5104.3,838.7,126.2,2.52,18.53,83.7,1950.0,2.3,36.4,0.837,831.8,129.6,2.44,NONE,99.4,0.0,499.3
2026-09-02T10:29:19.606032,5126.3,834.1,128.4,2.43,19.54,84.8,1975.0,2.2,36.5,0.848,832.5,129.9,2.45,NONE,98.3,0.0,499.3
2026-09-02T10:29:20.606032,5137.5,831.0,127.6,2.49,18.48,83.6,2000.0,2.0,36.4,0.836,832.1,129.6,2.46,NONE,98.5,0.0,499.3
2026-09-02T10:29:21.606032,5113.5,833.8,128.3,2.54,19.23,85.2,2025.0,1.8,36.5,0.852,832.8,129.9,2.44,NONE,98.1,0.0,499.3
2026-09-02T10:29:22.606032,5066.9,828.7,131.1,2.58,18.66,84.0,2050.0,1.7,36.4,0.84,832.2,129.3,2.41,NONE,100.0,0.0,499.3
2026-09-02T10:29:23.606032,5107.8,835.8,128.8,2.3,18.9,84.0,2075.0,1.5,36.4,0.84,832.4,129.4,2.44,NONE,99.5,0.0,499.3
2026-09-02T10:29:24.606032,5124.9,841.8,128.4,2.56,18.43,84.9,2100.0,1.3,36.5,0.849,833.0,129.7,2.45,NONE,98.0,0.0,499.3
2026-09-02T10:29:25.606032,5125.6,829.1,132.7,2.53,19.04,84.2,2125.0,1.2,36.4,0.842,832.8,129.5,2.45,NONE,98.9,0.0,499.3
2026-09-02T10:29:26.606032,5092.6,833.4,127.8,2.45,18.36,84.8,2150.0,1.0,36.5,0.848,833.0,129.5,2.43,NONE,97.2,0.0,499.3
2026-09-02T10:29:27.606032,5102.0,840.5,131.2,2.48,17.88,84.3,2175.0,0.9,36.4,0.843,832.9,129.3,2.43,NONE,99.8,0.0,499.3
2026-09-02T10:29:28.606032,5133.1,825.1,131.5,2.58,18.19,84.4,2200.0,0.7,36.4,0.844,833.1,129.4,2.46,NONE,98.5,0.0,499.3
2026-09-02T10:29:29.606032,5131.9,836.6,128.6,2.56,18.68,85.5,2225.0,0.5,36.5,0.855,833.7,129.7,2.46,NONE,98.3,0.0,499.3
2026-09-02T10:29:30.606032,5083.1,834.9,131.9,2.3,18.93,85.2,2250.0,0.4,36.5,0.852,833.5,129.3,2.42,NONE,99.1,0.0,499.3
2026-09-02T10:29:31.606032,5083.1,837.7,128.6,2.43,18.63,86.3,2275.0,0.2,36.6,0.863,834.0,129.6,2.42,NONE,97.5,0.0,499.3
2026-09-02T10:29:32.606032,5101.4,834.3,130.1,2.61,18.51,85.7,2300.0,0.1,36.6,0.857,833.9,129.5,2.43,NONE,97.9,0.0,499.3
2026-09-02T10:29:33.606032,5136.2,837.6,126.3,2.42,18.65,85.8,2325.0,-0.1,36.6,0.858,834.2,129.6,2.46,NONE,99.8,0.0,499.3
2026-09-02T10:29:34.606032,5139.4,836.2,131.2,2.32,18.97,84.7,2350.0,-0.3,36.5,0.847,833.8,129.2,2.46,NONE,99.6,0.0,499.3
2026-09-02T10:29:35.606032,5098.9,835.0,130.3,2.4,18.1,84.0,2375.0,-0.4,36.4,0.84,833.5,128.8,2.43,NONE,98.7,0.0,499.3
2026-09-02T10:29:36.606032,5091.1,838.3,127.8,2.48,17.63,85.0,2400.0,-0.6,36.5,0.85,834.0,129.0,2.43,NONE,99.5,0.0,499.3
2026-09-02T10:29:37.606032,5087.3,830.0,126.4,2.6,18.15,83.8,2425.0,-0.8,36.4,0.838,833.5,128.6,2.42,NONE,99.8,0.0,499.3
2026-09-02T10:29:38.606032,5087.1,832.2,127.7,2.5,18.46,84.8,2450.0,-0.9,36.5,0.848,834.0,128.8,2.42,NONE,98.3,0.0,499.3
2026-09-02T10:29:39.606032,5139.9,834.3,128.8,2.53,18.04,86.4,2475.0,-1.1,36.6,0.864,835.0,129.5,2.46,NONE,97.7,0.0,499.3
2026-09-02T10:29:40.606032,5106.7,832.2,131.2,2.35,18.13,84.0,2500.0,-1.2,36.4,0.84,833.9,128.6,2.44,NONE,98.5,0.0,499.3
2026-09-02T10:29:41.606032,5063.3,843.2,128.7,2.42,18.41,85.9,2525.0,-1.4,36.6,0.859,834.7,128.9,2.41,NONE,99.2,0.0,499.3
2026-09-02T10:29:42.606032,5134.5,838.0,132.4,2.3,18.25,86.1,2550.0,-1.6,36.6,0.861,835.1,129.2,2.46,NONE,98.8,0.0,499.3
2026-09-02T10:29:43.606032,5132.0,834.6,133.5,2.44,18.31,86.2,2575.0,-1.7,36.6,0.862,835.2,129.2,2.46,NONE,97.3,0.0,499.3
2026-09-02T10:29:44.606032,5133.6,831.2,127.2,2.37,17.59,83.5,2600.0,-1.9,36.4,0.835,834.1,128.3,2.46,NONE,98.5,0.0,499.3
2026-09-02T10:29:45.606032,5078.9,841.2,131.4,2.54,18.05,84.1,2625.0,-2.1,36.4,0.841,834.3,128.2,2.42,NONE,98.5,0.0,499.3
2026-09-02T10:29:46.606032,5066.6,830.8,130.7,2.42,17.29,85.9,2650.0,-2.2,36.6,0.859,835.1,128.7,2.41,NONE,98.9,0.0,499.3
2026-09-02T10:29:47.606032,5092.3,831.1,127.6,2.35,17.78,84.3,2675.0,-2.4,36.4,0.843,834.6,128.2,2.43,NONE,98.3,0.0,499.3
2026-09-02T10:29:48.606032,5064.1,832.2,129.0,2.35,17.84,84.2,2700.0,-2.6,36.4,0.842,834.6,128.0,2.41,NONE,98.8,0.0,499.3
2026-09-02T10:29:49.606032,5079.2,834.5,127.2,2.48,17.27,83.6,2725.0,-2.7,36.4,0.836,834.4,127.9,2.42,NONE,98.1,0.0,499.3
2026-09-02T10:29:50.606032,5076.3,833.4,128.6,2.32,17.55,84.8,2750.0,-2.9,36.5,0.848,835.1,128.2,2.42,NONE,99.9,0.0,499.3
2026-09-02T10:29:51.606032,5065.4,835.2,128.0,2.48,17.87,84.9,2775.0,-3.0,36.5,0.849,835.1,128.1,2.41,NONE,99.2,0.0,499.3
2026-09-02T10:29:52.606032,5072.7,836.1,124.7,2.51,17.71,85.3,2800.0,-3.2,36.5,0.853,835.4,128.2,2.41,NONE,99.1,0.0,499.3
2026-09-02T10:29:53.606032,5091.9,828.0,129.3,2.49,17.39,84.1,2825.0,-3.4,36.4,0.841,835.1,127.9,2.43,NONE,97.4,0.0,499.3
2026-09-02T10:29:54.606032,5136.3,831.8,124.4,2.26,17.83,85.6,2850.0,-3.5,36.6,0.856,835.9,128.5,2.46,NONE,98.0,0.0,499.3
2026-09-02T10:29:55.606032,5066.0,836.9,127.0,2.27,17.45,84.9,2875.0,-3.7,36.5,0.849,835.5,127.9,2.41,NONE,99.9,0.0,499.3
2026-09-02T10:29:56.606032,5130.0,834.6,125.6,2.47,17.13,84.4,2900.0,-3.8,36.4,0.844,835.6,128.0,2.46,NONE,97.5,0.0,499.3
2026-09-02T10:29:57.606032,5138.3,829.7,129.9,2.37,17.87,86.0,2925.0,-4.0,36.6,0.86,836.4,128.5,2.46,NONE,97.8,0.0,499.3
2026-09-02T10:29:58.606032,5066.1,838.9,126.5,2.29,17.02,84.9,2950.0,-4.2,36.5,0.849,835.8,127.8,2.41,NONE,99.3,0.0,499.3
2026-09-02T10:29:59.606032,5071.5,834.9,129.5,2.2,17.37,83.8,2975.0,-4.3,36.4,0.838,835.4,127.4,2.41,NONE,97.1,0.0,499.3
2026-09-02T10:30:00.606032,5081.5,830.2,124.3,2.58,17.28,84.3,3000.0,-4.5,36.4,0.843,835.7,127.5,2.42,NONE,99.2,0.0,499.3
2026-09-02T10:30:01.606032,5120.7,835.3,128.7,2.39,16.9,83.6,3025.0,-4.7,36.4,0.836,835.6,127.4,2.45,NONE,98.2,0.0,499.3
2026-09-02T10:30:02.606032,5071.0,844.0,126.6,2.46,16.97,84.1,3050.0,-4.8,36.4,0.841,835.8,127.3,2.41,NONE,98.9,0.0,499.3
2026-09-02T10:30:03.606032,5135.6,836.7,130.0,2.39,17.28,84.3,3075.0,-5.0,36.4,0.843,836.2,127.6,2.46,NONE,99.4,0.0,499.3
2026-09-02T10:30:04.606032,5090.1,835.2,127.2,2.47,17.17,86.1,3100.0,-5.2,36.6,0.861,836.9,127.9,2.43,NONE,98.1,0.0,499.3
2026-09-02T10:30:05.606032,5074.6,839.3,128.0,2.52,16.75,85.9,3125.0,-5.3,36.6,0.859,836.8,127.8,2.41,NONE,97.3,0.0,499.3
2026-09-02T10:30:06.606032,5104.0,835.5,130.0,2.58,17.76,86.3,3150.0,-5.5,36.6,0.863,837.2,128.0,2.44,NONE,99.3,0.0,499.3
2026-09-02T10:30:07.606032,5078.5,833.9,127.2,2.42,17.24,86.4,3175.0,-5.6,36.6,0.864,837.2,127.8,2.42,NONE,97.1,0.0,499.3
2026-09-02T10:30:08.606032,5105.8,842.0,126.1,2.57,17.21,86.3,3200.0,-5.8,36.6,0.863,837.4,127.9,2.44,NONE,99.5,0.0,499.3
2026-09-02T10:30:09.606032,5089.0,841.5,127.5,2.32,16.81,84.6,3225.0,-6.0,36.5,0.846,836.7,127.2,2.42,NONE,98.0,0.0,499.3
2026-09-02T10:30:10.606032,4800.2,827.3,120.2,2.13,14.15,71.4,3287.0,-6.4,35.1,0.714,827.6,121.7,2.21,NONE,97.5,0.0,499.3
2026-09-02T10:30:11.606032,4808.8,828.0,117.9,2.15,14.81,71.7,3296.8,-6.4,35.2,0.717,827.9,121.8,2.22,NONE,98.2,0.0,499.3
2026-09-02T10:30:12.606032,4778.9,828.4,119.9,2.13,15.01,72.9,3302.5,-6.5,35.3,0.729,828.7,122.0,2.2,NONE,97.5,0.0,499.3
2026-09-02T10:30:13.606032,4801.8,826.6,124.8,2.11,14.69,71.6,3288.5,-6.4,35.2,0.716,827.8,121.8,2.21,NONE,99.6,0.0,499.3
2026-09-02T10:30:14.606032,4803.9,829.1,120.2,2.15,14.59,72.1,3291.2,-6.4,35.2,0.721,828.2,121.9,2.22,NONE,99.5,0.0,499.3
2026-09-02T10:30:15.606032,4825.2,826.5,122.0,2.05,14.55,71.7,3293.9,-6.4,35.2,0.717,828.0,121.9,2.23,NONE,97.3,0.0,499.3
2026-09-02T10:30:16.606032,4799.8,823.0,123.2,2.14,14.81,71.6,3274.8,-6.3,35.2,0.716,827.7,121.8,2.21,NONE,98.3,0.0,499.3
2026-09-02T10:30:17.606032,4780.4,828.8,120.6,2.19,14.8,72.3,3282.2,-6.3,35.2,0.723,828.1,121.9,2.2,NONE,99.4,0.0,499.3
2026-09-02T10:30:18.606032,4810.9,824.2,122.0,2.3,15.18,71.8,3283.1,-6.3,35.2,0.718,827.9,121.9,2.22,NONE,99.6,0.0,499.3
2026-09-02T10:30:19.606032,4827.9,821.9,121.7,2.33,15.16,71.8,3276.3,-6.3,35.2,0.718,828.0,122.0,2.23,NONE,99.0,0.0,499.3
2026-09-02T10:30:20.606032,4799.6,829.2,123.1,2.12,13.95,71.4,3272.3,-6.3,35.1,0.714,827.5,121.7,2.21,NONE,100.0,0.0,499.3
2026-09-02T10:30:21.606032,4803.9,819.9,122.8,2.09,14.65,71.3,3276.8,-6.3,35.1,0.713,827.5,121.7,2.22,NONE,99.0,0.0,499.3
2026-09-02T10:30:22.606032,4823.8,826.3,123.6,2.18,15.14,71.2,3265.5,-6.2,35.1,0.712,827.5,121.8,2.23,NONE,98.7,0.0,499.3
2026-09-02T10:30:23.606032,4774.3,822.0,124.3,2.17,14.66,71.4,3262.5,-6.2,35.1,0.714,827.4,121.6,2.19,NONE,99.8,0.0,499.3
2026-09-02T10:30:24.606032,4786.6,823.2,120.3,2.27,14.4,71.1,3247.0,-6.1,35.1,0.711,827.1,121.6,2.2,NONE,98.8,0.0,499.3
2026-09-02T10:30:25.606032,4797.6,828.8,121.9,2.24,14.03,71.2,3245.4,-6.1,35.1,0.712,827.3,121.7,2.21,NONE,97.8,0.0,499.3
2026-09-02T10:30:26.606032,4820.4,832.5,122.8,2.18,14.88,72.2,3241.7,-6.1,35.2,0.722,828.2,122.1,2.23,NONE,98.9,0.0,499.3
2026-09-02T10:30:27.606032,4821.5,829.1,123.8,2.27,14.8,71.5,3236.5,-6.0,35.1,0.715,827.6,121.9,2.23,NONE,99.1,0.0,499.3
2026-09-02T10:30:28.606032,4817.6,831.5,125.2,2.28,14.79,72.0,3238.0,-6.0,35.2,0.72,828.0,122.1,2.22,NONE,99.5,0.0,499.3
2026-09-02T10:30:29.606032,4824.3,821.8,123.9,2.32,14.48,72.9,3229.2,-6.0,35.3,0.729,828.6,122.4,2.23,NONE,98.0,0.0,499.3
2026-09-02T10:30:30.606032,4805.6,827.1,122.0,2.19,14.51,71.6,3230.4,-6.0,35.2,0.716,827.6,121.9,2.22,NONE,99.2,0.0,499.3
2026-09-02T10:30:31.606032,4797.5,824.3,120.6,2.38,14.63,71.0,3218.7,-5.9,35.1,0.71,827.0,121.7,2.21,NONE,98.0,0.0,499.3
2026-09-02T10:30:32.606032,4771.6,835.5,122.1,2.15,14.86,72.9,3227.7,-6.0,35.3,0.729,828.4,122.2,2.19,NONE,99.9,0.0,499.3
2026-09-02T10:30:33.606032,4830.0,830.9,120.7,2.21,14.14,72.0,3218.1,-5.9,35.2,0.72,828.0,122.1,2.23,NONE,99.4,0.0,499.3
2026-09-02T10:30:34.606032,4812.4,834.5,123.3,2.37,15.2,71.7,3215.6,-5.9,35.2,0.717,827.6,122.0,2.22,NONE,99.6,0.0,499.3
2026-09-02T10:30:35.606032,4798.9,826.3,120.4,2.22,15.65,72.8,3195.6,-5.8,35.3,0.728,828.3,122.3,2.21,NONE,98.3,0.0,499.3
2026-09-02T10:30:36.606032,4798.0,826.2,121.9,2.01,14.58,71.8,3199.3,-5.8,35.2,0.718,827.6,122.0,2.21,NONE,97.9,0.0,499.3
2026-09-02T10:30:37.606032,4782.7,824.5,123.7,2.14,15.31,71.0,3204.8,-5.8,35.1,0.71,826.9,121.7,2.2,NONE,97.5,0.0,499.3
2026-09-02T10:30:38.606032,4803.7,823.9,122.0,2.13,14.93,71.3,3181.0,-5.7,35.1,0.713,827.2,121.9,2.21,NONE,98.0,0.0,499.3
2026-09-02T10:30:39.606032,4800.1,824.2,127.3,2.19,15.12,72.5,3194.2,-5.8,35.2,0.725,828.1,122.2,2.21,NONE,98.6,0.0,499.3
2026-09-02T10:30:40.606032,4770.8,826.1,121.8,2.2,14.81,72.5,3185.2,-5.7,35.3,0.725,827.9,122.1,2.19,NONE,97.3,0.0,499.3
2026-09-02T10:30:41.606032,4777.8,823.5,122.0,2.12,14.88,72.4,3176.5,-5.6,35.2,0.724,827.8,122.1,2.2,NONE,99.2,0.0,499.3
2026-09-02T10:30:42.606032,4810.4,824.5,121.9,2.2,14.4,72.1,3163.7,-5.6,35.2,0.721,827.7,122.2,2.22,NONE,99.6,0.0,499.3
2026-09-02T10:30:43.606032,4777.8,834.3,123.1,2.21,15.04,72.0,3160.7,-5.5,35.2,0.72,827.5,122.0,2.2,NONE,99.6,0.0,499.3
2026-09-02T10:30:44.606032,4806.3,827.9,125.0,2.21,15.26,73.0,3153.8,-5.5,35.3,0.73,828.4,122.5,2.22,NONE,98.7,0.0,499.3
2026-09-02T10:30:45.606032,4805.8,831.0,122.2,2.24,15.06,71.4,3149.4,-5.5,35.1,0.714,827.1,122.0,2.22,NONE,97.7,0.0,499.3
2026-09-02T10:30:46.606032,4776.5,826.4,121.0,2.08,15.05,72.5,3144.1,-5.4,35.3,0.725,827.8,122.2,2.2,NONE,98.3,0.0,499.3
2026-09-02T10:30:47.606032,4824.3,827.8,124.4,2.16,14.71,71.2,3157.2,-5.5,35.1,0.712,827.1,122.0,2.23,NONE,97.8,0.0,499.3
2026-09-02T10:30:48.606032,4790.2,825.9,124.9,2.26,15.45,72.0,3147.1,-5.5,35.2,0.72,827.5,122.1,2.21,NONE,99.4,0.0,499.3
2026-09-02T10:30:49.606032,4780.6,829.2,121.2,2.11,14.57,71.7,3135.2,-5.4,35.2,0.717,827.2,122.0,2.2,NONE,97.7,0.0,499.3
2026-09-02T10:30:50.606032,4777.5,827.0,127.4,2.12,14.6,71.3,3142.9,-5.4,35.1,0.713,826.9,121.8,2.2,NONE,97.9,0.0,499.3
2026-09-02T10:30:51.606032,4807.5,823.3,123.6,2.23,14.98,71.1,3123.1,-5.3,35.1,0.711,826.8,122.0,2.22,NONE,98.2,0.0,499.3
2026-09-02T10:30:52.606032,4796.9,835.5,122.3,2.07,14.87,72.6,3119.7,-5.3,35.3,0.726,827.9,122.4,2.21,NONE,97.7,0.0,499.3
2026-09-02T10:30:53.606032,4788.9,827.8,123.5,2.19,14.27,71.4,3134.4,-5.4,35.1,0.714,827.0,121.9,2.2,NONE,98.9,0.0,499.3
2026-09-02T10:30:54.606032,4797.5,829.8,121.6,2.22,15.43,72.1,3114.7,-5.2,35.2,0.721,827.5,122.2,2.21,NONE,97.8,0.0,499.3
2026-09-02T10:30:55.606032,4799.0,829.2,120.9,2.22,15.58,72.9,3127.1,-5.3,35.3,0.729,828.2,122.5,2.21,NONE,99.7,0.0,499.3
2026-09-02T10:30:56.606032,4805.6,828.3,122.8,2.24,14.73,71.5,3119.7,-5.3,35.2,0.715,827.1,122.1,2.22,NONE,98.4,0.0,499.3
2026-09-02T10:30:57.606032,4792.3,831.8,123.0,2.38,14.73,71.8,3117.7,-5.3,35.2,0.718,827.3,122.1,2.21,NONE,98.5,0.0,499.3
2026-09-02T10:30:58.606032,4811.1,826.4,123.7,2.14,14.78,72.6,3108.7,-5.2,35.3,0.726,827.9,122.5,2.22,NONE,97.6,0.0,499.3
2026-09-02T10:30:59.606032,4788.2,829.9,123.2,2.12,14.93,73.0,3116.1,-5.3,35.3,0.73,828.1,122.5,2.2,NONE,99.3,0.0,499.3
2026-09-02T10:31:00.606032,4800.7,827.8,124.4,2.23,15.3,71.1,3112.9,-5.2,35.1,0.711,826.8,121.9,2.21,NONE,97.8,0.0,499.3
2026-09-02T10:31:01.606032,4804.9,837.2,124.8,2.04,14.79,72.4,3103.2,-5.2,35.2,0.724,827.7,122.4,2.22,NONE,97.5,0.0,499.3
2026-09-02T10:31:02.606032,4770.1,829.4,125.4,2.19,14.95,72.3,3100.3,-5.2,35.2,0.723,827.5,122.2,2.19,NONE,99.7,0.0,499.3
2026-09-02T10:31:03.606032,4777.3,829.6,123.4,2.02,14.35,71.5,3105.8,-5.2,35.2,0.715,826.9,122.0,2.2,NONE,99.7,0.0,499.3
2026-09-02T10:31:04.606032,4802.2,825.0,121.6,2.08,14.46,71.4,3092.0,-5.1,35.1,0.714,826.9,122.1,2.21,NONE,99.8,0.0,499.3
2026-09-02T10:31:05.606032,4807.5,830.3,121.1,1.97,15.42,72.9,3092.5,-5.1,35.3,0.729,828.1,122.6,2.22,NONE,97.8,0.0,499.3
2026-09-02T10:31:06.606032,4816.6,829.9,120.4,2.21,15.62,72.7,3104.9,-5.2,35.3,0.727,828.0,122.5,2.22,NONE,97.0,0.0,499.3
2026-09-02T10:31:07.606032,4816.8,828.1,123.6,2.3,14.7,71.1,3106.0,-5.2,35.1,0.711,826.8,122.0,2.22,NONE,97.6,0.0,499.3
2026-09-02T10:31:08.606032,4791.9,829.8,120.8,2.14,15.44,71.2,3090.4,-5.1,35.1,0.712,826.7,122.0,2.21,NONE,99.5,0.0,499.3
2026-09-02T10:31:09.606032,4775.2,830.1,120.4,1.95,14.71,72.0,3100.3,-5.2,35.2,0.72,827.3,122.1,2.19,NONE,98.9,0.0,499.3
2026-09-02T10:31:10.606032,4799.2,829.5,123.3,2.19,14.52,71.5,3093.7,-5.1,35.2,0.715,827.0,122.1,2.21,NONE,98.7,0.0,499.3
2026-09-02T10:31:11.606032,4790.3,827.6,120.2,2.18,14.88,71.2,3095.9,-5.1,35.1,0.712,826.7,122.0,2.21,NONE,99.2,0.0,499.3
2026-09-02T10:31:12.606032,4773.1,825.0,123.5,2.24,14.71,72.5,3101.9,-5.2,35.2,0.725,827.6,122.3,2.19,NONE,99.6,0.0,499.3
2026-09-02T10:31:13.606032,4809.1,828.8,122.2,2.25,15.04,72.2,3106.0,-5.2,35.2,0.722,827.6,122.3,2.22,NONE,97.7,0.0,499.3
2026-09-02T10:31:14.606032,4829.1,836.0,121.5,2.15,15.1,72.1,3100.0,-5.2,35.2,0.721,827.6,122.4,2.23,NONE,99.7,0.0,499.3
2026-09-02T10:31:15.606032,4772.2,836.0,121.0,2.2,15.38,72.9,3100.9,-5.2,35.3,0.729,827.9,122.4,2.19,NONE,98.8,0.0,499.3
2026-09-02T10:31:16.606032,4777.2,820.2,125.8,2.16,14.77,72.2,3118.4,-5.3,35.2,0.722,827.5,122.2,2.2,NONE,97.7,0.0,499.3
2026-09-02T10:31:17.606032,4799.7,826.9,121.9,2.23,15.18,71.0,3108.7,-5.2,35.1,0.71,826.7,121.9,2.21,NONE,98.1,0.0,499.3
2026-09-02T10:31:18.606032,4799.7,828.4,124.9,2.09,15.38,72.1,3116.6,-5.3,35.2,0.721,827.5,122.2,2.21,NONE,98.8,0.0,499.3
2026-09-02T10:31:19.606032,4820.4,830.6,124.4,2.43,14.76,71.8,3125.6,-5.3,35.2,0.718,827.4,122.2,2.23,NONE,97.5,0.0,499.3
2026-09-02T10:31:20.606032,4793.5,833.1,123.6,2.13,14.74,72.3,3115.2,-5.2,35.2,0.723,827.6,122.3,2.21,NONE,99.1,0.0,499.3
2026-09-02T10:31:21.606032,4813.0,829.4,122.1,2.3,14.9,72.0,3124.1,-5.3,35.2,0.72,827.5,122.3,2.22,NONE,98.3,0.0,499.3
2026-09-02T10:31:22.606032,4791.2,833.3,120.1,2.17,15.08,71.9,3121.6,-5.3,35.2,0.719,827.3,122.1,2.21,NONE,99.7,0.0,499.3
2026-09-02T10:31:23.606032,4774.9,826.6,123.2,2.11,15.11,71.8,3134.4,-5.4,35.2,0.718,827.2,122.0,2.19,NONE,99.7,0.0,499.3
2026-09-02T10:31:24.606032,4802.9,831.6,122.2,2.08,15.3,72.4,3140.5,-5.4,35.2,0.724,827.8,122.3,2.21,NONE,97.9,0.0,499.3
2026-09-02T10:31:25.606032,4825.4,827.1,125.9,2.23,14.96,72.5,3140.8,-5.4,35.2,0.725,828.0,122.4,2.23,NONE,98.2,0.0,499.3
2026-09-02T10:31:26.606032,4814.0,826.0,122.5,2.32,15.25,72.6,3132.1,-5.4,35.3,0.726,828.0,122.4,2.22,NONE,99.9,0.0,499.3
2026-09-02T10:31:27.606032,4795.6,831.7,125.7,2.26,14.63,72.0,3143.1,-5.4,35.2,0.72,827.5,122.1,2.21,NONE,99.0,0.0,499.3
2026-09-02T10:31:28.606032,4791.3,830.2,122.9,2.12,15.14,71.7,3155.6,-5.5,35.2,0.717,827.3,122.0,2.21,NONE,97.8,0.0,499.3
2026-09-02T10:31:29.606032,4823.6,828.5,120.5,2.33,14.97,72.3,3160.1,-5.5,35.2,0.723,828.0,122.3,2.23,NONE,99.4,0.0,499.3
2026-09-02T10:31:30.606032,4774.1,828.5,123.9,2.33,15.03,72.5,3157.8,-5.5,35.2,0.725,827.8,122.2,2.19,NONE,97.8,0.0,499.3
2026-09-02T10:31:31.606032,4821.8,832.6,122.1,2.15,14.5,72.3,3163.7,-5.6,35.2,0.723,828.0,122.3,2.23,NONE,97.3,0.0,499.3
2026-09-02T10:31:32.606032,4801.4,822.2,123.7,2.3,15.08,71.0,3156.6,-5.5,35.1,0.71,826.8,121.8,2.21,NONE,99.4,0.0,499.3
2026-09-02T10:31:33.606032,4790.3,826.4,121.9,2.28,14.37,72.2,3178.3,-5.7,35.2,0.722,827.8,122.1,2.21,NONE,99.2,0.0,499.3
2026-09-02T10:31:34.606032,4816.6,828.9,125.9,2.2,14.74,72.6,3179.3,-5.7,35.3,0.726,828.2,122.4,2.22,NONE,98.3,0.0,499.3
2026-09-02T10:31:35.606032,4799.5,823.7,122.2,2.13,14.72,72.8,3174.5,-5.6,35.3,0.728,828.2,122.4,2.21,NONE,97.9,0.0,499.3
2026-09-02T10:31:36.606032,4796.6,822.5,121.4,2.29,14.79,71.7,3187.4,-5.7,35.2,0.717,827.5,122.0,2.21,NONE,97.7,0.0,499.3
2026-09-02T10:31:37.606032,4773.5,829.6,122.6,2.1,15.35,71.9,3184.1,-5.7,35.2,0.719,827.5,121.9,2.19,NONE,97.2,0.0,499.3
2026-09-02T10:31:38.606032,4818.9,826.4,120.3,2.26,14.48,71.1,3202.9,-5.8,35.1,0.711,827.2,121.8,2.23,NONE,99.2,0.0,499.3
2026-09-02T10:31:39.606032,4825.4,827.6,122.4,2.16,14.53,71.6,3197.1,-5.8,35.2,0.716,827.6,122.0,2.23,NONE,98.6,0.0,499.3
2026-09-02T10:31:40.606032,4820.7,829.0,123.2,2.25,14.98,72.4,3210.5,-5.9,35.2,0.724,828.2,122.2,2.23,NONE,99.7,0.0,499.3
2026-09-02T10:31:41.606032,4803.3,835.7,119.7,2.21,14.7,72.2,3212.7,-5.9,35.2,0.722,828.0,122.1,2.21,NONE,98.1,0.0,499.3
2026-09-02T10:31:42.606032,4824.3,831.0,121.1,2.18,15.38,72.7,3224.0,-6.0,35.3,0.727,828.5,122.3,2.23,NONE,99.4,0.0,499.3
2026-09-02T10:31:43.606032,4770.9,826.9,121.8,2.22,14.71,71.6,3219.2,-5.9,35.2,0.716,827.3,121.8,2.19,NONE,99.5,0.0,499.3
2026-09-02T10:31:44.606032,4806.9,833.0,123.4,2.35,14.95,72.4,3231.6,-6.0,35.2,0.724,828.2,122.1,2.22,NONE,99.9,0.0,499.3
2026-09-02T10:31:45.606032,4814.2,827.6,121.6,2.2,14.77,71.2,3231.5,-6.0,35.1,0.712,827.3,121.8,2.22,NONE,99.9,0.0,499.3
2026-09-02T10:31:46.606032,4773.9,829.6,120.8,2.09,14.72,71.3,3227.2,-6.0,35.1,0.713,827.2,121.7,2.19,NONE,99.0,0.0,499.3
2026-09-02T10:31:47.606032,4781.3,829.0,124.9,2.12,15.08,72.9,3229.4,-6.0,35.3,0.729,828.4,122.2,2.2,NONE,99.8,0.0,499.3
2026-09-02T10:31:48.606032,4803.7,828.4,122.5,2.11,15.15,72.4,3246.4,-6.1,35.2,0.724,828.2,122.1,2.21,NONE,97.4,0.0,499.3
2026-09-02T10:31:49.606032,4779.6,821.2,125.4,2.13,14.78,72.1,3246.7,-6.1,35.2,0.721,827.9,121.9,2.2,NONE,99.2,0.0,499.3
2026-09-02T10:31:50.606032,4821.2,828.2,122.1,2.17,14.9,71.6,3244.0,-6.1,35.2,0.716,827.7,121.9,2.23,NONE,97.8,0.0,499.3
2026-09-02T10:31:51.606032,4826.1,823.2,122.5,2.15,14.49,71.2,3255.1,-6.2,35.1,0.712,827.5,121.8,2.23,NONE,99.3,0.0,499.3
2026-09-02T10:31:52.606032,4826.4,826.4,125.0,2.25,14.73,72.1,3267.8,-6.2,35.2,0.721,828.2,122.1,2.23,NONE,97.4,0.0,499.3
2026-09-02T10:31:53.606032,4817.0,829.9,123.4,2.08,14.76,72.1,3266.3,-6.2,35.2,0.721,828.1,122.0,2.22,NONE,98.6,0.0,499.3
2026-09-02T10:31:54.606032,4774.1,824.8,122.0,2.11,14.34,72.0,3274.8,-6.3,35.2,0.72,827.9,121.8,2.19,NONE,97.9,0.0,499.3
2026-09-02T10:31:55.606032,4786.4,833.5,122.7,2.11,14.78,71.4,3262.7,-6.2,35.1,0.714,827.4,121.7,2.2,NONE,98.2,0.0,499.3
2026-09-02T10:31:56.606032,4770.1,827.5,118.2,2.16,14.65,72.0,3267.5,-6.2,35.2,0.72,827.8,121.8,2.19,NONE,99.6,0.0,499.3
2026-09-02T10:31:57.606032,4794.6,832.2,120.2,2.24,14.24,71.4,3279.1,-6.3,35.1,0.714,827.5,121.7,2.21,NONE,99.7,0.0,499.3
2026-09-02T10:31:58.606032,4801.9,832.4,119.5,2.06,14.31,72.5,3275.0,-6.3,35.3,0.725,828.4,122.1,2.21,NONE,98.6,0.0,499.3
2026-09-02T10:31:59.606032,4809.0,830.1,123.8,2.3,14.27,71.5,3290.3,-6.4,35.2,0.715,827.7,121.8,2.22,NONE,97.9,0.0,499.3
2026-09-02T10:32:00.606032,4795.4,827.8,122.9,2.24,14.49,71.4,3295.3,-6.4,35.1,0.714,827.6,121.7,2.21,NONE,97.6,0.0,499.3
2026-09-02T10:32:01.606032,4826.4,822.6,121.6,2.18,14.29,72.5,3297.1,-6.4,35.3,0.725,828.6,122.1,2.23,NONE,98.2,0.0,499.3
2026-09-02T10:32:02.606032,4817.4,831.3,125.0,2.12,14.43,71.8,3293.2,-6.4,35.2,0.718,828.0,121.9,2.22,NONE,99.9,0.0,499.3
2026-09-02T10:32:03.606032,4827.2,829.6,120.0,2.27,15.02,72.7,3296.3,-6.4,35.3,0.727,828.7,122.2,2.23,NONE,99.0,0.0,499.3
2026-09-02T10:32:04.606032,4825.1,823.2,119.4,2.34,15.53,71.9,3286.2,-6.4,35.2,0.719,828.1,122.0,2.23,NONE,99.2,0.0,499.3
2026-09-02T10:32:05.606032,4788.1,830.7,117.1,2.05,14.68,71.5,3290.2,-6.4,35.2,0.715,827.6,121.7,2.2,NONE,98.2,0.0,499.3
2026-09-02T10:32:06.606032,4820.2,825.9,119.1,2.24,15.04,72.6,3296.7,-6.4,35.3,0.726,828.6,122.1,2.23,NONE,97.3,0.0,499.3
2026-09-02T10:32:07.606032,4826.6,830.1,120.0,2.32,14.97,71.3,3291.0,-6.4,35.1,0.713,827.7,121.8,2.23,NONE,98.3,0.0,499.3
2026-09-02T10:32:08.606032,4803.4,824.6,119.1,2.1,14.38,71.9,3301.7,-6.5,35.2,0.719,828.0,121.8,2.21,NONE,99.2,0.0,499.3
2026-09-02T10:32:09.606032,4827.4,831.1,120.3,2.26,15.23,72.7,3308.8,-6.5,35.3,0.727,828.8,122.2,2.23,NONE,97.7,0.0,499.3
2026-09-02T10:32:10.606032,4770.9,829.3,117.7,2.32,14.41,71.3,3295.2,-6.4,35.1,0.713,827.4,121.5,2.19,NONE,99.5,0.0,499.3
2026-09-02T10:32:11.606032,4796.0,830.2,122.7,2.35,15.08,71.8,3292.8,-6.4,35.2,0.718,827.9,121.8,2.21,NONE,99.3,0.0,499.3
2026-09-02T10:32:12.606032,4820.4,830.5,120.5,2.39,14.54,71.7,3293.1,-6.4,35.2,0.717,828.0,121.9,2.23,NONE,97.6,0.0,499.3
2026-09-02T10:32:13.606032,4798.9,826.9,120.9,2.06,14.73,71.1,3301.1,-6.5,35.1,0.711,827.4,121.6,2.21,NONE,97.5,0.0,499.3
2026-09-02T10:32:14.606032,4785.6,827.1,119.4,2.43,14.64,72.1,3292.1,-6.4,35.2,0.721,828.1,121.8,2.2,NONE,98.4,0.0,499.3
2026-09-02T10:32:15.606032,4801.3,819.1,125.6,2.27,14.23,71.3,3290.2,-6.4,35.1,0.713,827.5,121.7,2.21,NONE,99.9,0.0,499.3
2026-09-02T10:32:16.606032,4792.1,830.6,123.1,2.25,14.93,71.2,3289.0,-6.4,35.1,0.712,827.4,121.6,2.21,NONE,98.5,0.0,499.3
2026-09-02T10:32:17.606032,4824.6,825.4,122.5,2.1,14.28,71.5,3286.2,-6.4,35.2,0.715,827.8,121.8,2.23,NONE,98.1,0.0,499.3
2026-09-02T10:32:18.606032,4771.3,820.8,121.9,2.32,14.41,72.1,3290.3,-6.4,35.2,0.721,828.0,121.8,2.19,NONE,98.1,0.0,499.3
2026-09-02T10:32:19.606032,4825.7,831.2,122.0,2.34,14.9,71.4,3300.1,-6.5,35.1,0.714,827.8,121.8,2.23,NONE,99.4,0.0,499.3
2026-09-02T10:32:20.606032,4797.5,826.6,122.6,2.07,15.47,71.8,3294.2,-6.4,35.2,0.718,827.9,121.8,2.21,NONE,98.7,0.0,499.3
2026-09-02T10:32:21.606032,4810.4,829.0,123.0,2.28,14.71,71.7,3281.3,-6.3,35.2,0.717,827.9,121.8,2.22,NONE,98.1,0.0,499.3
2026-09-02T10:32:22.606032,4800.9,826.0,119.8,2.24,14.37,71.1,3285.0,-6.4,35.1,0.711,827.4,121.6,2.21,NONE,97.3,0.0,499.3
2026-09-02T10:32:23.606032,4811.0,824.3,120.9,2.16,14.73,71.9,3274.7,-6.3,35.2,0.719,828.0,121.9,2.22,NONE,97.5,0.0,499.3
2026-09-02T10:32:24.606032,4792.2,833.9,122.2,2.31,14.65,72.1,3279.3,-6.3,35.2,0.721,828.1,121.9,2.21,NONE,98.1,0.0,499.3
2026-09-02T10:32:25.606032,4776.4,826.1,122.3,2.06,14.95,71.6,3270.9,-6.3,35.2,0.716,827.6,121.7,2.2,NONE,97.9,0.0,499.3
2026-09-02T10:32:26.606032,4829.7,823.5,122.3,2.24,15.04,71.6,3278.1,-6.3,35.2,0.716,827.9,121.9,2.23,NONE,97.0,0.0,499.3
2026-09-02T10:32:27.606032,4772.4,824.8,124.3,2.15,14.28,71.3,3268.5,-6.2,35.1,0.713,827.3,121.6,2.19,NONE,99.3,0.0,499.3
2026-09-02T10:32:28.606032,4795.5,829.3,122.4,2.28,13.97,71.1,3265.9,-6.2,35.1,0.711,827.3,121.6,2.21,NONE,98.8,0.0,499.3
2026-09-02T10:32:29.606032,4813.0,825.0,120.7,2.19,14.87,71.3,3267.3,-6.2,35.1,0.713,827.5,121.8,2.22,NONE,97.1,0.0,499.3
2026-09-02T10:32:30.606032,4829.1,823.4,125.0,2.04,14.18,71.6,3255.0,-6.2,35.2,0.716,827.8,121.9,2.23,NONE,97.7,0.0,499.3
2026-09-02T10:32:31.606032,4806.0,824.4,118.1,2.09,15.25,72.4,3251.1,-6.1,35.2,0.724,828.3,122.1,2.22,NONE,97.9,0.0,499.3
2026-09-02T10:32:32.606032,4821.9,830.4,123.6,2.4,15.05,72.8,3252.7,-6.1,35.3,0.728,828.6,122.3,2.23,NONE,98.8,0.0,499.3
2026-09-02T10:32:33.606032,4794.6,830.9,122.7,1.97,14.79,71.5,3234.9,-6.0,35.2,0.715,827.5,121.8,2.21,NONE,98.1,0.0,499.3
2026-09-02T10:32:34.606032,4811.9,825.8,122.2,2.39,14.41,71.0,3240.7,-6.1,35.1,0.71,827.2,121.7,2.22,NONE,97.4,0.0,499.3
2026-09-02T10:32:35.606032,4781.0,834.7,121.7,2.27,14.98,71.5,3237.2,-6.0,35.2,0.715,827.4,121.7,2.2,NONE,98.7,0.0,499.3
2026-09-02T10:32:36.606032,4815.4,824.7,123.6,2.31,14.95,72.5,3230.9,-6.0,35.3,0.725,828.3,122.2,2.22,NONE,97.4,0.0,499.3
2026-09-02T10:32:37.606032,4798.3,825.1,124.3,2.11,14.69,71.4,3233.6,-6.0,35.1,0.714,827.4,121.8,2.21,NONE,99.2,0.0,499.3
2026-09-02T10:32:38.606032,4779.7,821.6,121.3,2.29,15.17,71.5,3219.9,-5.9,35.2,0.715,827.3,121.8,2.2,NONE,98.9,0.0,499.3
2026-09-02T10:32:39.606032,4784.3,829.2,125.5,2.17,14.22,71.2,3204.5,-5.8,35.1,0.712,827.1,121.7,2.2,NONE,99.9,0.0,499.3
2026-09-02T10:32:40.606032,4810.6,828.1,120.5,2.19,14.84,71.9,3213.8,-5.9,35.2,0.719,827.8,122.0,2.22,NONE,99.0,0.0,499.3
2026-09-02T10:32:41.606032,4791.5,835.8,119.3,2.19,14.57,71.7,3199.1,-5.8,35.2,0.717,827.5,121.9,2.21,NONE,97.7,0.0,499.2
2026-09-02T10:32:42.606032,4811.3,900.3,173.4,2.11,15.59,72.7,3196.4,-5.8,35.3,0.727,828.3,122.3,2.22,OVERHEATING,97.7,0.001,499.1
2026-09-02T10:32:43.606032,4795.3,890.7,175.2,2.17,15.03,72.5,3201.8,-5.8,35.2,0.725,828.1,122.2,2.21,OVERHEATING,99.7,0.002,499.0
2026-09-02T10:32:44.606032,4795.4,902.8,172.1,2.19,14.78,71.4,3184.8,-5.7,35.1,0.714,827.2,121.9,2.21,OVERHEATING,99.5,0.003,498.8
2026-09-02T10:32:45.606032,4816.2,896.6,178.5,2.24,14.91,72.9,3184.5,-5.7,35.3,0.729,828.4,122.4,2.22,OVERHEATING,97.9,0.004,498.7
2026-09-02T10:32:46.606032,4773.6,902.5,178.0,2.08,14.47,71.2,3182.1,-5.7,35.1,0.712,826.9,121.7,2.19,OVERHEATING,97.3,0.006,498.6
2026-09-02T10:32:47.606032,4822.4,902.2,176.2,2.16,15.29,71.9,3184.1,-5.7,35.2,0.719,827.7,122.1,2.23,OVERHEATING,99.0,0.007,498.4
2026-09-02T10:32:48.606032,4785.1,908.5,176.1,2.0,14.33,71.5,3164.1,-5.6,35.1,0.715,827.2,121.9,2.2,OVERHEATING,97.0,0.008,498.3
2026-09-02T10:32:49.606032,4803.9,901.6,179.0,2.18,14.5,71.7,3170.8,-5.6,35.2,0.717,827.4,122.0,2.22,OVERHEATING,96.8,0.009,498.2
2026-09-02T10:32:50.606032,4770.7,896.2,181.4,2.29,14.52,72.1,3165.6,-5.6,35.2,0.721,827.5,122.0,2.19,OVERHEATING,97.8,0.01,498.0
2026-09-02T10:32:51.606032,4794.7,906.0,173.9,2.24,14.89,71.6,3158.7,-5.5,35.2,0.716,827.3,122.0,2.21,OVERHEATING,97.2,0.011,497.9
2026-09-02T10:32:52.606032,4789.0,904.2,174.2,2.21,14.7,71.9,3149.7,-5.5,35.2,0.719,827.4,122.1,2.2,OVERHEATING,98.6,0.012,497.8
2026-09-02T10:32:53.606032,4802.3,906.7,179.1,2.11,14.88,72.0,3154.6,-5.5,35.2,0.72,827.6,122.2,2.21,OVERHEATING,97.5,0.013,497.6
2026-09-02T10:32:54.606032,4824.9,899.9,177.6,2.17,14.76,72.5,3151.9,-5.5,35.2,0.725,828.1,122.4,2.23,OVERHEATING,96.6,0.014,497.5
2026-09-02T10:32:55.606032,4824.2,902.1,178.0,2.29,14.67,72.9,3128.6,-5.3,35.3,0.729,828.3,122.6,2.23,OVERHEATING,97.6,0.016,497.4
2026-09-02T10:32:56.606032,4810.1,911.4,176.7,2.21,15.23,71.8,3138.7,-5.4,35.2,0.718,827.4,122.2,2.22,OVERHEATING,98.5,0.017,497.2
2026-09-02T10:32:57.606032,4796.6,903.1,175.6,2.26,15.18,71.2,3124.3,-5.3,35.1,0.712,826.9,121.9,2.21,OVERHEATING,96.1,0.018,497.1
2026-09-02T10:32:58.606032,4778.0,910.5,171.2,2.31,14.84,72.3,3121.7,-5.3,35.2,0.723,827.6,122.2,2.2,OVERHEATING,98.0,0.019,497.0
2026-09-02T10:32:59.606032,4799.1,897.9,171.5,2.05,15.2,73.0,3123.0,-5.3,35.3,0.73,828.2,122.5,2.21,OVERHEATING,98.1,0.02,496.8
2026-09-02T10:33:00.606032,4810.2,904.6,175.2,2.23,15.23,71.1,3125.0,-5.3,35.1,0.711,826.9,122.0,2.22,OVERHEATING,96.6,0.021,496.7
2026-09-02T10:33:01.606032,4779.8,907.6,173.5,2.19,14.99,72.1,3127.7,-5.3,35.2,0.721,827.5,122.1,2.2,OVERHEATING,98.3,0.022,496.6
2026-09-02T10:33:02.606032,4815.5,900.6,183.0,2.29,14.66,72.6,3116.5,-5.3,35.3,0.726,828.0,122.5,2.22,OVERHEATING,96.2,0.023,496.4
2026-09-02T10:33:03.606032,4773.4,908.0,181.2,2.12,14.56,71.9,3114.0,-5.2,35.2,0.719,827.2,122.1,2.19,OVERHEATING,98.2,0.024,496.3
2026-09-02T10:33:04.606032,4805.4,903.4,175.9,2.06,14.99,71.9,3108.2,-5.2,35.2,0.719,827.4,122.2,2.22,OVERHEATING,97.2,0.026,496.2
2026-09-02T10:33:05.606032,4810.8,896.2,171.3,2.2,14.79,71.1,3108.1,-5.2,35.1,0.711,826.8,122.0,2.22,OVERHEATING,97.3,0.027,496.0
2026-09-02T10:33:06.606032,4803.6,910.7,181.1,2.12,14.91,71.2,3104.5,-5.2,35.1,0.712,826.8,122.0,2.21,OVERHEATING,97.7,0.028,495.9
2026-09-02T10:33:07.606032,4822.4,898.4,176.5,2.24,14.86,72.8,3094.8,-5.1,35.3,0.728,828.1,122.6,2.23,OVERHEATING,96.7,0.029,495.8
2026-09-02T10:33:08.606032,4821.7,904.6,177.6,2.31,15.03,71.6,3095.9,-5.1,35.2,0.716,827.2,122.2,2.23,OVERHEATING,96.6,0.03,495.6
2026-09-02T10:33:09.606032,4817.2,900.6,181.3,2.11,15.36,72.8,3093.4,-5.1,35.3,0.728,828.1,122.6,2.22,OVERHEATING,97.8,0.031,495.5
2026-09-02T10:33:10.606032,4806.4,894.9,176.8,2.09,14.71,71.6,3109.1,-5.2,35.2,0.716,827.2,122.1,2.22,OVERHEATING,95.7,0.032,495.4
2026-09-02T10:33:11.606032,4802.3,906.1,175.9,2.04,15.31,71.7,3106.9,-5.2,35.2,0.717,827.2,122.2,2.21,OVERHEATING,96.0,0.033,495.2
2026-09-02T10:33:12.606032,4772.4,899.8,174.1,2.32,14.97,71.5,3093.7,-5.1,35.1,0.715,826.8,122.0,2.19,OVERHEATING,97.4,0.034,495.1
2026-09-02T10:33:13.606032,4824.7,903.3,178.7,2.22,14.92,71.9,3094.8,-5.1,35.2,0.719,827.4,122.3,2.23,OVERHEATING,97.7,0.036,495.0
2026-09-02T10:33:14.606032,4792.8,902.9,171.3,2.27,15.12,71.0,3110.1,-5.2,35.1,0.71,826.6,121.9,2.21,OVERHEATING,97.9,0.037,494.8
2026-09-02T10:33:15.606032,4821.3,899.8,181.2,2.22,14.53,71.0,3100.7,-5.2,35.1,0.71,826.8,122.0,2.23,OVERHEATING,94.9,0.038,494.7
2026-09-02T10:33:16.606032,4773.1,899.3,175.4,2.29,15.12,71.3,3108.8,-5.2,35.1,0.713,826.7,121.9,2.19,OVERHEATING,96.2,0.039,494.6
2026-09-02T10:33:17.606032,4818.9,904.1,175.1,2.24,14.69,72.2,3108.6,-5.2,35.2,0.722,827.7,122.4,2.23,OVERHEATING,95.8,0.04,494.4
2026-09-02T10:33:18.606032,4824.4,900.3,181.9,2.15,14.04,71.7,3096.7,-5.1,35.2,0.717,827.3,122.3,2.23,OVERHEATING,95.9,0.041,494.3
2026-09-02T10:33:19.606032,4821.7,901.9,171.1,2.14,15.25,72.7,3111.0,-5.2,35.3,0.727,828.1,122.5,2.23,OVERHEATING,95.7,0.042,494.2
2026-09-02T10:33:20.606032,4827.7,905.5,181.3,2.08,15.13,71.9,3104.6,-5.2,35.2,0.719,827.5,122.3,2.23,OVERHEATING,94.8,0.043,494.0
2026-09-02T10:33:21.606032,4810.2,909.5,174.9,2.09,14.6,72.0,3106.2,-5.2,35.2,0.72,827.5,122.3,2.22,OVERHEATING,96.5,0.044,493.9
2026-09-02T10:33:22.606032,4827.2,907.1,179.8,2.17,14.96,72.4,3117.1,-5.3,35.2,0.724,827.9,122.5,2.23,OVERHEATING,95.9,0.046,493.8
2026-09-02T10:33:23.606032,4804.2,904.8,175.4,2.12,14.82,72.1,3117.0,-5.3,35.2,0.721,827.6,122.3,2.22,OVERHEATING,96.6,0.047,493.6
2026-09-02T10:33:24.606032,4778.3,902.8,173.3,2.31,14.86,71.1,3116.7,-5.3,35.1,0.711,826.6,121.8,2.2,OVERHEATING,95.1,0.048,493.5
2026-09-02T10:33:25.606032,4794.9,904.0,176.9,2.24,14.24,71.5,3125.6,-5.3,35.2,0.715,827.1,122.0,2.21,OVERHEATING,94.6,0.049,493.4
2026-09-02T10:33:26.606032,4781.3,890.0,177.2,2.25,15.23,72.4,3127.8,-5.3,35.2,0.724,827.7,122.2,2.2,OVERHEATING,95.4,0.05,493.2
2026-09-02T10:33:27.606032,4798.5,898.5,174.1,2.32,15.25,71.4,3116.4,-5.3,35.1,0.714,827.0,122.0,2.21,OVERHEATING,97.0,0.051,493.1
2026-09-02T10:33:28.606032,4772.5,908.1,174.2,2.17,14.91,72.3,3130.8,-5.4,35.2,0.723,827.6,122.2,2.19,OVERHEATING,96.9,0.052,493.0
2026-09-02T10:33:29.606032,4803.6,902.9,180.5,2.23,15.08,72.1,3120.6,-5.3,35.2,0.721,827.6,122.3,2.21,OVERHEATING,94.5,0.053,492.8
2026-09-02T10:33:30.606032,4791.4,901.2,176.2,2.36,15.47,72.4,3123.4,-5.3,35.2,0.724,827.7,122.3,2.21,OVERHEATING,95.4,0.054,492.7
2026-09-02T10:33:31.606032,4822.2,909.1,178.6,2.22,14.92,72.4,3140.7,-5.4,35.2,0.724,828.0,122.4,2.23,OVERHEATING,94.7,0.056,492.6
2026-09-02T10:33:32.606032,4824.8,900.8,174.4,2.22,14.49,71.3,3137.3,-5.4,35.1,0.713,827.1,122.1,2.23,OVERHEATING,96.1,0.057,492.4
2026-09-02T10:33:33.606032,4773.6,897.3,182.0,2.21,14.54,73.0,3148.1,-5.5,35.3,0.73,828.2,122.4,2.19,OVERHEATING,94.8,0.058,492.3
2026-09-02T10:33:34.606032,4799.7,903.6,175.5,2.36,15.36,72.5,3144.5,-5.4,35.2,0.725,827.9,122.3,2.21,OVERHEATING,96.4,0.059,492.2
2026-09-02T10:33:35.606032,4781.9,902.5,175.0,2.3,14.41,71.5,3150.4,-5.5,35.1,0.715,827.1,121.9,2.2,OVERHEATING,94.0,0.06,492.0
2026-09-02T10:33:36.606032,4788.3,907.9,178.8,2.17,15.0,73.0,3165.8,-5.6,35.3,0.73,828.3,122.4,2.2,OVERHEATING,94.7,0.061,491.9
2026-09-02T10:33:37.606032,4772.8,893.6,179.5,2.29,14.61,72.2,3163.5,-5.6,35.2,0.722,827.6,122.1,2.19,OVERHEATING,94.1,0.062,491.8
2026-09-02T10:33:38.606032,4788.8,910.7,178.7,2.37,14.95,72.0,3163.0,-5.6,35.2,0.72,827.6,122.1,2.2,OVERHEATING,95.6,0.063,491.6
2026-09-02T10:33:39.606032,4825.8,902.8,183.9,2.31,15.37,71.6,3175.0,-5.6,35.2,0.716,827.5,122.1,2.23,OVERHEATING,95.9,0.064,491.5
2026-09-02T10:33:40.606032,4780.0,902.2,174.6,2.25,15.02,72.7,3181.6,-5.7,35.3,0.727,828.1,122.2,2.2,OVERHEATING,94.7,0.066,491.4
2026-09-02T10:33:41.606032,4771.2,904.7,182.5,2.14,14.63,72.2,3176.6,-5.6,35.2,0.722,827.7,122.0,2.19,OVERHEATING,94.1,0.067,491.2
2026-09-02T10:33:42.606032,4789.8,901.7,171.0,2.28,15.55,72.5,3196.9,-5.8,35.3,0.725,828.0,122.2,2.2,OVERHEATING,94.0,0.068,491.1
2026-09-02T10:33:43.606032,4770.8,907.0,174.5,2.36,14.76,72.2,3198.2,-5.8,35.2,0.722,827.7,122.0,2.19,OVERHEATING,93.5,0.069,491.0
2026-09-02T10:33:44.606032,4803.5,905.7,173.7,2.19,14.71,71.1,3198.7,-5.8,35.1,0.711,827.1,121.8,2.21,OVERHEATING,93.7,0.07,490.8
2026-09-02T10:33:45.606032,4770.9,903.6,172.5,2.25,15.33,72.3,3204.5,-5.8,35.2,0.723,827.8,122.0,2.19,OVERHEATING,94.8,0.071,490.7
2026-09-02T10:33:46.606032,4770.7,899.5,173.1,1.98,15.28,71.2,3213.8,-5.9,35.1,0.712,827.0,121.6,2.19,OVERHEATING,94.2,0.072,490.6
2026-09-02T10:33:47.606032,4786.3,900.4,182.2,2.33,14.42,72.3,3217.0,-5.9,35.2,0.723,828.0,122.1,2.2,OVERHEATING,94.2,0.073,490.4
2026-09-02T10:33:48.606032,4801.5,900.1,175.7,2.2,14.46,71.6,3225.0,-6.0,35.2,0.716,827.5,121.9,2.21,OVERHEATING,93.5,0.074,490.3
2026-09-02T10:33:49.606032,4796.6,892.3,177.8,2.17,14.31,71.1,3216.3,-5.9,35.1,0.711,827.1,121.7,2.21,OVERHEATING,94.0,0.076,490.2
2026-09-02T10:33:50.606032,4823.9,915.8,176.5,2.46,14.48,72.0,3218.5,-5.9,35.2,0.72,827.9,122.1,2.23,OVERHEATING,94.9,0.077,490.0
2026-09-02T10:33:51.606032,4792.2,903.4,175.2,2.26,15.16,71.9,3223.3,-6.0,35.2,0.719,827.7,121.9,2.21,OVERHEATING,93.4,0.078,489.9
2026-09-02T10:33:52.606032,4783.0,897.5,172.6,2.23,14.57,72.9,3237.1,-6.0,35.3,0.729,828.4,122.2,2.2,OVERHEATING,92.9,0.079,489.8
2026-09-02T10:33:53.606032,4828.7,914.2,184.6,2.35,15.06,72.0,3234.1,-6.0,35.2,0.72,828.0,122.1,2.23,OVERHEATING,92.7,0.08,489.6
2026-09-02T10:33:54.606032,4824.3,901.6,173.0,2.25,14.85,72.8,3237.5,-6.0,35.3,0.728,828.6,122.3,2.23,OVERHEATING,94.2,0.081,489.5
2026-09-02T10:33:55.606032,4807.2,902.9,181.7,2.04,14.71,72.4,3248.3,-6.1,35.2,0.724,828.3,122.1,2.22,OVERHEATING,92.9,0.082,489.4
2026-09-02T10:33:56.606032,4772.4,895.5,169.4,2.24,14.63,72.5,3254.7,-6.2,35.3,0.725,828.2,122.0,2.19,OVERHEATING,94.9,0.083,489.2
2026-09-02T10:33:57.606032,4804.1,901.4,175.3,2.13,14.28,71.6,3254.9,-6.2,35.2,0.716,827.7,121.8,2.22,OVERHEATING,94.2,0.084,489.1
2026-09-02T10:33:58.606032,4804.2,909.6,177.0,2.14,14.79,72.8,3266.8,-6.2,35.3,0.728,828.6,122.2,2.22,OVERHEATING,94.3,0.086,489.0
2026-09-02T10:33:59.606032,4804.1,906.3,175.8,2.19,14.35,72.0,3268.7,-6.2,35.2,0.72,828.0,121.9,2.22,OVERHEATING,94.2,0.087,488.8
2026-09-02T10:34:00.606032,4808.7,903.0,179.7,2.34,14.61,71.5,3264.7,-6.2,35.2,0.715,827.6,121.8,2.22,OVERHEATING,92.3,0.088,488.7
2026-09-02T10:34:01.606032,4818.1,904.3,174.3,2.34,14.57,71.7,3272.2,-6.3,35.2,0.717,827.9,121.9,2.23,OVERHEATING,93.1,0.089,488.6
2026-09-02T10:34:02.606032,4817.9,905.4,185.8,2.23,14.12,71.9,3281.2,-6.3,35.2,0.719,828.1,121.9,2.23,OVERHEATING,94.3,0.09,488.4
2026-09-02T10:34:03.606032,4800.0,904.5,182.5,2.21,15.02,72.7,3286.1,-6.4,35.3,0.727,828.6,122.1,2.21,OVERHEATING,94.9,0.091,488.3
2026-09-02T10:34:04.606032,4781.0,895.8,175.5,2.24,14.79,72.4,3282.1,-6.3,35.2,0.724,828.2,121.9,2.2,OVERHEATING,92.8,0.092,488.2
2026-09-02T10:34:05.606032,4787.4,906.4,177.5,2.11,15.0,72.3,3287.6,-6.4,35.2,0.723,828.2,121.9,2.2,OVERHEATING,94.1,0.093,488.0
2026-09-02T10:34:06.606032,4790.3,905.0,177.6,2.19,14.35,72.3,3295.3,-6.4,35.2,0.723,828.2,121.9,2.21,OVERHEATING,92.2,0.094,487.9
2026-09-02T10:34:07.606032,4822.9,904.2,180.4,2.31,14.59,71.8,3297.2,-6.4,35.2,0.718,828.1,121.9,2.23,OVERHEATING,92.3,0.096,487.8
2026-09-02T10:34:08.606032,4790.5,907.5,177.2,2.19,14.42,71.6,3285.8,-6.4,35.2,0.716,827.7,121.7,2.21,OVERHEATING,93.1,0.097,487.6
2026-09-02T10:34:09.606032,4772.6,903.2,172.8,2.26,14.42,71.5,3295.4,-6.4,35.1,0.715,827.5,121.6,2.19,OVERHEATING,94.3,0.098,487.5
2026-09-02T10:34:10.606032,4809.3,904.1,175.4,2.28,14.61,71.1,3289.7,-6.4,35.1,0.711,827.4,121.6,2.22,OVERHEATING,91.7,0.099,487.4
2026-09-02T10:34:11.606032,4797.1,902.2,177.7,2.21,15.05,72.3,3303.7,-6.5,35.2,0.723,828.3,121.9,2.21,OVERHEATING,91.8,0.1,487.2
2026-09-02T10:34:12.606032,4812.7,907.0,180.3,2.32,14.64,72.8,3288.7,-6.4,35.3,0.728,828.7,122.2,2.22,OVERHEATING,91.8,0.101,487.1
2026-09-02T10:34:13.606032,4800.6,894.3,177.4,2.26,15.16,71.2,3303.0,-6.5,35.1,0.712,827.5,121.6,2.21,OVERHEATING,93.8,0.102,487.0
2026-09-02T10:34:14.606032,4810.9,904.9,177.6,2.23,14.63,71.3,3308.4,-6.5,35.1,0.713,827.7,121.7,2.22,OVERHEATING,91.6,0.103,486.8
2026-09-02T10:34:15.606032,4826.9,909.9,173.1,2.29,14.61,72.0,3300.2,-6.5,35.2,0.72,828.2,122.0,2.23,OVERHEATING,92.4,0.104,486.7
2026-09-02T10:34:16.606032,4829.6,905.0,179.6,2.17,14.56,72.1,3290.8,-6.4,35.2,0.721,828.3,122.0,2.23,OVERHEATING,93.0,0.106,486.6
2026-09-02T10:34:17.606032,4780.7,902.0,179.8,2.15,14.81,71.4,3303.7,-6.5,35.1,0.714,827.5,121.6,2.2,OVERHEATING,92.8,0.107,486.4
2026-09-02T10:34:18.606032,4770.9,908.0,175.8,2.08,15.07,72.9,3292.5,-6.4,35.3,0.729,828.6,122.0,2.19,OVERHEATING,91.8,0.108,486.3
2026-09-02T10:34:19.606032,4809.2,895.0,175.6,2.26,14.79,71.3,3298.7,-6.4,35.1,0.713,827.6,121.7,2.22,OVERHEATING,92.8,0.109,486.2
2026-09-02T10:34:20.606032,4777.5,898.3,180.7,2.27,14.57,72.7,3293.8,-6.4,35.3,0.727,828.5,122.0,2.2,OVERHEATING,92.3,0.11,486.0
2026-09-02T10:34:21.606032,4801.1,895.0,181.9,2.09,14.01,71.7,3288.7,-6.4,35.2,0.717,827.8,121.8,2.21,OVERHEATING,91.8,0.111,485.9
2026-09-02T10:34:22.606032,4815.0,900.2,179.9,2.26,15.4,71.5,3296.3,-6.4,35.1,0.715,827.8,121.8,2.22,OVERHEATING,91.5,0.112,485.8
2026-09-02T10:34:23.606032,4777.3,899.2,169.6,2.14,15.27,72.4,3288.2,-6.4,35.2,0.724,828.2,121.9,2.2,OVERHEATING,92.4,0.113,485.6
2026-09-02T10:34:24.606032,4819.5,892.2,181.3,2.1,14.44,71.2,3295.1,-6.4,35.1,0.712,827.6,121.7,2.23,OVERHEATING,91.9,0.114,485.5
2026-09-02T10:34:25.606032,4785.7,909.6,171.2,2.07,14.7,71.5,3287.7,-6.4,35.2,0.715,827.6,121.7,2.2,OVERHEATING,92.0,0.116,485.4
2026-09-02T10:34:26.606032,4786.7,906.3,178.4,2.16,14.69,72.2,3286.6,-6.4,35.2,0.722,828.1,121.9,2.2,OVERHEATING,91.1,0.117,485.2
2026-09-02T10:34:27.606032,4784.4,893.2,179.7,2.09,15.6,72.6,3288.1,-6.4,35.3,0.726,828.4,122.0,2.2,OVERHEATING,92.0,0.118,485.1
2026-09-02T10:34:28.606032,4813.5,903.9,177.0,2.16,14.96,72.1,3284.1,-6.3,35.2,0.721,828.2,122.0,2.22,OVERHEATING,92.4,0.119,485.0
2026-09-02T10:34:29.606032,4826.6,905.5,177.6,2.24,14.28,71.8,3283.3,-6.3,35.2,0.718,828.0,121.9,2.23,OVERHEATING,91.0,0.12,484.8
2026-09-02T10:34:30.606032,4772.0,903.3,181.3,2.33,15.34,71.6,3280.5,-6.3,35.2,0.716,827.6,121.6,2.19,OVERHEATING,92.1,0.121,484.7
2026-09-02T10:34:31.606032,4770.9,893.3,173.5,2.15,14.69,71.5,3266.0,-6.2,35.2,0.715,827.4,121.6,2.19,OVERHEATING,91.7,0.122,484.6
2026-09-02T10:34:32.606032,4780.5,895.9,172.2,2.11,14.28,71.2,3263.7,-6.2,35.1,0.712,827.2,121.6,2.2,OVERHEATING,92.6,0.123,484.4
2026-09-02T10:34:33.606032,4823.6,900.7,174.4,2.2,14.79,72.8,3259.1,-6.2,35.3,0.728,828.7,122.3,2.23,OVERHEATING,90.3,0.124,484.3
2026-09-02T10:34:34.606032,4798.5,897.0,178.6,2.24,15.21,71.9,3265.0,-6.2,35.2,0.719,827.9,121.9,2.21,OVERHEATING,92.5,0.126,484.2
2026-09-02T10:34:35.606032,4816.4,903.9,175.4,2.3,14.85,71.9,3248.4,-6.1,35.2,0.719,827.9,122.0,2.22,OVERHEATING,92.6,0.127,484.0
2026-09-02T10:34:36.606032,4812.5,903.3,173.4,2.33,14.65,71.2,3254.3,-6.2,35.1,0.712,827.4,121.7,2.22,OVERHEATING,92.4,0.128,483.9
2026-09-02T10:34:37.606032,4785.0,904.0,176.7,2.22,14.78,72.6,3242.9,-6.1,35.3,0.726,828.3,122.1,2.2,OVERHEATING,91.5,0.129,483.8
2026-09-02T10:34:38.606032,4809.5,903.3,177.4,2.29,14.97,72.5,3235.5,-6.0,35.3,0.725,828.3,122.2,2.22,OVERHEATING,92.2,0.13,483.6
2026-09-02T10:34:39.606032,4821.4,903.5,179.7,2.2,14.67,71.4,3246.0,-6.1,35.1,0.714,827.6,121.9,2.23,OVERHEATING,91.2,0.131,483.5
2026-09-02T10:34:40.606032,4803.5,904.7,170.3,2.16,14.85,71.6,3244.5,-6.1,35.2,0.716,827.6,121.9,2.21,OVERHEATING,89.8,0.132,483.4
2026-09-02T10:34:41.606032,4820.5,906.7,172.7,2.13,15.01,71.5,3237.0,-6.0,35.2,0.715,827.6,121.9,2.23,OVERHEATING,90.7,0.133,483.2
2026-09-02T10:34:42.606032,4783.3,909.2,179.7,2.33,14.41,71.1,3233.0,-6.0,35.1,0.711,827.1,121.6,2.2,OVERHEATING,90.6,0.134,483.1
2026-09-02T10:34:43.606032,4819.8,903.6,175.1,2.17,15.26,71.2,3229.9,-6.0,35.1,0.712,827.4,121.8,2.23,OVERHEATING,92.4,0.136,482.9
2026-09-02T10:34:44.606032,4771.2,900.7,178.6,2.16,15.18,71.6,3222.7,-5.9,35.2,0.716,827.4,121.8,2.19,OVERHEATING,89.6,0.137,482.8
2026-09-02T10:34:45.606032,4786.8,908.6,179.7,2.32,14.17,72.3,3206.1,-5.8,35.2,0.723,827.9,122.1,2.2,OVERHEATING,91.6,0.138,482.7
2026-09-02T10:34:46.606032,4781.2,890.5,181.5,2.26,14.47,71.4,3208.5,-5.9,35.1,0.714,827.2,121.8,2.2,OVERHEATING,92.0,0.139,482.5
2026-09-02T10:34:47.606032,4822.7,903.7,174.1,2.19,15.26,71.2,3197.7,-5.8,35.1,0.712,827.3,121.9,2.23,OVERHEATING,89.9,0.14,482.4
2026-09-02T10:34:48.606032,4814.2,909.1,177.3,2.31,14.82,72.8,3189.9,-5.7,35.3,0.728,828.4,122.4,2.22,OVERHEATING,91.9,0.141,482.3
2026-09-02T10:34:49.606032,4795.8,895.7,182.1,2.25,15.23,72.2,3198.8,-5.8,35.2,0.722,827.9,122.1,2.21,OVERHEATING,90.4,0.142,482.1
2026-09-02T10:34:50.606032,4810.3,897.7,180.6,2.35,14.96,72.1,3190.3,-5.7,35.2,0.721,827.8,122.1,2.22,OVERHEATING,89.2,0.143,482.0
2026-09-02T10:34:51.606032,4819.5,899.5,182.2,2.13,15.0,72.7,3191.4,-5.7,35.3,0.727,828.3,122.4,2.23,OVERHEATING,90.6,0.144,481.9
2026-09-02T10:34:52.606032,4790.7,901.1,182.6,2.14,14.47,71.8,3171.3,-5.6,35.2,0.718,827.4,122.0,2.21,OVERHEATING,91.4,0.146,481.7
2026-09-02T10:34:53.606032,4812.7,905.6,179.3,2.13,15.3,72.6,3171.0,-5.6,35.3,0.726,828.2,122.4,2.22,OVERHEATING,91.0,0.147,481.6
2026-09-02T10:34:54.606032,4800.4,909.9,176.8,2.25,15.59,72.9,3164.6,-5.6,35.3,0.729,828.3,122.4,2.21,OVERHEATING,89.1,0.148,481.5
2026-09-02T10:34:55.606032,4799.5,898.5,178.6,1.93,14.81,72.9,3157.0,-5.5,35.3,0.729,828.3,122.4,2.21,OVERHEATING,91.2,0.149,481.3
2026-09-02T10:34:56.606032,4805.4,910.5,184.3,2.12,14.98,72.2,3158.3,-5.5,35.2,0.722,827.8,122.2,2.22,OVERHEATING,89.2,0.15,481.2
2026-09-02T10:34:57.606032,4788.6,901.8,172.0,2.18,15.27,72.4,3145.3,-5.4,35.2,0.724,827.8,122.2,2.2,OVERHEATING,90.9,0.151,481.1
2026-09-02T10:34:58.606032,4800.2,906.1,181.9,2.19,14.79,71.8,3156.9,-5.5,35.2,0.718,827.4,122.1,2.21,OVERHEATING,91.2,0.152,480.9
2026-09-02T10:34:59.606032,4779.1,902.0,182.2,2.16,15.48,71.7,3150.8,-5.5,35.2,0.717,827.2,122.0,2.2,OVERHEATING,88.8,0.153,480.8
2026-09-02T10:35:00.606032,4817.7,904.8,172.1,2.21,14.82,73.0,3146.6,-5.5,35.3,0.73,828.4,122.6,2.22,OVERHEATING,89.5,0.154,480.7
2026-09-02T10:35:01.606032,4823.7,896.5,181.0,2.17,14.5,72.3,3146.1,-5.4,35.2,0.723,827.9,122.4,2.23,OVERHEATING,88.6,0.156,480.5
2026-09-02T10:35:02.606032,4797.3,899.8,175.2,2.14,14.87,72.6,3141.9,-5.4,35.3,0.726,828.0,122.3,2.21,OVERHEATING,88.7,0.157,480.4
2026-09-02T10:35:03.606032,4816.6,902.5,175.5,2.54,15.31,72.1,3132.5,-5.4,35.2,0.721,827.7,122.3,2.22,OVERHEATING,89.9,0.158,480.3
2026-09-02T10:35:04.606032,4772.2,902.6,181.1,2.32,14.74,71.5,3118.0,-5.3,35.2,0.715,826.9,121.9,2.19,OVERHEATING,90.9,0.159,480.1
2026-09-02T10:35:05.606032,4790.8,911.8,174.2,2.3,14.59,71.4,3132.4,-5.4,35.1,0.714,827.0,122.0,2.21,OVERHEATING,90.6,0.16,480.0
2026-09-02T10:35:06.606032,4821.1,901.8,171.1,2.03,14.79,71.5,3124.5,-5.3,35.2,0.715,827.2,122.1,2.23,OVERHEATING,88.9,0.161,479.9
2026-09-02T10:35:07.606032,4791.0,913.1,171.8,2.1,15.14,72.3,3115.1,-5.2,35.2,0.723,827.6,122.3,2.21,OVERHEATING,90.1,0.162,479.7
2026-09-02T10:35:08.606032,4780.5,907.3,174.6,2.29,14.81,71.5,3107.4,-5.2,35.2,0.715,826.9,122.0,2.2,OVERHEATING,88.2,0.163,479.6
2026-09-02T10:35:09.606032,4795.5,901.2,180.7,2.33,14.94,71.8,3113.4,-5.2,35.2,0.718,827.3,122.1,2.21,OVERHEATING,90.8,0.164,479.5
2026-09-02T10:35:10.606032,4770.7,901.3,172.0,2.17,14.66,71.1,3111.3,-5.2,35.1,0.711,826.6,121.8,2.19,OVERHEATING,88.0,0.166,479.3
2026-09-02T10:35:11.606032,4774.0,824.1,125.0,8.83,14.9,71.8,3113.3,-5.2,35.2,0.718,827.1,122.1,2.19,HIGH_VIBRATION,90.8,0.167,479.2
2026-09-02T10:35:12.606032,4794.9,828.8,127.3,9.54,14.83,71.4,3098.2,-5.1,35.1,0.714,826.9,122.0,2.21,HIGH_VIBRATION,88.2,0.168,479.1
2026-09-02T10:35:13.606032,4820.4,825.7,120.6,9.15,14.83,71.6,3106.5,-5.2,35.2,0.716,827.2,122.2,2.23,HIGH_VIBRATION,90.4,0.169,478.9
2026-09-02T10:35:14.606032,4826.3,828.3,122.9,8.3,15.5,71.5,3106.5,-5.2,35.2,0.715,827.2,122.2,2.23,HIGH_VIBRATION,88.1,0.17,478.8
2026-09-02T10:35:15.606032,4784.6,827.6,123.5,7.9,14.91,72.0,3106.9,-5.2,35.2,0.72,827.3,122.2,2.2,HIGH_VIBRATION,89.3,0.171,478.7
2026-09-02T10:35:16.606032,4811.6,829.4,122.4,9.52,15.21,71.9,3091.3,-5.1,35.2,0.719,827.4,122.3,2.22,HIGH_VIBRATION,90.5,0.172,478.5
2026-09-02T10:35:17.606032,4806.7,827.3,120.6,8.51,15.1,72.6,3105.5,-5.2,35.3,0.726,827.9,122.5,2.22,HIGH_VIBRATION,88.9,0.173,478.4
2026-09-02T10:35:18.606032,4813.1,830.3,123.6,8.27,14.6,72.0,3103.4,-5.2,35.2,0.72,827.5,122.3,2.22,HIGH_VIBRATION,88.9,0.174,478.3
2026-09-02T10:35:19.606032,4805.4,826.0,121.0,8.9,15.05,71.6,3098.6,-5.1,35.2,0.716,827.1,122.2,2.22,HIGH_VIBRATION,90.1,0.176,478.1
2026-09-02T10:35:20.606032,4827.3,823.4,120.6,7.93,15.42,72.0,3099.7,-5.1,35.2,0.72,827.5,122.4,2.23,HIGH_VIBRATION,89.3,0.177,478.0
2026-09-02T10:35:21.606032,4821.3,831.9,126.0,9.53,14.38,71.3,3093.7,-5.1,35.1,0.713,827.0,122.1,2.23,HIGH_VIBRATION,87.9,0.178,477.9
2026-09-02T10:35:22.606032,4805.4,829.6,119.8,8.17,14.77,71.2,3093.7,-5.1,35.1,0.712,826.8,122.0,2.22,HIGH_VIBRATION,88.2,0.179,477.7
2026-09-02T10:35:23.606032,4824.0,829.8,124.3,8.66,15.1,71.4,3097.6,-5.1,35.1,0.714,827.1,122.2,2.23,HIGH_VIBRATION,89.0,0.18,477.6
2026-09-02T10:35:24.606032,4826.9,818.9,125.6,8.56,14.79,72.8,3098.5,-5.1,35.3,0.728,828.1,122.6,2.23,HIGH_VIBRATION,89.9,0.181,477.5
2026-09-02T10:35:25.606032,4779.4,829.2,120.0,8.06,15.14,72.5,3096.5,-5.1,35.2,0.725,827.6,122.3,2.2,HIGH_VIBRATION,89.6,0.182,477.3
2026-09-02T10:35:26.606032,4809.8,825.5,120.2,8.49,14.97,72.1,3109.5,-5.2,35.2,0.721,827.6,122.3,2.22,HIGH_VIBRATION,87.7,0.183,477.2
2026-09-02T10:35:27.606032,4771.3,830.8,120.5,9.24,14.58,71.4,3115.1,-5.2,35.1,0.714,826.8,121.9,2.19,HIGH_VIBRATION,87.3,0.184,477.1
2026-09-02T10:35:28.606032,4821.2,827.4,122.3,8.44,14.75,72.8,3103.6,-5.2,35.3,0.728,828.1,122.6,2.23,HIGH_VIBRATION,87.6,0.186,476.9
2026-09-02T10:35:29.606032,4784.3,823.2,124.2,8.07,14.8,71.8,3109.3,-5.2,35.2,0.718,827.2,122.1,2.2,HIGH_VIBRATION,88.6,0.187,476.8
2026-09-02T10:35:30.606032,4781.6,832.3,124.2,8.39,15.16,72.7,3111.0,-5.2,35.3,0.727,827.9,122.4,2.2,HIGH_VIBRATION,89.2,0.188,476.7
2026-09-02T10:35:31.606032,4793.7,828.6,119.2,9.32,14.94,71.5,3114.4,-5.2,35.1,0.715,827.0,122.0,2.21,HIGH_VIBRATION,87.3,0.189,476.5
2026-09-02T10:35:32.606032,4830.0,825.5,122.7,8.31,14.73,71.3,3127.8,-5.3,35.1,0.713,827.1,122.1,2.23,HIGH_VIBRATION,87.0,0.19,476.4
2026-09-02T10:35:33.606032,4782.6,830.0,124.5,8.83,15.49,72.5,3129.4,-5.3,35.2,0.725,827.8,122.3,2.2,HIGH_VIBRATION,89.1,0.191,476.3
2026-09-02T10:35:34.606032,4815.0,824.6,121.6,8.83,14.71,72.3,3118.4,-5.3,35.2,0.723,827.8,122.4,2.22,HIGH_VIBRATION,88.3,0.192,476.1
2026-09-02T10:35:35.606032,4829.4,823.4,123.8,8.8,14.66,71.8,3130.5,-5.3,35.2,0.718,827.5,122.3,2.23,HIGH_VIBRATION,86.5,0.193,476.0
2026-09-02T10:35:36.606032,4778.8,828.5,121.0,8.55,14.91,72.9,3127.0,-5.3,35.3,0.729,828.0,122.4,2.2,HIGH_VIBRATION,88.7,0.194,475.9
2026-09-02T10:35:37.606032,4816.9,834.9,122.5,8.81,14.82,72.3,3147.8,-5.5,35.2,0.723,827.9,122.3,2.22,HIGH_VIBRATION,86.5,0.196,475.7
2026-09-02T10:35:38.606032,4780.1,830.1,124.0,9.37,14.35,71.8,3146.1,-5.4,35.2,0.718,827.3,122.0,2.2,HIGH_VIBRATION,87.4,0.197,475.6
2026-09-02T10:35:39.606032,4775.9,827.9,123.0,9.35,14.58,71.3,3141.7,-5.4,35.1,0.713,826.9,121.8,2.2,HIGH_VIBRATION,87.9,0.198,475.5
2026-09-02T10:35:40.606032,3168.1,784.1,109.5,8.35,10.44,44.3,3200.0,-5.8,32.4,0.443,783.2,106.3,1.25,HIGH_VIBRATION,86.1,0.199,475.3
2026-09-02T10:35:41.606032,3185.0,792.1,105.3,7.6,9.01,43.5,3175.0,-5.6,32.3,0.435,782.1,106.1,1.25,HIGH_VIBRATION,86.7,0.2,475.2
2026-09-02T10:35:42.606032,3248.6,782.4,107.7,7.07,9.71,43.2,3150.0,-5.5,32.3,0.432,782.3,106.4,1.28,HIGH_VIBRATION,86.5,0.201,475.1
2026-09-02T10:35:43.606032,3189.8,787.1,106.1,8.08,10.15,43.1,3125.0,-5.3,32.3,0.431,781.4,106.1,1.26,HIGH_VIBRATION,86.8,0.202,474.9
2026-09-02T10:35:44.606032,3162.8,779.3,107.0,8.6,10.44,44.9,3100.0,-5.2,32.5,0.449,783.6,106.6,1.24,HIGH_VIBRATION,86.8,0.203,474.8
2026-09-02T10:35:45.606032,3190.7,785.7,105.6,7.24,10.14,46.3,3075.0,-5.0,32.6,0.463,785.9,107.2,1.26,HIGH_VIBRATION,87.8,0.204,474.7
2026-09-02T10:35:46.606032,3215.4,778.9,103.8,8.14,10.14,43.6,3050.0,-4.8,32.4,0.436,782.1,106.5,1.27,HIGH_VIBRATION,87.0,0.206,474.5
2026-09-02T10:35:47.606032,3202.7,781.6,106.6,7.13,10.01,45.6,3025.0,-4.7,32.6,0.456,784.8,107.2,1.26,HIGH_VIBRATION,87.4,0.207,474.4
2026-09-02T10:35:48.606032,3235.6,785.3,110.6,7.5,10.68,46.7,3000.0,-4.5,32.7,0.467,786.6,107.7,1.28,HIGH_VIBRATION,86.7,0.208,474.3
2026-09-02T10:35:49.606032,3150.3,779.8,106.7,8.04,9.82,43.6,2975.0,-4.3,32.4,0.436,781.2,106.4,1.24,HIGH_VIBRATION,87.2,0.209,474.1
2026-09-02T10:35:50.606032,3206.4,776.1,107.1,7.45,10.57,45.3,2950.0,-4.2,32.5,0.453,784.1,107.2,1.26,HIGH_VIBRATION,86.5,0.21,474.0
2026-09-02T10:35:51.606032,3208.0,785.6,108.2,8.19,9.77,44.3,2925.0,-4.0,32.4,0.443,782.6,107.0,1.26,HIGH_VIBRATION,87.4,0.211,473.9
2026-09-02T10:35:52.606032,3167.2,776.1,107.5,7.43,10.07,43.2,2900.0,-3.8,32.3,0.432,780.5,106.5,1.25,HIGH_VIBRATION,87.3,0.212,473.7
2026-09-02T10:35:53.606032,3191.4,782.4,108.1,8.32,10.13,43.2,2875.0,-3.7,32.3,0.432,780.7,106.7,1.26,HIGH_VIBRATION,86.4,0.213,473.6
2026-09-02T10:35:54.606032,3207.0,778.3,104.5,7.12,10.62,44.4,2850.0,-3.5,32.4,0.444,782.5,107.2,1.26,HIGH_VIBRATION,86.0,0.214,473.5
2026-09-02T10:35:55.606032,3174.9,784.9,105.5,8.28,10.51,46.8,2825.0,-3.4,32.7,0.468,785.5,107.8,1.25,HIGH_VIBRATION,87.9,0.216,473.3
2026-09-02T10:35:56.606032,3194.1,773.5,110.6,7.18,10.62,44.6,2800.0,-3.2,32.5,0.446,782.5,107.3,1.26,HIGH_VIBRATION,86.8,0.217,473.2
2026-09-02T10:35:57.606032,3177.4,781.8,107.3,8.24,10.09,43.6,2775.0,-3.0,32.4,0.436,780.8,106.9,1.25,HIGH_VIBRATION,85.6,0.218,473.1
2026-09-02T10:35:58.606032,3161.2,776.4,109.4,7.52,10.31,46.3,2750.0,-2.9,32.6,0.463,784.4,107.8,1.24,HIGH_VIBRATION,85.1,0.219,472.9
2026-09-02T10:35:59.606032,3188.9,783.1,108.1,7.78,10.33,44.4,2725.0,-2.7,32.4,0.444,781.9,107.3,1.26,HIGH_VIBRATION,86.2,0.22,472.8
2026-09-02T10:36:00.606032,3169.5,784.8,109.3,7.57,10.3,45.5,2700.0,-2.6,32.6,0.455,783.2,107.6,1.25,HIGH_VIBRATION,86.3,0.221,472.7
2026-09-02T10:36:01.606032,3210.8,786.9,106.9,7.7,10.52,44.0,2675.0,-2.4,32.4,0.44,781.4,107.4,1.27,HIGH_VIBRATION,86.8,0.222,472.5
2026-09-02T10:36:02.606032,3160.0,771.8,109.3,8.03,10.21,43.0,2650.0,-2.2,32.3,0.43,779.3,106.9,1.24,HIGH_VIBRATION,85.3,0.223,472.4
2026-09-02T10:36:03.606032,3249.4,783.8,110.0,7.83,10.14,44.4,2625.0,-2.1,32.4,0.444,782.2,107.8,1.28,HIGH_VIBRATION,85.1,0.224,472.3
2026-09-02T10:36:04.606032,3157.7,777.9,108.7,7.62,10.18,45.5,2600.0,-1.9,32.5,0.455,782.7,107.8,1.24,HIGH_VIBRATION,84.8,0.226,472.1
2026-09-02T10:36:05.606032,3200.3,784.2,110.3,7.73,10.64,43.7,2575.0,-1.7,32.4,0.437,780.5,107.5,1.26,HIGH_VIBRATION,87.2,0.227,472.0
2026-09-02T10:36:06.606032,3171.8,782.6,111.0,8.65,10.68,45.7,2550.0,-1.6,32.6,0.457,783.0,108.0,1.25,HIGH_VIBRATION,87.3,0.228,471.9
2026-09-02T10:36:07.606032,3180.7,784.5,107.0,8.17,10.11,43.7,2525.0,-1.4,32.4,0.437,780.1,107.5,1.25,HIGH_VIBRATION,86.0,0.229,471.7
2026-09-02T10:36:08.606032,3215.4,776.0,109.8,8.14,10.35,43.6,2500.0,-1.2,32.4,0.436,780.2,107.6,1.27,HIGH_VIBRATION,87.3,0.23,471.6
2026-09-02T10:36:09.606032,3152.3,784.3,107.5,7.44,10.54,45.4,2475.0,-1.1,32.5,0.454,782.1,108.0,1.24,HIGH_VIBRATION,86.8,0.231,471.5
2026-09-02T10:36:10.606032,3177.8,785.6,109.2,7.51,10.8,46.1,2450.0,-0.9,32.6,0.461,783.2,108.4,1.25,HIGH_VIBRATION,86.3,0.232,471.3
2026-09-02T10:36:11.606032,3246.6,776.0,107.1,7.95,10.51,43.4,2425.0,-0.8,32.3,0.434,780.0,107.9,1.28,HIGH_VIBRATION,86.1,0.233,471.2
2026-09-02T10:36:12.606032,3206.5,779.7,107.6,7.43,10.21,43.9,2400.0,-0.6,32.4,0.439,780.2,107.9,1.26,HIGH_VIBRATION,86.6,0.234,471.1
2026-09-02T10:36:13.606032,3218.1,781.0,111.1,8.59,10.54,45.0,2375.0,-0.4,32.5,0.45,781.8,108.4,1.27,HIGH_VIBRATION,85.0,0.236,470.9
2026-09-02T10:36:14.606032,3185.7,784.8,107.3,7.95,10.29,44.1,2350.0,-0.3,32.4,0.441,780.1,108.0,1.25,HIGH_VIBRATION,84.3,0.237,470.8
2026-09-02T10:36:15.606032,3169.0,785.0,109.2,8.27,10.57,45.5,2325.0,-0.1,32.6,0.455,781.9,108.4,1.25,HIGH_VIBRATION,85.4,0.238,470.7
2026-09-02T10:36:16.606032,3243.6,780.7,110.9,8.58,10.94,45.2,2300.0,0.1,32.5,0.452,782.1,108.7,1.28,HIGH_VIBRATION,86.7,0.239,470.5
2026-09-02T10:36:17.606032,3192.0,779.8,106.3,7.74,10.94,46.0,2275.0,0.2,32.6,0.46,782.6,108.8,1.26,HIGH_VIBRATION,84.4,0.24,470.4
2026-09-02T10:36:18.606032,3245.3,782.6,111.5,7.84,10.26,47.0,2250.0,0.4,32.7,0.47,784.5,109.3,1.28,HIGH_VIBRATION,85.7,0.241,470.3
2026-09-02T10:36:19.606032,3249.8,779.2,110.6,7.17,10.42,44.7,2225.0,0.5,32.5,0.447,781.2,108.7,1.28,HIGH_VIBRATION,86.7,0.242,470.1
2026-09-02T10:36:20.606032,3153.5,775.8,106.8,8.0,10.21,44.2,2200.0,0.7,32.4,0.442,779.4,108.2,1.24,HIGH_VIBRATION,84.9,0.243,470.0
2026-09-02T10:36:21.606032,3243.4,782.0,107.5,8.26,10.62,43.3,2175.0,0.9,32.3,0.433,778.9,108.3,1.28,HIGH_VIBRATION,84.3,0.244,469.9
2026-09-02T10:36:22.606032,3174.6,775.3,108.8,8.06,10.66,45.2,2150.0,1.0,32.5,0.452,780.9,108.7,1.25,HIGH_VIBRATION,85.2,0.246,469.7
2026-09-02T10:36:23.606032,3187.3,772.0,107.3,7.85,10.85,45.5,2125.0,1.2,32.5,0.455,781.3,108.9,1.25,HIGH_VIBRATION,85.4,0.247,469.6
2026-09-02T10:36:24.606032,3169.5,785.0,108.3,7.42,10.49,46.9,2100.0,1.3,32.7,0.469,783.1,109.3,1.25,HIGH_VIBRATION,85.5,0.248,469.5
2026-09-02T10:36:25.606032,3163.2,781.5,110.2,7.45,10.61,44.4,2075.0,1.5,32.4,0.444,779.3,108.5,1.24,HIGH_VIBRATION,84.6,0.249,469.3
2026-09-02T10:36:26.606032,3234.7,777.2,108.6,7.3,11.0,45.0,2050.0,1.7,32.5,0.45,780.9,109.1,1.28,HIGH_VIBRATION,85.3,0.25,469.2
2026-09-02T10:36:27.606032,3219.1,784.1,109.4,8.48,10.86,45.0,2025.0,1.8,32.5,0.45,780.6,109.1,1.27,HIGH_VIBRATION,83.8,0.251,469.1
2026-09-02T10:36:28.606032,3232.3,778.9,110.4,8.24,10.65,45.8,2000.0,2.0,32.6,0.458,781.8,109.4,1.28,HIGH_VIBRATION,85.0,0.252,468.9
2026-09-02T10:36:29.606032,3240.7,780.4,113.0,8.19,11.23,45.8,1975.0,2.2,32.6,0.458,781.8,109.5,1.28,HIGH_VIBRATION,85.6,0.253,468.8
2026-09-02T10:36:30.606032,3183.7,774.2,107.0,8.33,11.34,44.5,1950.0,2.3,32.5,0.445,779.3,108.9,1.25,HIGH_VIBRATION,83.4,0.254,468.7
2026-09-02T10:36:31.606032,3216.3,775.1,105.9,7.3,10.44,43.5,1925.0,2.5,32.4,0.435,778.1,108.8,1.27,HIGH_VIBRATION,84.5,0.256,468.5
2026-09-02T10:36:32.606032,3233.1,776.9,108.2,7.76,10.68,43.6,1900.0,2.7,32.4,0.436,778.3,108.9,1.28,HIGH_VIBRATION,83.2,0.257,468.4
2026-09-02T10:36:33.606032,3225.4,781.4,113.5,7.71,10.79,46.7,1875.0,2.8,32.7,0.467,782.6,109.9,1.27,HIGH_VIBRATION,85.3,0.258,468.3
2026-09-02T10:36:34.606032,3234.4,774.8,104.9,8.18,10.51,43.3,1850.0,3.0,32.3,0.433,777.7,108.9,1.28,HIGH_VIBRATION,85.7,0.259,468.1
2026-09-02T10:36:35.606032,3199.8,781.0,111.5,7.12,10.97,46.4,1825.0,3.1,32.6,0.464,781.7,109.8,1.26,HIGH_VIBRATION,83.4,0.26,468.0
2026-09-02T10:36:36.606032,3216.6,778.5,111.6,7.28,11.49,45.1,1800.0,3.3,32.5,0.451,779.9,109.5,1.27,HIGH_VIBRATION,85.4,0.261,467.9
2026-09-02T10:36:37.606032,3200.0,776.5,109.3,8.41,10.65,43.6,1775.0,3.5,32.4,0.436,777.5,109.0,1.26,HIGH_VIBRATION,83.4,0.262,467.7
2026-09-02T10:36:38.606032,3243.2,784.1,113.9,7.52,10.99,45.5,1750.0,3.6,32.6,0.455,780.6,109.9,1.28,HIGH_VIBRATION,85.4,0.263,467.6
2026-09-02T10:36:39.606032,3220.3,783.8,109.1,7.7,11.17,45.6,1725.0,3.8,32.6,0.456,780.4,109.9,1.27,HIGH_VIBRATION,84.6,0.264,467.5
2026-09-02T10:36:40.606032,3159.9,779.5,111.2,8.14,10.92,44.1,1700.0,4.0,32.4,0.441,777.5,109.2,1.24,HIGH_VIBRATION,83.6,0.266,467.3
2026-09-02T10:36:41.606032,3194.3,782.5,110.9,8.29,11.02,44.9,1675.0,4.1,32.5,0.449,779.0,109.6,1.26,HIGH_VIBRATION,84.8,0.267,467.2
2026-09-02T10:36:42.606032,3200.3,783.5,109.8,8.41,11.39,46.4,1650.0,4.3,32.6,0.464,781.1,110.2,1.26,HIGH_VIBRATION,83.9,0.268,467.0
2026-09-02T10:36:43.606032,3155.0,774.2,107.3,7.02,11.38,46.8,1625.0,4.4,32.7,0.468,781.1,110.1,1.24,HIGH_VIBRATION,84.2,0.269,466.9
2026-09-02T10:36:44.606032,3221.6,774.9,111.4,7.63,10.58,43.4,1600.0,4.6,32.3,0.434,776.8,109.4,1.27,HIGH_VIBRATION,82.6,0.27,466.8
2026-09-02T10:36:45.606032,3192.8,775.3,108.8,8.29,11.62,46.0,1575.0,4.8,32.6,0.46,780.2,110.2,1.26,HIGH_VIBRATION,84.9,0.271,466.6
2026-09-02T10:36:46.606032,3233.0,779.1,106.4,7.24,11.06,45.1,1550.0,4.9,32.5,0.451,779.2,110.1,1.28,HIGH_VIBRATION,83.6,0.272,466.5
2026-09-02T10:36:47.606032,3197.0,780.8,112.5,7.12,11.7,46.8,1525.0,5.1,32.7,0.468,781.2,110.5,1.26,HIGH_VIBRATION,84.7,0.273,466.4
2026-09-02T10:36:48.606032,3211.3,785.1,110.3,8.44,10.95,45.3,1500.0,5.2,32.5,0.453,779.1,110.2,1.27,HIGH_VIBRATION,84.5,0.274,466.2
2026-09-02T10:36:49.606032,3196.4,777.8,107.6,7.55,11.57,44.9,1475.0,5.4,32.5,0.449,778.3,110.0,1.26,HIGH_VIBRATION,84.4,0.276,466.1
2026-09-02T10:36:50.606032,3170.2,780.3,104.2,7.48,10.88,45.7,1450.0,5.6,32.6,0.457,779.1,110.2,1.25,HIGH_VIBRATION,83.3,0.277,466.0
2026-09-02T10:36:51.606032,3204.2,786.4,108.8,7.58,11.49,46.6,1425.0,5.7,32.7,0.466,780.6,110.7,1.26,HIGH_VIBRATION,82.4,0.278,465.8
2026-09-02T10:36:52.606032,3156.6,782.2,111.7,7.89,11.12,46.0,1400.0,5.9,32.6,0.46,779.2,110.4,1.24,HIGH_VIBRATION,84.1,0.279,465.7
2026-09-02T10:36:53.606032,3203.2,778.0,114.9,7.94,10.68,44.7,1375.0,6.1,32.5,0.447,777.7,110.2,1.26,HIGH_VIBRATION,84.4,0.28,465.6
2026-09-02T10:36:54.606032,3198.1,777.4,106.2,7.79,11.1,44.1,1350.0,6.2,32.4,0.441,776.7,110.0,1.26,HIGH_VIBRATION,82.0,0.281,465.4
2026-09-02T10:36:55.606032,3207.7,779.6,109.5,7.59,10.51,44.7,1325.0,6.4,32.5,0.447,777.6,110.3,1.26,HIGH_VIBRATION,82.5,0.282,465.3
2026-09-02T10:36:56.606032,3212.8,779.2,113.8,8.28,10.92,44.4,1300.0,6.5,32.4,0.444,777.1,110.3,1.27,HIGH_VIBRATION,81.8,0.283,465.2
2026-09-02T10:36:57.606032,3208.3,777.0,108.1,8.52,11.1,44.3,1275.0,6.7,32.4,0.443,776.9,110.3,1.26,HIGH_VIBRATION,83.5,0.284,465.0
2026-09-02T10:36:58.606032,3195.8,777.0,112.0,7.92,11.44,44.4,1250.0,6.9,32.4,0.444,776.8,110.3,1.26,HIGH_VIBRATION,83.7,0.286,464.9
2026-09-02T10:36:59.606032,3204.1,773.5,108.1,7.54,11.18,43.6,1225.0,7.0,32.4,0.436,775.6,110.2,1.26,HIGH_VIBRATION,83.2,0.287,464.8
2026-09-02T10:37:00.606032,3189.1,772.2,110.9,7.64,11.24,44.1,1200.0,7.2,32.4,0.441,776.1,110.3,1.26,HIGH_VIBRATION,82.7,0.288,464.6
2026-09-02T10:37:01.606032,3183.4,776.1,109.5,7.28,11.78,46.5,1175.0,7.4,32.6,0.465,779.4,111.1,1.25,HIGH_VIBRATION,83.8,0.289,464.5
2026-09-02T10:37:02.606032,3225.6,771.8,111.7,8.64,11.29,45.3,1150.0,7.5,32.5,0.453,778.1,110.9,1.27,HIGH_VIBRATION,83.9,0.29,464.4
2026-09-02T10:37:03.606032,3238.2,781.4,112.3,6.92,11.67,44.0,1125.0,7.7,32.4,0.44,776.2,110.6,1.28,HIGH_VIBRATION,81.4,0.291,464.2
2026-09-02T10:37:04.606032,3223.9,776.8,112.0,7.36,11.31,43.4,1100.0,7.8,32.3,0.434,775.1,110.4,1.27,HIGH_VIBRATION,83.7,0.292,464.1
2026-09-02T10:37:05.606032,3164.7,774.6,109.0,7.85,11.73,46.8,1075.0,8.0,32.7,0.468,779.3,111.3,1.24,HIGH_VIBRATION,82.8,0.293,464.0
2026-09-02T10:37:06.606032,3194.7,776.9,109.6,7.91,11.25,44.0,1050.0,8.2,32.4,0.44,775.5,110.6,1.26,HIGH_VIBRATION,82.3,0.294,463.8
2026-09-02T10:37:07.606032,3233.4,776.6,115.1,8.22,11.17,43.2,1025.0,8.3,32.3,0.432,774.7,110.6,1.28,HIGH_VIBRATION,83.5,0.296,463.7
2026-09-02T10:37:08.606032,3204.2,782.2,109.5,7.53,11.69,46.1,1000.0,8.5,32.6,0.461,778.4,111.4,1.26,HIGH_VIBRATION,80.8,0.297,463.6
2026-09-02T10:37:09.606032,3178.4,775.9,109.3,7.12,11.42,43.3,975.0,8.7,32.3,0.433,774.0,110.4,1.25,HIGH_VIBRATION,80.8,0.298,463.4
2026-09-02T10:37:10.606032,3194.2,777.6,112.5,8.47,12.35,46.2,950.0,8.8,32.6,0.462,778.3,111.5,1.26,HIGH_VIBRATION,82.2,0.299,463.3
2026-09-02T10:37:11.606032,3192.9,781.4,110.7,7.95,11.96,46.5,925.0,9.0,32.7,0.465,778.6,111.6,1.26,HIGH_VIBRATION,80.7,0.3,463.2
2026-09-02T10:37:12.606032,3241.5,771.8,113.3,7.45,11.43,43.1,900.0,9.1,32.3,0.431,774.2,110.8,1.28,HIGH_VIBRATION,82.1,0.301,463.0
2026-09-02T10:37:13.606032,3206.0,786.9,113.1,7.63,11.97,46.3,875.0,9.3,32.6,0.463,778.3,111.7,1.26,HIGH_VIBRATION,82.4,0.302,462.9
2026-09-02T10:37:14.606032,3194.2,772.3,113.4,8.33,11.48,43.3,850.0,9.5,32.3,0.433,773.8,110.8,1.26,HIGH_VIBRATION,80.8,0.303,462.8
2026-09-02T10:37:15.606032,3239.2,777.2,110.7,8.27,11.83,46.2,825.0,9.6,32.6,0.462,778.3,111.9,1.28,HIGH_VIBRATION,82.0,0.304,462.6
2026-09-02T10:37:16.606032,3195.7,781.0,113.5,7.94,11.78,46.4,800.0,9.8,32.6,0.464,778.1,111.8,1.26,HIGH_VIBRATION,80.7,0.306,462.5
2026-09-02T10:37:17.606032,3176.5,779.1,112.6,8.09,11.69,45.4,775.0,10.0,32.5,0.454,776.4,111.5,1.25,HIGH_VIBRATION,81.6,0.307,462.4
2026-09-02T10:37:18.606032,3216.0,772.5,111.9,7.62,11.45,43.4,750.0,10.1,32.3,0.434,773.8,111.1,1.27,HIGH_VIBRATION,82.1,0.308,462.2
2026-09-02T10:37:19.606032,3168.2,775.5,110.9,7.83,11.91,45.7,725.0,10.3,32.6,0.457,776.5,111.7,1.25,HIGH_VIBRATION,81.6,0.309,462.1
2026-09-02T10:37:20.606032,3232.4,774.1,111.2,7.63,11.26,43.7,700.0,10.4,32.4,0.437,774.2,111.4,1.28,HIGH_VIBRATION,81.6,0.31,462.0
2026-09-02T10:37:21.606032,3223.1,780.3,110.9,7.84,12.21,45.5,675.0,10.6,32.5,0.455,776.7,111.9,1.27,HIGH_VIBRATION,80.6,0.311,461.8
2026-09-02T10:37:22.606032,3234.5,782.0,117.5,8.15,12.33,45.6,650.0,10.8,32.6,0.456,776.8,112.1,1.28,HIGH_VIBRATION,82.0,0.312,461.7
2026-09-02T10:37:23.606032,3158.0,777.4,113.3,7.44,12.02,46.6,625.0,10.9,32.7,0.466,777.4,112.1,1.24,HIGH_VIBRATION,82.3,0.313,461.6
2026-09-02T10:37:24.606032,3218.7,777.4,114.7,7.83,12.2,45.9,600.0,11.1,32.6,0.459,776.9,112.2,1.27,HIGH_VIBRATION,82.6,0.314,461.4
2026-09-02T10:37:25.606032,3159.5,773.5,105.8,7.65,11.37,44.2,575.0,11.3,32.4,0.442,773.7,111.4,1.24,HIGH_VIBRATION,80.6,0.316,461.3
2026-09-02T10:37:26.606032,3159.6,777.5,109.3,7.16,11.52,43.6,550.0,11.4,32.4,0.436,772.8,111.3,1.24,HIGH_VIBRATION,79.7,0.317,461.2
2026-09-02T10:37:27.606032,3181.9,774.1,113.2,8.13,11.97,45.7,525.0,11.6,32.6,0.457,776.0,112.1,1.25,HIGH_VIBRATION,79.8,0.318,461.0
2026-09-02T10:37:28.606032,3152.2,777.2,114.2,8.0,12.08,45.3,500.0,11.8,32.5,0.453,775.0,111.9,1.24,HIGH_VIBRATION,79.9,0.319,460.9
2026-09-02T10:37:29.606032,3156.1,776.9,110.9,7.98,11.68,43.4,475.0,11.9,32.3,0.434,772.2,111.4,1.24,HIGH_VIBRATION,82.4,0.32,460.8
2026-09-02T10:37:30.606032,3204.1,769.9,113.3,7.98,12.15,45.3,450.0,12.1,32.5,0.453,775.4,112.2,1.26,HIGH_VIBRATION,80.2,0.321,460.6
2026-09-02T10:37:31.606032,3202.7,775.4,114.5,8.44,11.84,46.0,425.0,12.2,32.6,0.46,776.3,112.5,1.26,HIGH_VIBRATION,79.6,0.322,460.5
2026-09-02T10:37:32.606032,3188.5,778.8,110.8,8.19,11.34,43.6,400.0,12.4,32.4,0.436,772.6,111.7,1.26,HIGH_VIBRATION,81.2,0.323,460.4
2026-09-02T10:37:33.606032,3249.3,783.5,116.1,8.19,12.36,46.9,375.0,12.6,32.7,0.469,777.9,113.1,1.28,HIGH_VIBRATION,80.5,0.324,460.2
2026-09-02T10:37:34.606032,3223.2,766.8,113.5,8.53,11.73,44.0,350.0,12.7,32.4,0.44,773.4,112.1,1.27,HIGH_VIBRATION,80.2,0.326,460.1
2026-09-02T10:37:35.606032,3216.1,779.9,113.9,7.56,12.22,46.6,325.0,12.9,32.7,0.466,776.9,112.9,1.27,HIGH_VIBRATION,79.4,0.327,460.0
2026-09-02T10:37:36.606032,3165.2,773.4,110.7,7.97,11.74,44.3,300.0,13.1,32.4,0.443,773.0,112.1,1.24,HIGH_VIBRATION,80.3,0.328,459.8
2026-09-02T10:37:37.606032,3158.1,772.9,114.8,7.31,11.82,43.1,275.0,13.2,32.3,0.431,771.1,111.7,1.24,HIGH_VIBRATION,80.7,0.329,459.7
2026-09-02T10:37:38.606032,3241.6,769.2,112.4,8.21,11.55,44.5,250.0,13.4,32.5,0.445,773.9,112.5,1.28,HIGH_VIBRATION,81.0,0.33,459.6
2026-09-02T10:37:39.606032,3231.6,774.6,112.2,7.88,11.81,44.9,225.0,13.5,32.5,0.449,774.3,112.7,1.28,HIGH_VIBRATION,81.1,0.331,459.4
2026-09-02T10:37:40.606032,5396.8,828.0,135.5,8.88,24.38,93.0,100.0,14.3,37.3,0.93,829.3,137.5,2.66,HIGH_VIBRATION,78.8,0.332,459.3
2026-09-02T10:37:41.606032,5374.3,907.9,195.2,2.6,24.38,92.1,115.0,14.3,37.2,0.921,829.1,137.0,2.65,OVERHEATING,79.1,0.333,459.2
2026-09-02T10:37:42.606032,5437.0,902.8,197.9,2.59,23.82,90.0,130.0,14.2,37.0,0.9,828.7,136.6,2.7,OVERHEATING,78.6,0.334,459.0
2026-09-02T10:37:43.606032,5439.1,900.0,188.5,2.72,24.58,93.9,145.0,14.1,37.4,0.939,829.7,137.8,2.7,OVERHEATING,80.0,0.336,458.9
2026-09-02T10:37:44.606032,5357.8,908.0,196.1,2.67,24.15,92.8,160.0,14.0,37.3,0.928,829.4,137.1,2.63,OVERHEATING,80.9,0.337,458.8
2026-09-02T10:37:45.606032,5426.3,903.0,194.0,2.61,24.95,93.8,175.0,13.9,37.4,0.938,829.7,137.7,2.69,OVERHEATING,79.4,0.338,458.6
2026-09-02T10:37:46.606032,5420.3,900.5,188.9,2.66,23.68,90.5,190.0,13.8,37.0,0.905,829.0,136.6,2.68,OVERHEATING,78.9,0.339,458.5
2026-09-02T10:37:47.606032,5423.6,914.3,195.3,2.78,23.75,91.7,205.0,13.7,37.2,0.917,829.4,136.9,2.69,OVERHEATING,80.6,0.34,458.4
2026-09-02T10:37:48.606032,5412.4,912.6,195.3,2.64,24.18,90.9,220.0,13.6,37.1,0.909,829.2,136.6,2.68,OVERHEATING,78.5,0.341,458.2
2026-09-02T10:37:49.606032,5435.0,898.8,190.5,2.74,24.65,94.0,235.0,13.5,37.4,0.94,830.0,137.7,2.7,OVERHEATING,79.6,0.342,458.1
2026-09-02T10:37:50.606032,5368.7,903.6,194.1,2.75,23.85,91.5,250.0,13.4,37.1,0.915,829.4,136.6,2.64,OVERHEATING,79.5,0.343,458.0
2026-09-02T10:37:51.606032,5351.2,900.6,192.8,2.56,23.74,92.4,265.0,13.3,37.2,0.924,829.6,136.7,2.63,OVERHEATING,80.0,0.344,457.8
2026-09-02T10:37:52.606032,5431.9,908.8,195.3,2.59,24.1,92.2,280.0,13.2,37.2,0.922,829.8,137.0,2.69,OVERHEATING,80.3,0.346,457.7
2026-09-02T10:37:53.606032,5391.9,911.5,190.9,2.73,23.99,93.4,295.0,13.1,37.3,0.934,830.0,137.2,2.66,OVERHEATING,78.3,0.347,457.6
2026-09-02T10:37:54.606032,5355.2,908.2,189.9,2.93,24.08,93.8,310.0,13.0,37.4,0.938,830.1,137.1,2.63,OVERHEATING,80.5,0.348,457.4
2026-09-02T10:37:55.606032,5395.2,899.9,188.4,2.64,23.69,93.1,325.0,12.9,37.3,0.931,830.1,137.0,2.66,OVERHEATING,80.7,0.349,457.3
2026-09-02T10:37:56.606032,5405.4,905.8,193.2,2.77,24.44,92.3,340.0,12.8,37.2,0.923,830.0,136.8,2.67,OVERHEATING,79.4,0.35,457.2
2026-09-02T10:37:57.606032,5383.9,909.6,190.6,2.66,23.37,91.4,355.0,12.7,37.1,0.914,829.8,136.4,2.65,OVERHEATING,79.3,0.351,457.0
2026-09-02T10:37:58.606032,5398.3,905.3,192.4,2.55,24.34,94.0,370.0,12.6,37.4,0.94,830.4,137.2,2.67,OVERHEATING,77.9,0.352,456.9
2026-09-02T10:37:59.606032,5396.2,906.1,188.0,2.53,23.22,93.2,385.0,12.5,37.3,0.932,830.3,136.9,2.66,OVERHEATING,80.3,0.353,456.8
2026-09-02T10:38:00.606032,5443.2,908.0,187.3,2.93,24.05,92.5,400.0,12.4,37.3,0.925,830.3,136.9,2.7,OVERHEATING,79.3,0.354,456.6
2026-09-02T10:38:01.606032,5356.6,897.6,192.4,2.67,23.86,93.0,415.0,12.3,37.3,0.93,830.3,136.6,2.63,OVERHEATING,79.7,0.356,456.5
2026-09-02T10:38:02.606032,5417.1,899.5,185.1,2.76,23.37,90.1,430.0,12.2,37.0,0.901,829.7,136.0,2.68,OVERHEATING,79.7,0.357,456.4
2026-09-02T10:38:03.606032,5354.2,906.9,187.0,2.61,23.45,91.5,445.0,12.1,37.1,0.915,830.0,136.1,2.63,OVERHEATING,78.8,0.358,456.2
2026-09-02T10:38:04.606032,5430.4,907.4,189.5,2.67,23.64,93.0,460.0,12.0,37.3,0.93,830.6,136.9,2.69,OVERHEATING,79.2,0.359,456.1
2026-09-02T10:38:05.606032,5376.7,903.1,191.8,2.59,23.83,92.9,475.0,11.9,37.3,0.929,830.5,136.6,2.65,OVERHEATING,79.4,0.36,456.0
2026-09-02T10:38:06.606032,5389.6,908.2,189.4,2.5,23.45,93.3,490.0,11.8,37.3,0.933,830.7,136.7,2.66,OVERHEATING,77.8,0.361,455.8
2026-09-02T10:38:07.606032,5419.8,904.7,191.2,2.57,23.26,93.9,505.0,11.7,37.4,0.939,830.9,137.0,2.68,OVERHEATING,77.9,0.362,455.7
2026-09-02T10:38:08.606032,5407.7,899.3,196.7,2.53,23.74,93.8,520.0,11.6,37.4,0.938,830.9,136.9,2.67,OVERHEATING,77.3,0.363,455.6
2026-09-02T10:38:09.606032,5403.4,904.2,191.1,2.69,22.77,91.5,535.0,11.5,37.1,0.915,830.5,136.1,2.67,OVERHEATING,77.7,0.364,455.4
2026-09-02T10:38:10.606032,5381.1,902.3,194.0,2.49,22.84,92.5,550.0,11.4,37.3,0.925,830.7,136.3,2.65,OVERHEATING,77.3,0.366,455.3
2026-09-02T10:38:11.606032,5366.6,907.0,194.8,2.63,23.02,90.1,565.0,11.3,37.0,0.901,830.1,135.5,2.64,OVERHEATING,79.4,0.367,455.2
2026-09-02T10:38:12.606032,5409.5,902.6,189.6,2.56,22.48,90.3,580.0,11.2,37.0,0.903,830.3,135.7,2.67,OVERHEATING,76.8,0.368,455.0
2026-09-02T10:38:13.606032,5380.8,900.4,193.4,2.62,23.1,93.2,595.0,11.1,37.3,0.932,831.0,136.5,2.65,OVERHEATING,77.1,0.369,454.9
2026-09-02T10:38:14.606032,5408.4,904.6,194.8,2.72,23.79,93.9,610.0,11.0,37.4,0.939,831.3,136.8,2.67,OVERHEATING,78.7,0.37,454.8
2026-09-02T10:38:15.606032,5352.4,902.1,185.7,2.59,22.89,90.4,625.0,10.9,37.0,0.904,830.4,135.4,2.63,OVERHEATING,78.1,0.371,454.6
2026-09-02T10:38:16.606032,5372.3,899.1,189.0,2.74,23.19,91.9,640.0,10.8,37.2,0.919,830.9,135.9,2.64,OVERHEATING,77.2,0.372,454.5
2026-09-02T10:38:17.606032,5411.3,900.0,186.5,2.78,23.15,92.4,655.0,10.7,37.2,0.924,831.1,136.2,2.68,OVERHEATING,77.9,0.373,454.4
2026-09-02T10:38:18.606032,5393.9,905.7,195.8,2.78,22.99,92.0,670.0,10.6,37.2,0.92,831.0,136.0,2.66,OVERHEATING,77.0,0.374,454.2
2026-09-02T10:38:19.606032,5362.1,901.6,190.4,2.67,22.95,91.6,685.0,10.5,37.2,0.916,830.9,135.7,2.64,OVERHEATING,79.3,0.376,454.1
2026-09-02T10:38:20.606032,5430.5,910.0,189.4,2.71,23.29,91.1,700.0,10.4,37.1,0.911,831.0,135.8,2.69,OVERHEATING,78.8,0.377,454.0
2026-09-02T10:38:21.606032,5375.1,904.2,195.3,2.87,22.94,91.1,715.0,10.4,37.1,0.911,830.9,135.5,2.65,OVERHEATING,79.0,0.378,453.8
2026-09-02T10:38:22.606032,5354.7,908.1,189.3,2.5,22.79,92.0,730.0,10.3,37.2,0.92,831.2,135.7,2.63,OVERHEATING,77.8,0.379,453.7
2026-09-02T10:38:23.606032,5396.6,907.7,196.2,2.58,22.75,92.5,745.0,10.2,37.3,0.925,831.4,136.0,2.66,OVERHEATING,77.5,0.38,453.6
2026-09-02T10:38:24.606032,5365.0,911.1,190.9,2.67,22.8,92.2,760.0,10.1,37.2,0.922,831.3,135.7,2.64,OVERHEATING,77.8,0.381,453.4
2026-09-02T10:38:25.606032,5376.7,903.0,191.4,2.6,22.09,92.3,775.0,10.0,37.2,0.923,831.4,135.8,2.65,OVERHEATING,78.0,0.382,453.3
2026-09-02T10:38:26.606032,5412.4,901.5,185.1,2.72,22.59,91.2,790.0,9.9,37.1,0.912,831.3,135.6,2.68,OVERHEATING,77.1,0.383,453.2
2026-09-02T10:38:27.606032,5405.9,907.0,191.3,2.49,22.29,92.2,805.0,9.8,37.2,0.922,831.6,135.8,2.67,OVERHEATING,77.0,0.384,453.0
2026-09-02T10:38:28.606032,5435.1,913.8,188.9,2.85,22.31,90.2,820.0,9.7,37.0,0.902,831.2,135.3,2.7,OVERHEATING,77.9,0.386,452.9
2026-09-02T10:38:29.606032,5418.2,901.8,189.0,2.65,22.81,91.7,835.0,9.6,37.2,0.917,831.6,135.7,2.68,OVERHEATING,77.9,0.387,452.8
2026-09-02T10:38:30.606032,5425.4,909.7,190.5,2.73,23.15,94.0,850.0,9.5,37.4,0.94,832.1,136.4,2.69,OVERHEATING,75.8,0.388,452.6
2026-09-02T10:38:31.606032,5359.4,903.9,187.4,2.6,22.35,92.8,865.0,9.4,37.3,0.928,831.8,135.7,2.63,OVERHEATING,77.2,0.389,452.5
2026-09-02T10:38:32.606032,5351.1,907.2,182.4,2.58,22.4,91.1,880.0,9.3,37.1,0.911,831.5,135.1,2.63,OVERHEATING,75.8,0.39,452.4
2026-09-02T10:38:33.606032,5414.2,907.1,193.7,2.75,22.88,93.1,895.0,9.2,37.3,0.931,832.1,136.0,2.68,OVERHEATING,75.9,0.391,452.2
2026-09-02T10:38:34.606032,5375.8,899.3,195.3,2.62,22.67,90.2,910.0,9.1,37.0,0.902,831.4,134.9,2.65,OVERHEATING,76.3,0.392,452.1
2026-09-02T10:38:35.606032,5447.0,906.5,186.1,2.7,22.24,92.9,925.0,9.0,37.3,0.929,832.2,136.0,2.7,OVERHEATING,78.0,0.393,452.0
2026-09-02T10:38:36.606032,5447.9,907.5,194.9,2.59,22.78,93.9,940.0,8.9,37.4,0.939,832.5,136.3,2.71,OVERHEATING,78.1,0.394,451.8
2026-09-02T10:38:37.606032,5369.7,909.7,190.5,2.63,22.23,91.2,955.0,8.8,37.1,0.912,831.8,135.1,2.64,OVERHEATING,77.3,0.396,451.7
2026-09-02T10:38:38.606032,5380.2,911.1,191.3,2.76,22.59,92.0,970.0,8.7,37.2,0.92,832.1,135.3,2.65,OVERHEATING,76.4,0.397,451.6
2026-09-02T10:38:39.606032,5430.8,910.7,188.5,2.7,22.66,92.5,985.0,8.6,37.3,0.925,832.3,135.7,2.69,OVERHEATING,76.2,0.398,451.4
2026-09-02T10:38:40.606032,5092.7,901.3,185.7,2.45,20.98,86.3,1000.0,8.5,36.6,0.863,829.6,132.2,2.43,OVERHEATING,75.5,0.399,451.3
2026-09-02T10:38:41.606032,5133.3,910.5,190.9,2.65,20.34,84.6,1025.0,8.3,36.5,0.846,829.1,131.8,2.46,OVERHEATING,77.9,0.4,451.1
2026-09-02T10:38:42.606032,5067.6,899.0,185.2,2.32,20.28,84.2,1050.0,8.2,36.4,0.842,828.8,131.4,2.41,OVERHEATING,75.9,0.401,451.0
2026-09-02T10:38:43.606032,5102.3,909.9,188.0,2.24,20.88,85.2,1075.0,8.0,36.5,0.852,829.4,131.8,2.43,OVERHEATING,75.6,0.402,450.9
2026-09-02T10:38:44.606032,5103.6,912.2,191.5,2.35,20.21,85.1,1100.0,7.8,36.5,0.851,829.5,131.7,2.44,OVERHEATING,75.0,0.403,450.7
2026-09-02T10:38:45.606032,5061.7,901.9,184.7,2.64,20.41,85.5,1125.0,7.7,36.5,0.855,829.6,131.6,2.4,OVERHEATING,75.8,0.404,450.6
2026-09-02T10:38:46.606032,5117.2,903.7,184.8,2.59,19.8,85.4,1150.0,7.5,36.5,0.854,829.8,131.7,2.45,OVERHEATING,77.1,0.406,450.5
2026-09-02T10:38:47.606032,5080.7,896.8,191.3,2.47,20.26,84.9,1175.0,7.4,36.5,0.849,829.6,131.4,2.42,OVERHEATING,75.5,0.407,450.3
2026-09-02T10:38:48.606032,5109.2,901.6,184.8,2.43,20.29,84.8,1200.0,7.2,36.5,0.848,829.7,131.4,2.44,OVERHEATING,75.9,0.408,450.2
2026-09-02T10:38:49.606032,5071.7,905.2,179.4,2.33,19.94,83.7,1225.0,7.0,36.4,0.837,829.2,130.9,2.41,OVERHEATING,76.4,0.409,450.1
2026-09-02T10:38:50.606032,5125.5,905.2,192.8,2.41,20.04,84.6,1250.0,6.9,36.5,0.846,829.9,131.3,2.45,OVERHEATING,74.8,0.41,449.9
2026-09-02T10:38:51.606032,5111.1,911.9,179.6,2.43,19.7,83.7,1275.0,6.7,36.4,0.837,829.5,130.9,2.44,OVERHEATING,76.1,0.411,449.8
2026-09-02T10:38:52.606032,5069.6,908.9,189.4,2.43,20.28,84.8,1300.0,6.5,36.5,0.848,830.0,131.1,2.41,OVERHEATING,75.4,0.412,449.7
2026-09-02T10:38:53.606032,5069.3,911.6,188.6,2.24,20.3,85.5,1325.0,6.4,36.5,0.855,830.3,131.2,2.41,OVERHEATING,75.8,0.413,449.5
2026-09-02T10:38:54.606032,5077.6,900.7,191.7,2.42,20.1,85.2,1350.0,6.2,36.5,0.852,830.3,131.1,2.42,OVERHEATING,75.4,0.414,449.4
2026-09-02T10:38:55.606032,5082.1,909.4,183.0,2.39,20.4,84.6,1375.0,6.1,36.5,0.846,830.2,130.9,2.42,OVERHEATING,76.6,0.416,449.3
2026-09-02T10:38:56.606032,5067.1,913.7,183.0,2.22,19.74,85.9,1400.0,5.9,36.6,0.859,830.8,131.2,2.41,OVERHEATING,74.8,0.417,449.1
2026-09-02T10:38:57.606032,5069.7,902.8,182.1,2.49,19.52,85.5,1425.0,5.7,36.5,0.855,830.7,131.0,2.41,OVERHEATING,74.7,0.418,449.0
2026-09-02T10:38:58.606032,5066.4,904.8,181.1,2.51,19.78,85.9,1450.0,5.6,36.6,0.859,830.9,131.1,2.41,OVERHEATING,74.6,0.419,448.9
2026-09-02T10:38:59.606032,5107.8,894.1,193.4,2.69,19.95,86.5,1475.0,5.4,36.6,0.865,831.4,131.4,2.44,OVERHEATING,75.0,0.42,448.7
2026-09-02T10:39:00.606032,5088.8,906.9,186.3,2.46,19.41,84.5,1500.0,5.2,36.5,0.845,830.6,130.6,2.42,OVERHEATING,75.6,0.421,448.6
2026-09-02T10:39:01.606032,5106.7,908.6,186.9,2.25,20.1,86.1,1525.0,5.1,36.6,0.861,831.4,131.2,2.44,OVERHEATING,76.3,0.422,448.5
2026-09-02T10:39:02.606032,5063.3,908.1,184.1,2.49,18.99,85.1,1550.0,4.9,36.5,0.851,830.9,130.6,2.41,OVERHEATING,76.6,0.423,448.3
2026-09-02T10:39:03.606032,5101.6,907.0,183.2,2.28,19.52,85.4,1575.0,4.8,36.5,0.854,831.3,130.8,2.43,OVERHEATING,73.8,0.424,448.2
2026-09-02T10:39:04.606032,5111.7,904.1,181.8,2.47,19.33,83.5,1600.0,4.6,36.4,0.835,830.6,130.2,2.44,OVERHEATING,73.9,0.426,448.1
2026-09-02T10:39:05.606032,5071.8,911.1,184.8,2.38,19.22,84.9,1625.0,4.4,36.5,0.849,831.1,130.4,2.41,OVERHEATING,75.5,0.427,447.9
2026-09-02T10:39:06.606032,5131.3,911.5,185.2,2.52,19.14,85.6,1650.0,4.3,36.6,0.856,831.7,130.9,2.46,OVERHEATING,74.4,0.428,447.8
2026-09-02T10:39:07.606032,5062.6,904.9,175.8,2.46,19.19,84.1,1675.0,4.1,36.4,0.841,830.9,130.1,2.4,OVERHEATING,73.8,0.429,447.7
2026-09-02T10:39:08.606032,5098.7,905.1,184.0,2.45,19.86,85.5,1700.0,4.0,36.6,0.855,831.8,130.6,2.43,OVERHEATING,73.9,0.43,447.5
2026-09-02T10:39:09.606032,5098.6,919.6,188.6,2.38,19.5,84.9,1725.0,3.8,36.5,0.849,831.6,130.4,2.43,OVERHEATING,75.8,0.431,447.4
2026-09-02T10:39:10.606032,5109.3,915.9,185.9,2.45,19.41,86.4,1750.0,3.6,36.6,0.864,832.3,130.8,2.44,OVERHEATING,75.7,0.432,447.3
2026-09-02T10:39:11.606032,5085.5,908.3,189.2,2.35,19.22,84.0,1775.0,3.5,36.4,0.84,831.3,129.9,2.42,OVERHEATING,73.3,0.433,447.1
2026-09-02T10:39:12.606032,5081.6,904.5,182.5,2.3,19.61,86.3,1800.0,3.3,36.6,0.863,832.4,130.6,2.42,OVERHEATING,75.3,0.434,447.0
2026-09-02T10:39:13.606032,5071.0,904.6,184.5,2.3,19.25,84.6,1825.0,3.1,36.5,0.846,831.7,129.9,2.41,OVERHEATING,73.3,0.436,446.9
2026-09-02T10:39:14.606032,5102.4,895.5,188.8,2.48,18.57,85.6,1850.0,3.0,36.6,0.856,832.3,130.3,2.43,OVERHEATING,75.7,0.437,446.7
2026-09-02T10:39:15.606032,5123.5,896.3,181.9,2.52,18.77,83.7,1875.0,2.8,36.4,0.837,831.6,129.8,2.45,OVERHEATING,75.6,0.438,446.6
2026-09-02T10:39:16.606032,5112.9,908.1,185.0,2.43,18.79,84.6,1900.0,2.7,36.5,0.846,832.1,130.0,2.44,OVERHEATING,73.7,0.439,446.5
2026-09-02T10:39:17.606032,5134.2,912.8,182.0,2.4,19.33,86.2,1925.0,2.5,36.6,0.862,832.9,130.5,2.46,OVERHEATING,75.1,0.44,446.3
2026-09-02T10:39:18.606032,5137.4,905.3,185.2,2.33,18.53,84.1,1950.0,2.3,36.4,0.841,832.1,129.8,2.46,OVERHEATING,73.6,0.441,446.2
2026-09-02T10:39:19.606032,5097.5,916.4,186.3,2.54,18.99,84.8,1975.0,2.2,36.5,0.848,832.4,129.8,2.43,OVERHEATING,75.6,0.442,446.1
2026-09-02T10:39:20.606032,5084.7,907.8,180.6,2.36,18.68,85.0,2000.0,2.0,36.5,0.85,832.5,129.8,2.42,OVERHEATING,75.3,0.443,445.9
2026-09-02T10:39:21.606032,5123.0,907.2,179.9,2.46,18.4,84.3,2025.0,1.8,36.4,0.843,832.4,129.7,2.45,OVERHEATING,72.6,0.444,445.8
2026-09-02T10:39:22.606032,5082.3,905.3,186.1,2.38,18.57,85.3,2050.0,1.7,36.5,0.853,832.8,129.8,2.42,OVERHEATING,73.7,0.446,445.7
2026-09-02T10:39:23.606032,5065.2,917.5,184.5,2.5,18.44,84.3,2075.0,1.5,36.4,0.843,832.4,129.3,2.41,OVERHEATING,75.0,0.447,445.5
2026-09-02T10:39:24.606032,5067.7,907.4,183.1,2.24,18.74,84.9,2100.0,1.3,36.5,0.849,832.8,129.5,2.41,OVERHEATING,73.3,0.448,445.4
2026-09-02T10:39:25.606032,5069.7,902.1,187.1,2.54,18.56,84.5,2125.0,1.2,36.5,0.845,832.7,129.3,2.41,OVERHEATING,74.0,0.449,445.3
2026-09-02T10:39:26.606032,5104.7,900.5,182.9,2.36,18.58,84.1,2150.0,1.0,36.4,0.841,832.7,129.3,2.44,OVERHEATING,72.8,0.45,445.1
2026-09-02T10:39:27.606032,5115.6,902.6,182.4,2.28,18.32,86.0,2175.0,0.9,36.6,0.86,833.7,129.9,2.44,OVERHEATING,72.7,0.451,445.0
2026-09-02T10:39:28.606032,5061.3,909.7,181.9,2.53,18.32,83.8,2200.0,0.7,36.4,0.838,832.6,128.9,2.4,OVERHEATING,73.0,0.452,444.9
2026-09-02T10:39:29.606032,5130.2,913.4,183.3,2.43,17.86,83.8,2225.0,0.5,36.4,0.838,832.9,129.1,2.46,OVERHEATING,72.5,0.453,444.7
2026-09-02T10:39:30.606032,5067.4,909.4,190.2,2.38,18.31,84.1,2250.0,0.4,36.4,0.841,833.0,128.9,2.41,OVERHEATING,73.0,0.454,444.6
2026-09-02T10:39:31.606032,5116.7,911.4,185.6,2.53,18.54,85.1,2275.0,0.2,36.5,0.851,833.6,129.4,2.45,OVERHEATING,72.3,0.456,444.5
2026-09-02T10:39:32.606032,5129.1,908.0,182.0,2.51,19.2,85.8,2300.0,0.1,36.6,0.858,834.1,129.6,2.46,OVERHEATING,74.1,0.457,444.3
2026-09-02T10:39:33.606032,5096.4,907.9,175.8,2.33,18.42,83.9,2325.0,-0.1,36.4,0.839,833.2,128.8,2.43,OVERHEATING,72.7,0.458,444.2
2026-09-02T10:39:34.606032,5087.4,908.9,183.0,2.45,18.46,84.0,2350.0,-0.3,36.4,0.84,833.3,128.8,2.42,OVERHEATING,71.9,0.459,444.1
2026-09-02T10:39:35.606032,5119.5,904.8,185.5,2.52,18.27,84.6,2375.0,-0.4,36.5,0.846,833.8,129.1,2.45,OVERHEATING,73.8,0.46,443.9
2026-09-02T10:39:36.606032,5063.6,908.8,186.3,2.46,18.2,83.9,2400.0,-0.6,36.4,0.839,833.4,128.5,2.41,OVERHEATING,73.5,0.461,443.8
2026-09-02T10:39:37.606032,5085.5,904.6,174.6,2.37,17.79,84.7,2425.0,-0.8,36.5,0.847,833.9,128.8,2.42,OVERHEATING,72.6,0.462,443.7
2026-09-02T10:39:38.606032,5108.0,911.6,185.8,2.47,17.8,83.7,2450.0,-0.9,36.4,0.837,833.6,128.6,2.44,OVERHEATING,73.3,0.463,443.5
2026-09-02T10:39:39.606032,5068.6,905.6,184.6,2.39,18.36,84.6,2475.0,-1.1,36.5,0.846,834.0,128.6,2.41,OVERHEATING,73.3,0.464,443.4
2026-09-02T10:39:40.606032,5100.0,909.8,187.3,2.43,17.57,83.8,2500.0,-1.2,36.4,0.838,833.8,128.5,2.43,OVERHEATING,71.9,0.466,443.3
2026-09-02T10:39:41.606032,5067.3,908.7,179.3,2.34,17.52,84.3,2525.0,-1.4,36.4,0.843,834.0,128.4,2.41,OVERHEATING,71.8,0.467,443.1
2026-09-02T10:39:42.606032,5095.6,910.3,181.8,2.45,18.02,85.1,2550.0,-1.6,36.5,0.851,834.5,128.8,2.43,OVERHEATING,72.3,0.468,443.0
2026-09-02T10:39:43.606032,5104.1,911.1,189.1,2.43,18.51,85.1,2575.0,-1.7,36.5,0.851,834.7,128.7,2.44,OVERHEATING,73.6,0.469,442.9
2026-09-02T10:39:44.606032,5094.5,903.3,179.0,2.32,17.53,84.9,2600.0,-1.9,36.5,0.849,834.6,128.6,2.43,OVERHEATING,71.3,0.47,442.7
2026-09-02T10:39:45.606032,5063.4,914.7,174.9,2.42,18.12,84.5,2625.0,-2.1,36.5,0.845,834.4,128.3,2.41,OVERHEATING,72.1,0.471,442.6
2026-09-02T10:39:46.606032,5097.8,905.2,182.1,2.54,17.89,84.7,2650.0,-2.2,36.5,0.847,834.7,128.4,2.43,OVERHEATING,71.6,0.472,442.5
2026-09-02T10:39:47.606032,5135.3,917.5,185.2,2.51,17.78,85.5,2675.0,-2.4,36.6,0.855,835.3,128.8,2.46,OVERHEATING,71.2,0.473,442.3
2026-09-02T10:39:48.606032,5096.7,903.8,179.4,2.22,18.19,85.7,2700.0,-2.6,36.6,0.857,835.3,128.7,2.43,OVERHEATING,73.6,0.474,442.2
2026-09-02T10:39:49.606032,5105.6,911.8,186.1,2.54,17.63,84.9,2725.0,-2.7,36.5,0.849,835.1,128.4,2.44,OVERHEATING,73.2,0.476,442.1
2026-09-02T10:39:50.606032,5092.2,913.8,188.2,2.5,17.68,86.0,2750.0,-2.9,36.6,0.86,835.6,128.6,2.43,OVERHEATING,71.2,0.477,441.9
2026-09-02T10:39:51.606032,5069.6,908.9,182.5,2.37,17.08,84.8,2775.0,-3.0,36.5,0.848,835.1,128.1,2.41,OVERHEATING,72.7,0.478,441.8
2026-09-02T10:39:52.606032,5096.1,908.9,187.8,2.41,17.62,85.0,2800.0,-3.2,36.5,0.85,835.4,128.2,2.43,OVERHEATING,71.3,0.479,441.7
2026-09-02T10:39:53.606032,5068.4,908.7,179.9,2.18,17.17,86.3,2825.0,-3.4,36.6,0.863,835.9,128.5,2.41,OVERHEATING,71.1,0.48,441.5
2026-09-02T10:39:54.606032,5125.9,912.1,184.1,2.41,17.67,85.6,2850.0,-3.5,36.6,0.856,835.9,128.4,2.45,OVERHEATING,71.1,0.481,441.4
2026-09-02T10:39:55.606032,5095.9,908.3,188.6,2.45,17.22,84.2,2875.0,-3.7,36.4,0.842,835.3,127.8,2.43,OVERHEATING,70.5,0.482,441.3
2026-09-02T10:39:56.606032,5081.4,905.3,181.9,2.42,17.64,83.8,2900.0,-3.8,36.4,0.838,835.1,127.6,2.42,OVERHEATING,70.7,0.483,441.1
2026-09-02T10:39:57.606032,5112.5,910.1,179.7,2.47,17.55,84.9,2925.0,-4.0,36.5,0.849,835.8,128.0,2.44,OVERHEATING,73.1,0.484,441.0
2026-09-02T10:39:58.606032,5105.7,917.3,185.3,2.43,17.51,85.5,2950.0,-4.2,36.5,0.855,836.1,128.1,2.44,OVERHEATING,72.3,0.486,440.9
2026-09-02T10:39:59.606032,5120.5,916.6,187.9,2.42,17.87,84.2,2975.0,-4.3,36.4,0.842,835.7,127.7,2.45,OVERHEATING,73.1,0.487,440.7
2026-09-02T10:40:00.606032,5087.3,916.6,183.5,2.55,17.76,85.3,3000.0,-4.5,36.5,0.853,836.2,127.9,2.42,OVERHEATING,73.1,0.488,440.6
2026-09-02T10:40:01.606032,5087.9,908.4,174.2,2.43,17.11,85.6,3025.0,-4.7,36.6,0.856,836.4,127.9,2.42,OVERHEATING,72.0,0.489,440.5
2026-09-02T10:40:02.606032,5064.4,915.0,183.6,2.4,17.38,86.5,3050.0,-4.8,36.6,0.865,836.8,128.1,2.41,OVERHEATING,72.6,0.49,440.3
2026-09-02T10:40:03.606032,5094.1,916.1,180.7,2.48,16.86,84.4,3075.0,-5.0,36.4,0.844,836.1,127.5,2.43,OVERHEATING,71.5,0.491,440.2
2026-09-02T10:40:04.606032,5123.4,904.8,181.8,2.47,16.73,83.7,3100.0,-5.2,36.4,0.837,835.9,127.3,2.45,OVERHEATING,70.9,0.492,440.1
2026-09-02T10:40:05.606032,5119.7,903.1,181.3,2.36,17.27,86.3,3125.0,-5.3,36.6,0.863,837.1,128.1,2.45,OVERHEATING,71.9,0.493,439.9
2026-09-02T10:40:06.606032,5139.5,914.5,188.5,2.52,17.45,86.4,3150.0,-5.5,36.6,0.864,837.3,128.2,2.46,OVERHEATING,72.6,0.494,439.8
2026-09-02T10:40:07.606032,5062.9,912.0,184.0,2.39,17.74,85.5,3175.0,-5.6,36.5,0.855,836.8,127.5,2.4,OVERHEATING,72.0,0.496,439.7
2026-09-02T10:40:08.606032,5073.0,915.6,176.1,2.41,16.78,83.9,3200.0,-5.8,36.4,0.839,836.2,127.0,2.41,OVERHEATING,71.8,0.497,439.5
2026-09-02T10:40:09.606032,5136.8,906.3,185.1,2.4,17.06,86.4,3225.0,-6.0,36.6,0.864,837.6,128.0,2.46,OVERHEATING,71.9,0.498,439.4
2026-09-02T10:40:10.606032,4782.3,901.9,170.7,2.28,14.87,71.7,3244.3,-6.1,35.2,0.717,827.6,121.8,2.2,OVERHEATING,69.9,0.499,439.3
2026-09-02T10:40:11.606032,4789.8,824.8,121.5,9.32,14.61,71.0,3253.5,-6.1,35.1,0.71,827.1,121.6,2.2,HIGH_VIBRATION,70.3,0.5,439.1
2026-09-02T10:40:12.606032,4783.1,821.6,119.9,8.79,14.88,71.7,3245.1,-6.1,35.2,0.717,827.6,121.8,2.2,HIGH_VIBRATION,70.1,0.501,439.0
2026-09-02T10:40:13.606032,4826.2,822.6,121.7,8.45,14.76,71.0,3251.1,-6.1,35.1,0.71,827.3,121.7,2.23,HIGH_VIBRATION,72.3,0.502,438.9
2026-09-02T10:40:14.606032,4772.8,825.2,123.8,8.49,14.94,71.0,3257.1,-6.2,35.1,0.71,827.0,121.5,2.19,HIGH_VIBRATION,71.4,0.503,438.7
2026-09-02T10:40:15.606032,4829.6,821.6,125.1,8.72,14.67,71.7,3257.4,-6.2,35.2,0.717,827.9,122.0,2.23,HIGH_VIBRATION,70.2,0.504,438.6
2026-09-02T10:40:16.606032,4819.6,821.7,123.3,8.44,14.69,72.6,3273.4,-6.3,35.3,0.726,828.6,122.2,2.23,HIGH_VIBRATION,71.2,0.506,438.5
2026-09-02T10:40:17.606032,4792.4,831.3,124.8,8.5,14.88,72.6,3274.4,-6.3,35.3,0.726,828.4,122.1,2.21,HIGH_VIBRATION,70.1,0.507,438.3
2026-09-02T10:40:18.606032,4808.9,837.0,124.3,9.27,15.09,72.0,3282.3,-6.3,35.2,0.72,828.1,121.9,2.22,HIGH_VIBRATION,71.0,0.508,438.2
2026-09-02T10:40:19.606032,4789.1,835.3,119.2,8.86,14.73,72.9,3281.8,-6.3,35.3,0.729,828.6,122.1,2.2,HIGH_VIBRATION,69.8,0.509,438.1
2026-09-02T10:40:20.606032,4779.4,826.8,124.2,9.51,14.79,72.6,3284.7,-6.4,35.3,0.726,828.4,122.0,2.2,HIGH_VIBRATION,70.4,0.51,437.9
2026-09-02T10:40:21.606032,4824.4,829.7,119.4,8.67,14.55,71.9,3280.8,-6.3,35.2,0.719,828.1,122.0,2.23,HIGH_VIBRATION,70.6,0.511,437.8
2026-09-02T10:40:22.606032,4823.7,829.3,120.4,8.12,14.2,71.9,3279.2,-6.3,35.2,0.719,828.1,122.0,2.23,HIGH_VIBRATION,69.1,0.512,437.7
2026-09-02T10:40:23.606032,4797.1,827.5,120.9,8.82,14.75,71.4,3285.2,-6.4,35.1,0.714,827.6,121.7,2.21,HIGH_VIBRATION,71.7,0.513,437.5
2026-09-02T10:40:24.606032,4825.4,834.2,118.8,8.65,14.85,72.8,3293.5,-6.4,35.3,0.728,828.8,122.2,2.23,HIGH_VIBRATION,69.8,0.514,437.4
2026-09-02T10:40:25.606032,4823.7,819.4,121.2,8.63,14.47,71.4,3293.3,-6.4,35.1,0.714,827.7,121.8,2.23,HIGH_VIBRATION,71.3,0.516,437.3
2026-09-02T10:40:26.606032,4822.1,833.1,124.3,8.65,14.36,72.9,3300.0,-6.4,35.3,0.729,828.9,122.2,2.23,HIGH_VIBRATION,69.4,0.517,437.1
2026-09-02T10:40:27.606032,4804.3,833.1,121.2,8.78,14.5,71.1,3296.6,-6.4,35.1,0.711,827.4,121.6,2.22,HIGH_VIBRATION,70.9,0.518,437.0
2026-09-02T10:40:28.606032,4793.9,829.5,116.6,8.85,14.52,71.3,3287.9,-6.4,35.1,0.713,827.5,121.6,2.21,HIGH_VIBRATION,70.5,0.519,436.9
2026-09-02T10:40:29.606032,4820.6,821.7,119.8,9.38,15.03,72.0,3291.2,-6.4,35.2,0.72,828.2,122.0,2.23,HIGH_VIBRATION,69.3,0.52,436.7
2026-09-02T10:40:30.606032,4820.5,831.7,120.5,8.4,14.95,72.9,3302.0,-6.5,35.3,0.729,828.9,122.2,2.23,HIGH_VIBRATION,71.2,0.521,436.6
2026-09-02T10:40:31.606032,4820.2,827.3,124.4,8.19,14.91,72.9,3308.0,-6.5,35.3,0.729,828.9,122.2,2.23,HIGH_VIBRATION,68.8,0.522,436.5
2026-09-02T10:40:32.606032,4776.7,832.6,124.6,8.96,14.31,72.8,3300.8,-6.5,35.3,0.728,828.6,122.0,2.2,HIGH_VIBRATION,69.1,0.523,436.3
2026-09-02T10:40:33.606032,4781.3,823.2,124.2,8.5,15.41,72.5,3308.9,-6.5,35.2,0.725,828.4,121.9,2.2,HIGH_VIBRATION,68.4,0.524,436.2
2026-09-02T10:40:34.606032,4801.6,831.5,124.6,8.44,14.71,73.0,3299.2,-6.4,35.3,0.73,828.8,122.2,2.21,HIGH_VIBRATION,68.2,0.526,436.1
2026-09-02T10:40:35.606032,4775.0,823.6,123.4,8.78,14.91,71.5,3296.0,-6.4,35.1,0.715,827.6,121.6,2.19,HIGH_VIBRATION,70.1,0.527,435.9
2026-09-02T10:40:36.606032,4774.6,826.2,121.7,8.9,14.73,72.0,3302.2,-6.5,35.2,0.72,828.0,121.7,2.19,HIGH_VIBRATION,70.0,0.528,435.8
2026-09-02T10:40:37.606032,4775.2,833.5,121.1,9.04,15.12,72.4,3291.0,-6.4,35.2,0.724,828.2,121.9,2.19,HIGH_VIBRATION,68.2,0.529,435.7
2026-09-02T10:40:38.606032,4807.8,825.0,124.6,8.3,14.42,72.8,3296.2,-6.4,35.3,0.728,828.7,122.1,2.22,HIGH_VIBRATION,69.7,0.53,435.5
2026-09-02T10:40:39.606032,4786.7,831.0,121.1,9.05,15.08,71.1,3304.9,-6.5,35.1,0.711,827.4,121.5,2.2,HIGH_VIBRATION,68.8,0.531,435.4
2026-09-02T10:40:40.606032,4783.2,830.3,121.0,8.7,15.13,72.2,3287.1,-6.4,35.2,0.722,828.1,121.9,2.2,HIGH_VIBRATION,68.9,0.532,435.3
2026-09-02T10:40:41.606032,4778.7,823.8,119.9,8.36,15.08,71.2,3289.6,-6.4,35.1,0.712,827.3,121.5,2.2,HIGH_VIBRATION,69.6,0.533,435.1
2026-09-02T10:40:42.606032,4792.6,830.7,124.7,9.41,14.65,71.4,3289.6,-6.4,35.1,0.714,827.6,121.7,2.21,HIGH_VIBRATION,68.6,0.534,435.0
2026-09-02T10:40:43.606032,4806.9,828.2,124.5,8.06,14.78,71.6,3282.8,-6.3,35.2,0.716,827.8,121.8,2.22,HIGH_VIBRATION,67.6,0.536,434.8
2026-09-02T10:40:44.606032,4797.5,823.8,124.8,8.55,14.67,71.6,3292.5,-6.4,35.2,0.716,827.8,121.7,2.21,HIGH_VIBRATION,68.2,0.537,434.7
2026-09-02T10:40:45.606032,4829.6,832.1,125.0,9.31,14.05,71.4,3284.6,-6.3,35.1,0.714,827.8,121.8,2.23,HIGH_VIBRATION,69.4,0.538,434.6
2026-09-02T10:40:46.606032,4828.4,833.2,121.6,8.59,15.09,72.9,3270.2,-6.3,35.3,0.729,828.8,122.3,2.23,HIGH_VIBRATION,68.6,0.539,434.4
2026-09-02T10:40:47.606032,4797.6,822.0,121.2,9.5,14.48,72.0,3272.6,-6.3,35.2,0.72,828.0,121.9,2.21,HIGH_VIBRATION,69.3,0.54,434.3
2026-09-02T10:40:48.606032,4801.9,825.9,123.3,9.24,15.32,71.8,3265.1,-6.2,35.2,0.718,827.8,121.9,2.21,HIGH_VIBRATION,67.3,0.541,434.2
2026-09-02T10:40:49.606032,4811.9,825.0,122.6,8.03,15.33,72.8,3260.1,-6.2,35.3,0.728,828.6,122.2,2.22,HIGH_VIBRATION,69.4,0.542,434.0
2026-09-02T10:40:50.606032,4779.2,831.4,124.1,8.24,15.25,72.6,3258.4,-6.2,35.3,0.726,828.3,122.0,2.2,HIGH_VIBRATION,68.2,0.543,433.9
2026-09-02T10:40:51.606032,4771.0,826.6,120.7,8.44,14.47,72.3,3271.5,-6.3,35.2,0.723,828.1,121.9,2.19,HIGH_VIBRATION,69.1,0.544,433.8
2026-09-02T10:40:52.606032,4788.5,821.3,117.7,9.3,14.59,71.5,3253.8,-6.1,35.2,0.715,827.5,121.7,2.2,HIGH_VIBRATION,68.2,0.546,433.6
2026-09-02T10:40:53.606032,4791.4,831.7,118.9,8.78,14.38,71.7,3257.5,-6.2,35.2,0.717,827.7,121.8,2.21,HIGH_VIBRATION,69.4,0.547,433.5
2026-09-02T10:40:54.606032,4796.1,830.7,126.1,9.4,14.81,72.5,3248.5,-6.1,35.3,0.725,828.3,122.1,2.21,HIGH_VIBRATION,67.9,0.548,433.4
2026-09-02T10:40:55.606032,4774.5,831.7,125.1,8.43,14.63,71.0,3241.7,-6.1,35.1,0.71,827.0,121.5,2.19,HIGH_VIBRATION,68.8,0.549,433.2
2026-09-02T10:40:56.606032,4780.1,825.9,120.7,8.21,14.43,71.5,3245.0,-6.1,35.1,0.715,827.4,121.7,2.2,HIGH_VIBRATION,69.5,0.55,433.1
2026-09-02T10:40:57.606032,4791.1,837.2,119.8,8.52,14.91,71.5,3241.4,-6.1,35.2,0.715,827.5,121.8,2.21,HIGH_VIBRATION,68.4,0.551,433.0
2026-09-02T10:40:58.606032,4802.6,831.6,120.5,9.22,14.93,71.6,3234.5,-6.0,35.2,0.716,827.6,121.9,2.21,HIGH_VIBRATION,68.1,0.552,432.8
2026-09-02T10:40:59.606032,4799.1,824.8,123.5,9.18,14.69,72.0,3226.8,-6.0,35.2,0.72,827.8,122.0,2.21,HIGH_VIBRATION,68.1,0.553,432.7
2026-09-02T10:41:00.606032,4795.8,826.2,125.5,8.55,14.63,72.3,3227.9,-6.0,35.2,0.723,828.0,122.1,2.21,HIGH_VIBRATION,68.6,0.554,432.6
2026-09-02T10:41:01.606032,4803.8,827.6,121.5,8.04,14.68,72.3,3218.4,-5.9,35.2,0.723,828.1,122.1,2.21,HIGH_VIBRATION,68.4,0.556,432.4
2026-09-02T10:41:02.606032,4824.8,821.0,122.6,9.29,14.57,72.3,3208.8,-5.9,35.2,0.723,828.1,122.2,2.23,HIGH_VIBRATION,67.4,0.557,432.3
2026-09-02T10:41:03.606032,4788.8,827.0,124.8,8.48,14.39,71.0,3199.6,-5.8,35.1,0.71,826.9,121.7,2.2,HIGH_VIBRATION,66.5,0.558,432.2
2026-09-02T10:41:04.606032,4807.3,832.6,118.4,9.53,14.61,72.1,3206.6,-5.8,35.2,0.721,827.9,122.1,2.22,HIGH_VIBRATION,66.6,0.559,432.0
2026-09-02T10:41:05.606032,4784.1,825.6,125.1,8.59,14.94,71.7,3204.7,-5.8,35.2,0.717,827.4,121.9,2.2,HIGH_VIBRATION,66.5,0.56,431.9
2026-09-02T10:41:06.606032,4827.5,831.2,120.6,9.39,14.76,72.6,3191.6,-5.7,35.3,0.726,828.3,122.4,2.23,HIGH_VIBRATION,66.9,0.561,431.8
2026-09-02T10:41:07.606032,4826.6,827.8,123.3,9.23,14.17,71.1,3185.4,-5.7,35.1,0.711,827.2,121.9,2.23,HIGH_VIBRATION,67.8,0.562,431.6
2026-09-02T10:41:08.606032,4772.6,829.2,120.7,8.84,14.59,72.9,3191.4,-5.7,35.3,0.729,828.2,122.2,2.19,HIGH_VIBRATION,67.5,0.563,431.5
2026-09-02T10:41:09.606032,4826.7,822.4,121.4,9.07,15.04,71.9,3169.9,-5.6,35.2,0.719,827.7,122.2,2.23,HIGH_VIBRATION,66.3,0.564,431.4
2026-09-02T10:41:10.606032,4799.2,825.7,123.0,9.29,15.23,72.8,3177.2,-5.7,35.3,0.728,828.3,122.3,2.21,HIGH_VIBRATION,67.9,0.566,431.2
2026-09-02T10:41:11.606032,4801.3,822.1,118.6,8.49,15.33,72.9,3175.1,-5.6,35.3,0.729,828.3,122.4,2.21,HIGH_VIBRATION,68.2,0.567,431.1
2026-09-02T10:41:12.606032,4819.9,832.3,121.3,8.64,15.08,71.7,3156.8,-5.5,35.2,0.717,827.5,122.1,2.23,HIGH_VIBRATION,66.8,0.568,431.0
2026-09-02T10:41:13.606032,4812.1,834.6,122.0,8.9,14.97,72.9,3161.5,-5.5,35.3,0.729,828.3,122.5,2.22,HIGH_VIBRATION,66.3,0.569,430.8
2026-09-02T10:41:14.606032,4796.3,827.9,124.8,8.57,14.94,72.3,3150.1,-5.5,35.2,0.723,827.8,122.2,2.21,HIGH_VIBRATION,68.1,0.57,430.7
2026-09-02T10:41:15.606032,4776.1,825.2,121.7,9.05,14.79,72.1,3146.1,-5.4,35.2,0.721,827.5,122.1,2.2,HIGH_VIBRATION,65.6,0.571,430.6
2026-09-02T10:41:16.606032,4803.6,833.6,123.4,9.29,14.88,72.1,3150.9,-5.5,35.2,0.721,827.7,122.2,2.21,HIGH_VIBRATION,68.1,0.572,430.4
2026-09-02T10:41:17.606032,4800.2,827.5,121.4,9.2,15.2,71.8,3149.5,-5.5,35.2,0.718,827.4,122.1,2.21,HIGH_VIBRATION,65.5,0.573,430.3
2026-09-02T10:41:18.606032,4776.6,834.7,121.4,9.25,14.96,72.3,3129.0,-5.3,35.2,0.723,827.6,122.2,2.2,HIGH_VIBRATION,66.6,0.574,430.2
2026-09-02T10:41:19.606032,4810.7,832.9,123.1,9.02,15.28,71.7,3128.8,-5.3,35.2,0.717,827.3,122.1,2.22,HIGH_VIBRATION,67.0,0.576,430.0
2026-09-02T10:41:20.606032,4804.9,828.0,118.4,8.73,15.17,72.8,3136.8,-5.4,35.3,0.728,828.1,122.5,2.22,HIGH_VIBRATION,65.6,0.577,429.9
2026-09-02T10:41:21.606032,4789.3,826.6,118.5,8.04,14.93,71.2,3136.1,-5.4,35.1,0.712,826.9,121.9,2.2,HIGH_VIBRATION,68.0,0.578,429.8
2026-09-02T10:41:22.606032,4775.4,832.7,123.3,8.51,14.25,71.2,3129.7,-5.3,35.1,0.712,826.8,121.8,2.19,HIGH_VIBRATION,65.4,0.579,429.6
2026-09-02T10:41:23.606032,4804.8,824.4,123.7,8.71,15.13,72.0,3126.1,-5.3,35.2,0.72,827.5,122.2,2.22,HIGH_VIBRATION,67.7,0.58,429.5
2026-09-02T10:41:24.606032,4815.2,823.5,120.7,8.43,15.05,72.6,3112.8,-5.2,35.3,0.726,828.0,122.5,2.22,HIGH_VIBRATION,67.2,0.581,429.4
2026-09-02T10:41:25.606032,4796.3,830.2,124.0,8.81,15.04,71.4,3117.2,-5.3,35.1,0.714,827.0,122.0,2.21,HIGH_VIBRATION,65.4,0.582,429.2
2026-09-02T10:41:26.606032,4803.5,830.7,123.2,8.55,15.08,72.6,3103.3,-5.2,35.3,0.726,827.9,122.4,2.21,HIGH_VIBRATION,65.3,0.583,429.1
2026-09-02T10:41:27.606032,4804.7,829.8,119.4,8.53,15.31,72.3,3115.1,-5.2,35.2,0.723,827.7,122.3,2.22,HIGH_VIBRATION,67.1,0.584,429.0
2026-09-02T10:41:28.606032,4817.7,830.4,119.6,9.38,15.1,71.6,3103.4,-5.2,35.2,0.716,827.2,122.2,2.22,HIGH_VIBRATION,64.9,0.586,428.8
2026-09-02T10:41:29.606032,4773.1,821.6,124.4,8.19,14.74,72.2,3108.6,-5.2,35.2,0.722,827.4,122.2,2.19,HIGH_VIBRATION,67.3,0.587,428.7
2026-09-02T10:41:30.606032,4780.4,832.0,122.8,8.23,14.66,71.4,3111.2,-5.2,35.1,0.714,826.9,122.0,2.2,HIGH_VIBRATION,66.1,0.588,428.6
2026-09-02T10:41:31.606032,4785.2,829.0,121.3,8.63,14.89,71.6,3104.2,-5.2,35.2,0.716,827.0,122.1,2.2,HIGH_VIBRATION,66.1,0.589,428.4
2026-09-02T10:41:32.606032,4795.8,829.8,119.5,8.89,15.39,72.6,3102.3,-5.2,35.3,0.726,827.8,122.4,2.21,HIGH_VIBRATION,67.1,0.59,428.3
2026-09-02T10:41:33.606032,4790.1,825.5,121.2,8.21,15.13,71.6,3092.7,-5.1,35.2,0.716,827.0,122.1,2.21,HIGH_VIBRATION,66.9,0.591,428.2
2026-09-02T10:41:34.606032,4783.7,832.1,119.2,9.54,15.02,71.9,3101.8,-5.2,35.2,0.719,827.2,122.1,2.2,HIGH_VIBRATION,64.9,0.592,428.0
2026-09-02T10:41:35.606032,4799.6,821.9,122.6,8.07,15.13,71.9,3096.4,-5.1,35.2,0.719,827.3,122.2,2.21,HIGH_VIBRATION,65.3,0.593,427.9
2026-09-02T10:41:36.606032,4785.4,826.0,121.5,9.15,15.1,71.5,3107.3,-5.2,35.2,0.715,827.0,122.0,2.2,HIGH_VIBRATION,65.9,0.594,427.8
2026-09-02T10:41:37.606032,4808.3,825.2,119.2,8.19,15.42,71.7,3106.7,-5.2,35.2,0.717,827.2,122.2,2.22,HIGH_VIBRATION,65.0,0.596,427.6
2026-09-02T10:41:38.606032,4804.2,832.8,119.7,8.54,15.47,72.4,3099.1,-5.1,35.2,0.724,827.7,122.4,2.22,HIGH_VIBRATION,65.3,0.597,427.5
2026-09-02T10:41:39.606032,4787.7,829.3,121.5,8.89,15.24,72.4,3095.4,-5.1,35.2,0.724,827.6,122.3,2.2,HIGH_VIBRATION,65.4,0.598,427.4
2026-09-02T10:41:40.606032,4825.6,829.5,125.0,9.32,15.12,72.4,3095.5,-5.1,35.2,0.724,827.8,122.5,2.23,HIGH_VIBRATION,66.4,0.599,427.2
2026-09-02T10:41:41.606032,4788.6,827.9,122.6,7.88,14.65,71.3,3111.9,-5.2,35.1,0.713,826.8,122.0,2.2,HIGH_VIBRATION,66.9,0.6,427.1
2026-09-02T10:41:42.606032,4772.5,831.4,118.8,8.3,14.89,72.6,3100.8,-5.2,35.3,0.726,827.7,122.3,2.19,HIGH_VIBRATION,66.9,0.601,427.0
2026-09-02T10:41:43.606032,4825.2,826.1,122.1,8.97,15.52,72.5,3100.9,-5.2,35.3,0.725,827.9,122.5,2.23,HIGH_VIBRATION,66.5,0.602,426.8
2026-09-02T10:41:44.606032,4813.4,828.3,120.7,9.04,14.99,71.4,3107.7,-5.2,35.1,0.714,827.0,122.1,2.22,HIGH_VIBRATION,66.4,0.603,426.7
2026-09-02T10:41:45.606032,4780.9,826.7,118.7,8.72,14.74,71.6,3117.6,-5.3,35.2,0.716,827.0,122.0,2.2,HIGH_VIBRATION,66.1,0.604,426.6
2026-09-02T10:41:46.606032,4828.6,825.9,122.9,9.33,14.61,71.2,3114.1,-5.2,35.1,0.712,827.0,122.1,2.23,HIGH_VIBRATION,66.6,0.606,426.4
2026-09-02T10:41:47.606032,4786.4,830.2,123.5,9.29,14.72,72.7,3110.3,-5.2,35.3,0.727,827.9,122.4,2.2,HIGH_VIBRATION,65.3,0.607,426.3
2026-09-02T10:41:48.606032,4788.7,832.8,123.6,9.26,15.32,73.0,3115.2,-5.2,35.3,0.73,828.1,122.5,2.2,HIGH_VIBRATION,64.0,0.608,426.2
2026-09-02T10:41:49.606032,4807.4,832.8,118.7,8.44,15.14,72.4,3127.2,-5.3,35.2,0.724,827.8,122.4,2.22,HIGH_VIBRATION,66.1,0.609,426.0
2026-09-02T10:41:50.606032,4822.3,824.6,117.4,9.11,15.0,73.0,3128.0,-5.3,35.3,0.73,828.4,122.6,2.23,HIGH_VIBRATION,64.5,0.61,425.9
2026-09-02T10:41:51.606032,4815.1,827.7,122.5,8.43,15.34,72.0,3130.8,-5.4,35.2,0.72,827.6,122.3,2.22,HIGH_VIBRATION,65.0,0.611,425.8
2026-09-02T10:41:52.606032,4790.8,823.7,123.4,9.26,14.49,71.4,3130.8,-5.3,35.1,0.714,827.0,122.0,2.21,HIGH_VIBRATION,64.8,0.612,425.6
2026-09-02T10:41:53.606032,4808.1,832.4,123.6,8.27,15.05,72.2,3126.8,-5.3,35.2,0.722,827.7,122.3,2.22,HIGH_VIBRATION,64.6,0.613,425.5
2026-09-02T10:41:54.606032,4785.8,835.8,120.7,8.34,15.21,71.9,3137.9,-5.4,35.2,0.719,827.4,122.1,2.2,HIGH_VIBRATION,64.3,0.614,425.4
2026-09-02T10:41:55.606032,4770.9,833.0,120.3,8.47,14.63,71.4,3137.2,-5.4,35.1,0.714,826.9,121.9,2.19,HIGH_VIBRATION,64.7,0.616,425.2
2026-09-02T10:41:56.606032,4800.5,828.6,117.9,9.23,15.1,72.6,3144.6,-5.4,35.3,0.726,828.0,122.4,2.21,HIGH_VIBRATION,64.5,0.617,425.1
2026-09-02T10:41:57.606032,4813.0,834.0,121.0,8.89,14.81,71.8,3145.9,-5.4,35.2,0.718,827.5,122.2,2.22,HIGH_VIBRATION,63.4,0.618,425.0
2026-09-02T10:41:58.606032,4796.7,828.6,118.0,8.5,14.89,71.0,3152.6,-5.5,35.1,0.71,826.8,121.8,2.21,HIGH_VIBRATION,64.9,0.619,424.8
2026-09-02T10:41:59.606032,4823.1,829.8,125.0,8.14,14.75,71.8,3159.7,-5.5,35.2,0.718,827.6,122.2,2.23,HIGH_VIBRATION,65.1,0.62,424.7
2026-09-02T10:42:00.606032,4789.8,830.6,123.4,8.62,14.64,71.1,3164.0,-5.6,35.1,0.711,826.9,121.8,2.2,HIGH_VIBRATION,63.5,0.621,424.6
2026-09-02T10:42:01.606032,4800.3,828.9,119.3,9.37,15.21,71.6,3162.8,-5.6,35.2,0.716,827.3,122.0,2.21,HIGH_VIBRATION,64.4,0.622,424.4
2026-09-02T10:42:02.606032,4781.0,827.9,118.6,9.17,14.47,71.6,3172.4,-5.6,35.2,0.716,827.2,121.9,2.2,HIGH_VIBRATION,65.1,0.623,424.3
2026-09-02T10:42:03.606032,4790.4,823.8,122.0,9.33,14.93,72.1,3176.8,-5.6,35.2,0.721,827.7,122.1,2.21,HIGH_VIBRATION,62.9,0.624,424.2
2026-09-02T10:42:04.606032,4809.2,825.2,125.6,7.92,15.53,72.2,3175.9,-5.6,35.2,0.722,827.9,122.2,2.22,HIGH_VIBRATION,64.7,0.626,424.0
2026-09-02T10:42:05.606032,4781.2,819.3,120.4,8.45,15.04,72.7,3197.5,-5.8,35.3,0.727,828.2,122.2,2.2,HIGH_VIBRATION,63.6,0.627,423.9
2026-09-02T10:42:06.606032,4789.3,826.8,121.5,8.82,14.72,71.5,3200.3,-5.8,35.1,0.715,827.3,121.8,2.2,HIGH_VIBRATION,62.5,0.628,423.8
2026-09-02T10:42:07.606032,4772.4,825.3,122.0,9.55,14.8,71.9,3197.6,-5.8,35.2,0.719,827.5,121.9,2.19,HIGH_VIBRATION,62.7,0.629,423.6
2026-09-02T10:42:08.606032,4792.3,828.9,121.9,8.96,14.77,72.9,3206.8,-5.8,35.3,0.729,828.4,122.3,2.21,HIGH_VIBRATION,63.0,0.63,423.5
2026-09-02T10:42:09.606032,4789.7,826.3,120.4,8.04,14.98,72.7,3209.0,-5.9,35.3,0.727,828.2,122.2,2.2,HIGH_VIBRATION,62.8,0.631,423.4
2026-09-02T10:42:10.606032,4797.2,827.7,120.6,8.65,14.97,73.0,3219.0,-5.9,35.3,0.73,828.5,122.3,2.21,HIGH_VIBRATION,64.0,0.632,423.2
2026-09-02T10:42:11.606032,4814.3,830.5,125.6,8.89,14.73,72.2,3218.8,-5.9,35.2,0.722,828.0,122.1,2.22,HIGH_VIBRATION,64.0,0.633,423.1
2026-09-02T10:42:12.606032,4813.3,827.8,122.7,9.08,14.72,71.4,3228.2,-6.0,35.1,0.714,827.5,121.9,2.22,HIGH_VIBRATION,62.1,0.634,423.0
2026-09-02T10:42:13.606032,4814.0,823.4,123.4,9.48,15.0,72.5,3220.6,-5.9,35.2,0.725,828.3,122.2,2.22,HIGH_VIBRATION,62.8,0.636,422.8
2026-09-02T10:42:14.606032,4770.0,825.0,121.8,8.46,14.48,71.2,3229.5,-6.0,35.1,0.712,827.1,121.6,2.19,HIGH_VIBRATION,63.2,0.637,422.7
2026-09-02T10:42:15.606032,4801.4,832.3,125.9,8.85,15.12,71.4,3229.9,-6.0,35.1,0.714,827.4,121.8,2.21,HIGH_VIBRATION,62.2,0.638,422.6
2026-09-02T10:42:16.606032,4822.0,823.4,121.4,9.25,14.06,71.9,3232.5,-6.0,35.2,0.719,827.9,122.1,2.23,HIGH_VIBRATION,64.5,0.639,422.4
2026-09-02T10:42:17.606032,4812.3,828.7,122.6,8.19,15.92,72.2,3241.0,-6.1,35.2,0.722,828.1,122.1,2.22,HIGH_VIBRATION,62.7,0.64,422.3
2026-09-02T10:42:18.606032,4811.5,822.8,121.7,9.21,15.02,71.5,3243.8,-6.1,35.1,0.715,827.6,121.9,2.22,HIGH_VIBRATION,63.5,0.641,422.2
2026-09-02T10:42:19.606032,4805.8,829.7,119.6,9.21,14.81,71.1,3257.7,-6.2,35.1,0.711,827.3,121.7,2.22,HIGH_VIBRATION,63.8,0.642,422.0
2026-09-02T10:42:20.606032,4820.3,825.3,121.6,9.1,14.62,72.7,3264.3,-6.2,35.3,0.727,828.6,122.2,2.23,HIGH_VIBRATION,63.0,0.643,421.9
2026-09-02T10:42:21.606032,4779.6,830.1,124.3,8.99,14.95,71.2,3272.3,-6.3,35.1,0.712,827.3,121.6,2.2,HIGH_VIBRATION,63.4,0.644,421.8
2026-09-02T10:42:22.606032,4812.8,824.2,121.1,8.95,14.54,71.7,3268.5,-6.2,35.2,0.717,827.8,121.9,2.22,HIGH_VIBRATION,63.3,0.646,421.6
2026-09-02T10:42:23.606032,4781.0,826.5,123.1,8.87,14.34,71.6,3272.6,-6.3,35.2,0.716,827.6,121.7,2.2,HIGH_VIBRATION,63.2,0.647,421.5
2026-09-02T10:42:24.606032,4829.1,834.0,123.0,8.51,14.39,71.5,3265.2,-6.2,35.1,0.715,827.8,121.9,2.23,HIGH_VIBRATION,63.5,0.648,421.4
2026-09-02T10:42:25.606032,4806.5,829.2,123.8,9.13,14.59,72.2,3275.2,-6.3,35.2,0.722,828.2,122.0,2.22,HIGH_VIBRATION,63.2,0.649,421.2
2026-09-02T10:42:26.606032,4807.6,830.7,118.2,8.66,14.33,72.5,3287.2,-6.4,35.2,0.725,828.5,122.1,2.22,HIGH_VIBRATION,63.0,0.65,421.1
2026-09-02T10:42:27.606032,4805.2,827.6,121.1,8.3,14.23,71.7,3279.6,-6.3,35.2,0.717,827.8,121.8,2.22,HIGH_VIBRATION,62.1,0.651,421.0
2026-09-02T10:42:28.606032,4783.7,825.4,119.7,8.91,14.52,71.6,3276.8,-6.3,35.2,0.716,827.6,121.7,2.2,HIGH_VIBRATION,61.8,0.652,420.8
2026-09-02T10:42:29.606032,4811.1,825.9,121.3,8.69,14.28,71.1,3296.8,-6.4,35.1,0.711,827.5,121.6,2.22,HIGH_VIBRATION,61.1,0.653,420.7
2026-09-02T10:42:30.606032,4800.8,829.7,123.9,9.36,15.19,71.7,3293.1,-6.4,35.2,0.717,827.8,121.8,2.21,HIGH_VIBRATION,63.9,0.654,420.6
2026-09-02T10:42:31.606032,4799.5,828.6,122.6,9.24,14.48,72.7,3298.3,-6.4,35.3,0.727,828.6,122.1,2.21,HIGH_VIBRATION,61.9,0.656,420.4
2026-09-02T10:42:32.606032,4818.3,821.5,120.2,8.75,14.88,71.4,3284.7,-6.4,35.1,0.714,827.7,121.8,2.23,HIGH_VIBRATION,63.5,0.657,420.3
2026-09-02T10:42:33.606032,4783.3,825.9,120.4,8.49,14.55,71.5,3299.8,-6.4,35.1,0.715,827.6,121.6,2.2,HIGH_VIBRATION,62.3,0.658,420.2
2026-09-02T10:42:34.606032,4783.0,825.9,121.2,9.26,14.36,71.6,3302.7,-6.5,35.2,0.716,827.7,121.6,2.2,HIGH_VIBRATION,63.5,0.659,420.0
2026-09-02T10:42:35.606032,4814.0,830.7,121.5,8.31,15.0,71.3,3299.3,-6.4,35.1,0.713,827.6,121.7,2.22,HIGH_VIBRATION,61.1,0.66,419.9
2026-09-02T10:42:36.606032,4774.7,829.8,121.9,8.8,15.02,71.1,3308.5,-6.5,35.1,0.711,827.3,121.4,2.19,HIGH_VIBRATION,62.7,0.661,419.8
2026-09-02T10:42:37.606032,4783.9,828.3,123.9,8.89,14.38,71.4,3292.9,-6.4,35.1,0.714,827.5,121.6,2.2,HIGH_VIBRATION,61.3,0.662,419.6
2026-09-02T10:42:38.606032,4796.9,835.6,122.3,8.91,14.65,71.5,3299.7,-6.4,35.2,0.715,827.7,121.7,2.21,HIGH_VIBRATION,60.5,0.663,419.5
2026-09-02T10:42:39.606032,4828.4,827.2,123.8,9.38,14.81,72.6,3302.6,-6.5,35.3,0.726,828.7,122.2,2.23,HIGH_VIBRATION,62.1,0.664,419.4
2026-09-02T10:42:40.606032,4810.4,818.9,117.0,8.64,14.92,71.7,3292.0,-6.4,35.2,0.717,827.9,121.8,2.22,HIGH_VIBRATION,62.3,0.666,419.2
2026-09-02T10:42:41.606032,4800.0,897.8,179.8,2.23,14.91,71.5,3298.4,-6.4,35.1,0.715,827.7,121.7,2.21,OVERHEATING,60.5,0.667,419.1
2026-09-02T10:42:42.606032,4811.5,911.9,172.7,2.01,15.07,72.2,3308.5,-6.5,35.2,0.722,828.3,121.9,2.22,OVERHEATING,62.2,0.668,418.9
2026-09-02T10:42:43.606032,4792.3,908.4,172.4,2.25,14.9,71.7,3306.0,-6.5,35.2,0.717,827.8,121.7,2.21,OVERHEATING,63.0,0.669,418.8
2026-09-02T10:42:44.606032,4773.1,897.4,172.0,2.19,14.88,72.5,3300.4,-6.5,35.2,0.725,828.3,121.9,2.19,OVERHEATING,62.9,0.67,418.7
2026-09-02T10:42:45.606032,4810.9,907.8,176.1,2.06,15.28,72.0,3300.6,-6.5,35.2,0.72,828.2,121.9,2.22,OVERHEATING,62.7,0.671,418.5
2026-09-02T10:42:46.606032,4803.5,907.9,175.0,2.12,14.9,73.0,3295.4,-6.4,35.3,0.73,828.8,122.2,2.21,OVERHEATING,60.5,0.672,418.4
2026-09-02T10:42:47.606032,4778.9,906.7,178.5,2.12,14.52,72.9,3293.1,-6.4,35.3,0.729,828.6,122.1,2.2,OVERHEATING,61.6,0.673,418.3
2026-09-02T10:42:48.606032,4788.3,903.3,185.2,2.18,14.48,72.4,3280.9,-6.3,35.2,0.724,828.3,122.0,2.2,OVERHEATING,60.7,0.674,418.1
2026-09-02T10:42:49.606032,4772.6,905.9,181.1,2.16,15.04,72.8,3296.7,-6.4,35.3,0.728,828.5,122.0,2.19,OVERHEATING,60.7,0.676,418.0
2026-09-02T10:42:50.606032,4810.1,898.8,175.1,2.27,14.98,71.7,3282.1,-6.3,35.2,0.717,827.9,121.8,2.22,OVERHEATING,62.5,0.677,417.9
2026-09-02T10:42:51.606032,4807.1,903.2,174.8,2.3,14.32,71.7,3283.8,-6.3,35.2,0.717,827.9,121.8,2.22,OVERHEATING,60.8,0.678,417.7
2026-09-02T10:42:52.606032,4828.7,907.3,183.3,2.27,14.58,71.2,3272.4,-6.3,35.1,0.712,827.6,121.8,2.23,OVERHEATING,60.5,0.679,417.6
2026-09-02T10:42:53.606032,4816.5,906.2,179.8,2.13,14.22,71.9,3270.4,-6.3,35.2,0.719,828.0,122.0,2.22,OVERHEATING,59.7,0.68,417.5
2026-09-02T10:42:54.606032,4785.4,905.9,177.5,2.14,14.58,71.7,3278.8,-6.3,35.2,0.717,827.7,121.7,2.2,OVERHEATING,60.1,0.681,417.3
2026-09-02T10:42:55.606032,4822.6,898.3,171.7,2.1,14.5,71.2,3263.3,-6.2,35.1,0.712,827.5,121.8,2.23,OVERHEATING,60.6,0.682,417.2
2026-09-02T10:42:56.606032,4773.8,900.1,179.9,1.96,14.98,72.5,3272.1,-6.3,35.2,0.725,828.2,122.0,2.19,OVERHEATING,60.1,0.683,417.1
2026-09-02T10:42:57.606032,4808.0,907.8,175.8,2.22,14.91,71.6,3265.1,-6.2,35.2,0.716,827.7,121.8,2.22,OVERHEATING,61.9,0.684,416.9
2026-09-02T10:42:58.606032,4829.9,898.5,176.8,2.08,15.15,72.7,3256.2,-6.2,35.3,0.727,828.6,122.3,2.23,OVERHEATING,59.9,0.686,416.8
2026-09-02T10:42:59.606032,4773.4,904.1,178.9,2.4,14.96,71.9,3247.5,-6.1,35.2,0.719,827.7,121.8,2.19,OVERHEATING,61.8,0.687,416.7
2026-09-02T10:43:00.606032,4796.2,906.6,175.8,2.25,14.82,72.0,3251.6,-6.1,35.2,0.72,827.9,121.9,2.21,OVERHEATING,61.0,0.688,416.5
2026-09-02T10:43:01.606032,4770.8,905.6,175.1,2.04,14.85,72.1,3237.7,-6.0,35.2,0.721,827.8,121.9,2.19,OVERHEATING,62.0,0.689,416.4
2026-09-02T10:43:02.606032,4773.3,902.7,176.9,2.18,15.09,72.7,3230.6,-6.0,35.3,0.727,828.2,122.1,2.19,OVERHEATING,61.7,0.69,416.3
2026-09-02T10:43:03.606032,4807.6,895.5,172.2,2.29,15.24,72.5,3227.1,-6.0,35.2,0.725,828.3,122.2,2.22,OVERHEATING,60.9,0.691,416.1
2026-09-02T10:43:04.606032,4784.9,912.0,177.5,2.36,14.44,71.1,3232.6,-6.0,35.1,0.711,827.1,121.6,2.2,OVERHEATING,59.4,0.692,416.0
2026-09-02T10:43:05.606032,4796.8,895.4,177.8,2.12,14.86,71.6,3225.5,-6.0,35.2,0.716,827.5,121.9,2.21,OVERHEATING,61.5,0.693,415.9
2026-09-02T10:43:06.606032,4809.7,900.8,173.0,2.28,15.63,72.9,3229.5,-6.0,35.3,0.729,828.6,122.3,2.22,OVERHEATING,60.4,0.694,415.7
2026-09-02T10:43:07.606032,4779.3,900.0,172.3,2.23,14.85,72.3,3221.1,-5.9,35.2,0.723,827.9,122.0,2.2,OVERHEATING,60.7,0.696,415.6
2026-09-02T10:43:08.606032,4806.0,902.8,173.6,2.31,14.62,72.1,3210.2,-5.9,35.2,0.721,827.9,122.1,2.22,OVERHEATING,60.9,0.697,415.5
2026-09-02T10:43:09.606032,4773.9,908.9,172.9,2.23,14.91,73.0,3211.5,-5.9,35.3,0.73,828.4,122.2,2.19,OVERHEATING,61.5,0.698,415.3
2026-09-02T10:43:10.606032,4817.1,903.8,176.1,2.25,14.86,72.5,3192.9,-5.8,35.3,0.725,828.2,122.3,2.22,OVERHEATING,61.1,0.699,415.2
2026-09-02T10:43:11.606032,4802.8,895.0,174.5,2.17,14.43,71.6,3205.3,-5.8,35.2,0.716,827.5,121.9,2.21,OVERHEATING,61.4,0.7,415.1
2026-09-02T10:43:12.606032,4815.4,909.9,182.2,2.25,15.32,72.1,3198.6,-5.8,35.2,0.721,827.9,122.2,2.22,OVERHEATING,61.4,0.701,414.9
2026-09-02T10:43:13.606032,4770.7,900.2,175.0,2.32,14.97,71.1,3187.0,-5.7,35.1,0.711,826.8,121.7,2.19,OVERHEATING,60.6,0.702,414.8
2026-09-02T10:43:14.606032,4772.6,908.7,173.2,2.3,15.02,71.3,3182.8,-5.7,35.1,0.713,827.0,121.7,2.19,OVERHEATING,61.3,0.703,414.7
2026-09-02T10:43:15.606032,4815.7,908.1,176.5,2.32,14.89,73.0,3177.9,-5.7,35.3,0.73,828.5,122.5,2.22,OVERHEATING,58.6,0.704,414.5
2026-09-02T10:43:16.606032,4778.4,903.8,179.4,2.25,14.75,72.7,3168.8,-5.6,35.3,0.727,828.0,122.2,2.2,OVERHEATING,58.6,0.706,414.4
2026-09-02T10:43:17.606032,4788.8,902.7,176.6,2.24,15.13,72.9,3171.6,-5.6,35.3,0.729,828.3,122.3,2.2,OVERHEATING,58.4,0.707,414.3
2026-09-02T10:43:18.606032,4803.4,896.3,172.1,2.18,15.2,72.3,3153.1,-5.5,35.2,0.723,827.8,122.3,2.21,OVERHEATING,60.3,0.708,414.1
2026-09-02T10:43:19.606032,4824.7,901.2,172.8,2.38,15.36,72.6,3152.9,-5.5,35.3,0.726,828.2,122.4,2.23,OVERHEATING,58.4,0.709,414.0
2026-09-02T10:43:20.606032,4816.5,909.0,180.3,2.34,14.62,72.7,3161.4,-5.5,35.3,0.727,828.2,122.4,2.22,OVERHEATING,59.5,0.71,413.9
2026-09-02T10:43:21.606032,4789.9,903.8,178.9,2.23,15.32,72.4,3154.8,-5.5,35.2,0.724,827.8,122.2,2.21,OVERHEATING,58.0,0.711,413.7
2026-09-02T10:43:22.606032,4814.8,906.6,177.1,2.19,15.05,71.4,3151.0,-5.5,35.1,0.714,827.2,122.0,2.22,OVERHEATING,58.6,0.712,413.6
2026-09-02T10:43:23.606032,4826.0,905.6,179.4,2.17,15.04,72.1,3144.3,-5.4,35.2,0.721,827.8,122.3,2.23,OVERHEATING,60.2,0.713,413.5
2026-09-02T10:43:24.606032,4829.5,901.4,175.0,2.36,14.64,72.7,3135.5,-5.4,35.3,0.727,828.2,122.5,2.23,OVERHEATING,59.7,0.714,413.3
2026-09-02T10:43:25.606032,4822.1,894.8,179.3,2.18,14.58,72.0,3123.7,-5.3,35.2,0.72,827.6,122.3,2.23,OVERHEATING,57.7,0.716,413.2
2026-09-02T10:43:26.606032,4770.6,900.4,181.0,2.15,14.72,72.5,3135.3,-5.4,35.3,0.725,827.7,122.2,2.19,OVERHEATING,59.3,0.717,413.1
2026-09-02T10:43:27.606032,4809.9,893.1,178.1,2.31,14.57,71.2,3126.7,-5.3,35.1,0.712,826.9,122.0,2.22,OVERHEATING,59.9,0.718,412.9
2026-09-02T10:43:28.606032,4814.4,899.4,174.5,2.13,14.83,71.4,3126.3,-5.3,35.1,0.714,827.1,122.1,2.22,OVERHEATING,59.0,0.719,412.8
2026-09-02T10:43:29.606032,4826.2,906.3,174.0,2.18,14.7,72.0,3121.4,-5.3,35.2,0.72,827.6,122.3,2.23,OVERHEATING,57.9,0.72,412.7
2026-09-02T10:43:30.606032,4821.2,900.3,184.3,2.12,14.96,72.0,3111.3,-5.2,35.2,0.72,827.6,122.3,2.23,OVERHEATING,59.2,0.721,412.5
2026-09-02T10:43:31.606032,4806.2,907.1,177.4,2.09,15.01,71.9,3110.0,-5.2,35.2,0.719,827.4,122.2,2.22,OVERHEATING,59.0,0.722,412.4
2026-09-02T10:43:32.606032,4806.9,902.9,174.4,2.13,14.88,71.7,3105.6,-5.2,35.2,0.717,827.2,122.2,2.22,OVERHEATING,59.9,0.723,412.3
2026-09-02T10:43:33.606032,4782.7,905.7,176.3,1.96,15.47,72.5,3104.8,-5.2,35.3,0.725,827.7,122.3,2.2,OVERHEATING,59.9,0.724,412.1
2026-09-02T10:43:34.606032,4771.5,904.6,172.4,2.17,13.95,71.0,3110.7,-5.2,35.1,0.71,826.5,121.8,2.19,OVERHEATING,58.4,0.726,412.0
2026-09-02T10:43:35.606032,4829.0,901.7,182.0,2.16,14.94,72.2,3111.7,-5.2,35.2,0.722,827.7,122.4,2.23,OVERHEATING,57.8,0.727,411.9
2026-09-02T10:43:36.606032,4781.4,907.7,174.7,2.14,14.78,71.5,3094.0,-5.1,35.1,0.715,826.9,122.0,2.2,OVERHEATING,58.7,0.728,411.7
2026-09-02T10:43:37.606032,4820.2,900.1,174.9,2.12,15.47,71.6,3108.7,-5.2,35.2,0.716,827.2,122.2,2.23,OVERHEATING,59.0,0.729,411.6
2026-09-02T10:43:38.606032,4826.1,906.7,177.0,2.21,14.71,72.6,3107.1,-5.2,35.3,0.726,828.0,122.5,2.23,OVERHEATING,58.6,0.73,411.5
2026-09-02T10:43:39.606032,4792.1,907.6,175.6,2.43,14.96,72.4,3096.1,-5.1,35.2,0.724,827.6,122.4,2.21,OVERHEATING,57.1,0.731,411.3
2026-09-02T10:43:40.606032,4776.4,907.3,181.6,2.09,15.38,71.9,3102.2,-5.2,35.2,0.719,827.2,122.1,2.2,OVERHEATING,57.4,0.732,411.2
2026-09-02T10:43:41.606032,4804.3,891.8,177.3,2.12,14.75,72.6,3105.7,-5.2,35.3,0.726,827.9,122.4,2.22,OVERHEATING,56.8,0.733,411.1
2026-09-02T10:43:42.606032,4813.1,906.8,179.9,2.36,15.21,72.0,3090.9,-5.1,35.2,0.72,827.4,122.3,2.22,OVERHEATING,57.3,0.734,410.9
2026-09-02T10:43:43.606032,4798.1,904.8,176.1,2.07,14.85,71.9,3092.3,-5.1,35.2,0.719,827.3,122.2,2.21,OVERHEATING,57.8,0.736,410.8
2026-09-02T10:43:44.606032,4829.3,898.6,172.3,2.26,15.26,72.0,3095.6,-5.1,35.2,0.72,827.5,122.4,2.23,OVERHEATING,58.4,0.737,410.7
2026-09-02T10:43:45.606032,4789.3,893.5,177.7,2.11,15.18,72.7,3105.3,-5.2,35.3,0.727,827.9,122.4,2.2,OVERHEATING,59.1,0.738,410.5
2026-09-02T10:43:46.606032,4796.3,898.7,181.7,2.34,15.44,72.2,3099.7,-5.1,35.2,0.722,827.5,122.3,2.21,OVERHEATING,57.8,0.739,410.4
2026-09-02T10:43:47.606032,4805.9,902.4,178.7,2.34,15.43,72.5,3112.1,-5.2,35.2,0.725,827.8,122.4,2.22,OVERHEATING,59.1,0.74,410.3
2026-09-02T10:43:48.606032,4777.6,905.0,173.6,2.29,15.16,71.9,3097.6,-5.1,35.2,0.719,827.2,122.1,2.2,OVERHEATING,57.9,0.741,410.1
2026-09-02T10:43:49.606032,4804.2,908.2,174.7,2.16,14.59,71.2,3101.0,-5.2,35.1,0.712,826.8,122.0,2.22,OVERHEATING,58.8,0.742,410.0
2026-09-02T10:43:50.606032,4804.0,908.6,176.1,2.17,14.98,72.5,3099.2,-5.1,35.2,0.725,827.8,122.4,2.22,OVERHEATING,57.6,0.743,409.9
2026-09-02T10:43:51.606032,4787.5,901.8,180.7,2.36,15.29,72.1,3105.9,-5.2,35.2,0.721,827.4,122.2,2.2,OVERHEATING,57.8,0.744,409.7
2026-09-02T10:43:52.606032,4804.5,907.7,174.4,2.18,15.52,71.7,3123.4,-5.3,35.2,0.717,827.3,122.1,2.22,OVERHEATING,57.1,0.746,409.6
2026-09-02T10:43:53.606032,4824.1,913.6,180.0,2.23,15.35,72.9,3112.8,-5.2,35.3,0.729,828.2,122.6,2.23,OVERHEATING,56.4,0.747,409.5
2026-09-02T10:43:54.606032,4775.3,898.1,180.1,2.21,15.43,71.4,3116.9,-5.3,35.1,0.714,826.9,121.9,2.19,OVERHEATING,57.8,0.748,409.3
2026-09-02T10:43:55.606032,4818.3,901.1,180.0,2.3,15.19,71.7,3128.6,-5.3,35.2,0.717,827.4,122.2,2.23,OVERHEATING,55.9,0.749,409.2
2026-09-02T10:43:56.606032,4787.1,898.7,173.6,2.31,15.02,72.1,3133.4,-5.4,35.2,0.721,827.5,122.2,2.2,OVERHEATING,58.6,0.75,409.1
2026-09-02T10:43:57.606032,4818.6,904.1,177.9,2.14,14.43,71.2,3123.5,-5.3,35.1,0.712,827.0,122.0,2.23,OVERHEATING,56.9,0.751,408.9
2026-09-02T10:43:58.606032,4778.2,913.6,180.4,2.23,15.04,71.3,3133.6,-5.4,35.1,0.713,826.9,121.9,2.2,OVERHEATING,57.2,0.752,408.8
2026-09-02T10:43:59.606032,4784.5,906.0,175.9,2.33,15.32,72.3,3138.3,-5.4,35.2,0.723,827.7,122.2,2.2,OVERHEATING,55.8,0.753,408.7
2026-09-02T10:44:00.606032,4786.8,902.4,177.8,2.26,14.38,71.5,3130.8,-5.4,35.1,0.715,827.0,122.0,2.2,OVERHEATING,58.2,0.754,408.5
2026-09-02T10:44:01.606032,4828.6,898.4,179.1,2.18,14.97,71.2,3134.1,-5.4,35.1,0.712,827.1,122.1,2.23,OVERHEATING,57.0,0.756,408.4
2026-09-02T10:44:02.606032,4778.2,901.6,180.8,2.21,14.81,71.9,3138.9,-5.4,35.2,0.719,827.3,122.0,2.2,OVERHEATING,57.2,0.757,408.3
2026-09-02T10:44:03.606032,4778.5,896.9,182.4,2.09,14.28,71.3,3144.1,-5.4,35.1,0.713,826.9,121.9,2.2,OVERHEATING,57.0,0.758,408.1
2026-09-02T10:44:04.606032,4799.6,914.0,177.6,2.18,14.5,72.6,3160.5,-5.5,35.3,0.726,828.0,122.3,2.21,OVERHEATING,57.6,0.759,408.0
2026-09-02T10:44:05.606032,4789.2,915.1,178.4,2.35,15.02,72.8,3153.4,-5.5,35.3,0.728,828.1,122.4,2.2,OVERHEATING,55.5,0.76,407.9
2026-09-02T10:44:06.606032,4779.3,902.7,178.7,2.11,14.65,72.3,3164.9,-5.6,35.2,0.723,827.7,122.1,2.2,OVERHEATING,55.3,0.761,407.7
2026-09-02T10:44:07.606032,4794.4,898.7,180.7,2.34,14.56,71.3,3176.3,-5.6,35.1,0.713,827.1,121.9,2.21,OVERHEATING,55.1,0.762,407.6
2026-09-02T10:44:08.606032,4792.5,912.2,177.2,2.21,15.17,71.7,3167.0,-5.6,35.2,0.717,827.4,122.0,2.21,OVERHEATING,55.0,0.763,407.5
2026-09-02T10:44:09.606032,4782.3,899.5,173.1,2.05,14.6,71.4,3177.1,-5.7,35.1,0.714,827.1,121.8,2.2,OVERHEATING,55.6,0.764,407.3
2026-09-02T10:44:10.606032,4795.2,901.3,179.9,2.31,15.18,71.9,3188.9,-5.7,35.2,0.719,827.6,122.0,2.21,OVERHEATING,57.0,0.766,407.2
2026-09-02T10:44:11.606032,4780.7,910.5,174.0,2.22,15.01,71.0,3193.6,-5.8,35.1,0.71,826.9,121.7,2.2,OVERHEATING,56.4,0.767,407.1
2026-09-02T10:44:12.606032,4794.0,898.3,180.2,2.16,14.58,71.4,3187.1,-5.7,35.1,0.714,827.2,121.9,2.21,OVERHEATING,55.3,0.768,406.9
2026-09-02T10:44:13.606032,4822.8,897.5,176.3,2.24,14.28,71.3,3208.7,-5.9,35.1,0.713,827.4,121.9,2.23,OVERHEATING,55.9,0.769,406.8
2026-09-02T10:44:14.606032,4816.4,906.8,174.7,2.3,15.07,72.1,3207.6,-5.8,35.2,0.721,827.9,122.1,2.22,OVERHEATING,57.6,0.77,406.7
2026-09-02T10:44:15.606032,4795.0,908.9,174.1,2.22,14.66,72.3,3219.5,-5.9,35.2,0.723,828.0,122.1,2.21,OVERHEATING,55.1,0.771,406.5
2026-09-02T10:44:16.606032,4806.3,908.6,173.0,2.44,15.43,72.2,3212.5,-5.9,35.2,0.722,828.0,122.1,2.22,OVERHEATING,57.2,0.772,406.4
2026-09-02T10:44:17.606032,4799.1,897.0,182.2,2.17,15.07,71.3,3213.6,-5.9,35.1,0.713,827.3,121.8,2.21,OVERHEATING,54.9,0.773,406.3
2026-09-02T10:44:18.606032,4794.8,899.7,174.4,2.04,15.08,71.4,3220.4,-5.9,35.1,0.714,827.3,121.8,2.21,OVERHEATING,55.4,0.774,406.1
2026-09-02T10:44:19.606032,4781.8,901.5,177.9,2.3,14.9,72.1,3236.2,-6.0,35.2,0.721,827.8,121.9,2.2,OVERHEATING,55.4,0.776,406.0
2026-09-02T10:44:20.606032,4779.5,907.1,169.2,2.16,15.36,72.2,3238.2,-6.0,35.2,0.722,827.9,122.0,2.2,OVERHEATING,56.0,0.777,405.9
2026-09-02T10:44:21.606032,4778.0,899.0,177.1,2.13,14.78,72.4,3240.1,-6.1,35.2,0.724,828.1,122.0,2.2,OVERHEATING,54.8,0.778,405.7
2026-09-02T10:44:22.606032,4781.0,915.5,173.1,2.03,14.88,72.6,3243.0,-6.1,35.3,0.726,828.2,122.1,2.2,OVERHEATING,55.3,0.779,405.6
2026-09-02T10:44:23.606032,4781.9,898.5,175.9,2.09,14.89,72.6,3246.1,-6.1,35.3,0.726,828.3,122.1,2.2,OVERHEATING,55.7,0.78,405.5
2026-09-02T10:44:24.606032,4809.3,900.3,177.5,2.26,14.34,71.9,3253.6,-6.1,35.2,0.719,827.9,122.0,2.22,OVERHEATING,54.4,0.781,405.3
2026-09-02T10:44:25.606032,4788.8,905.5,178.2,2.13,14.89,72.7,3250.4,-6.1,35.3,0.727,828.4,122.1,2.2,OVERHEATING,55.5,0.782,405.2
2026-09-02T10:44:26.606032,4790.7,898.9,179.3,2.17,15.05,71.3,3254.3,-6.2,35.1,0.713,827.4,121.7,2.21,OVERHEATING,54.0,0.783,405.1
2026-09-02T10:44:27.606032,4784.6,903.9,178.2,2.1,14.87,72.5,3258.1,-6.2,35.3,0.725,828.2,122.0,2.2,OVERHEATING,54.8,0.784,404.9
2026-09-02T10:44:28.606032,4806.3,903.2,178.5,2.31,14.49,71.1,3273.9,-6.3,35.1,0.711,827.4,121.6,2.22,OVERHEATING,54.8,0.786,404.8
2026-09-02T10:44:29.606032,4814.7,904.0,175.8,2.21,14.46,71.9,3272.5,-6.3,35.2,0.719,828.0,121.9,2.22,OVERHEATING,55.4,0.787,404.7
2026-09-02T10:44:30.606032,4788.0,901.5,171.3,2.33,14.91,71.4,3270.5,-6.3,35.1,0.714,827.5,121.7,2.2,OVERHEATING,54.3,0.788,404.5
2026-09-02T10:44:31.606032,4774.8,903.8,174.1,2.24,15.09,72.6,3273.5,-6.3,35.3,0.726,828.3,122.0,2.19,OVERHEATING,56.4,0.789,404.4
2026-09-02T10:44:32.606032,4802.9,903.2,176.9,2.42,15.05,72.5,3285.5,-6.4,35.3,0.725,828.4,122.1,2.21,OVERHEATING,54.0,0.79,404.3
2026-09-02T10:44:33.606032,4815.1,897.3,178.1,2.2,14.27,72.6,3285.7,-6.4,35.3,0.726,828.6,122.1,2.22,OVERHEATING,55.2,0.791,404.1
2026-09-02T10:44:34.606032,4824.9,904.7,174.8,2.2,14.69,72.9,3279.9,-6.3,35.3,0.729,828.8,122.3,2.23,OVERHEATING,55.8,0.792,404.0
2026-09-02T10:44:35.606032,4815.2,906.9,177.7,2.15,14.74,71.2,3283.4,-6.3,35.1,0.712,827.5,121.7,2.22,OVERHEATING,55.2,0.793,403.9
2026-09-02T10:44:36.606032,4777.4,903.6,178.8,2.34,14.05,72.1,3300.5,-6.5,35.2,0.721,828.0,121.8,2.2,OVERHEATING,54.2,0.794,403.7
2026-09-02T10:44:37.606032,4787.2,910.8,179.5,2.08,15.13,72.3,3300.2,-6.5,35.2,0.723,828.2,121.9,2.2,OVERHEATING,56.1,0.796,403.6
2026-09-02T10:44:38.606032,4807.5,908.7,174.2,2.23,14.55,72.5,3302.4,-6.5,35.3,0.725,828.5,122.0,2.22,OVERHEATING,54.6,0.797,403.5
2026-09-02T10:44:39.606032,4818.2,900.7,171.4,2.18,14.9,71.4,3306.1,-6.5,35.1,0.714,827.8,121.7,2.23,OVERHEATING,55.0,0.798,403.3
2026-09-02T10:44:40.606032,4780.5,902.4,171.5,2.33,14.99,72.0,3290.5,-6.4,35.2,0.72,828.0,121.8,2.2,OVERHEATING,54.6,0.799,403.2
2026-09-02T10:44:41.606032,4790.4,902.2,176.5,2.3,14.57,71.1,3289.7,-6.4,35.1,0.711,827.3,121.5,2.21,OVERHEATING,53.6,0.8,403.1
2026-09-02T10:44:42.606032,4797.3,900.5,176.1,2.16,14.63,72.0,3308.8,-6.5,35.2,0.72,828.1,121.8,2.21,OVERHEATING,54.6,0.801,402.9
2026-09-02T10:44:43.606032,4783.2,910.0,177.0,2.32,14.27,71.2,3291.9,-6.4,35.1,0.712,827.4,121.5,2.2,OVERHEATING,54.2,0.802,402.8
2026-09-02T10:44:44.606032,4826.8,912.5,173.4,2.14,14.67,71.1,3299.4,-6.4,35.1,0.711,827.6,121.7,2.23,OVERHEATING,53.9,0.803,402.6
2026-09-02T10:44:45.606032,4788.3,904.1,176.4,2.18,14.39,72.8,3309.8,-6.5,35.3,0.728,828.7,122.0,2.2,OVERHEATING,55.4,0.804,402.5
2026-09-02T10:44:46.606032,4799.7,897.7,179.2,2.37,14.78,71.6,3304.0,-6.5,35.2,0.716,827.8,121.7,2.21,OVERHEATING,53.7,0.806,402.4
2026-09-02T10:44:47.606032,4798.4,905.4,174.0,2.14,15.1,72.6,3297.2,-6.4,35.3,0.726,828.5,122.0,2.21,OVERHEATING,53.5,0.807,402.2
2026-09-02T10:44:48.606032,4792.8,898.8,174.8,2.11,14.61,72.5,3304.7,-6.5,35.2,0.725,828.4,122.0,2.21,OVERHEATING,53.4,0.808,402.1
2026-09-02T10:44:49.606032,4793.8,899.6,177.6,2.09,14.94,72.3,3301.4,-6.5,35.2,0.723,828.3,121.9,2.21,OVERHEATING,53.6,0.809,402.0
2026-09-02T10:44:50.606032,4785.8,899.8,182.0,2.15,14.41,71.7,3294.6,-6.4,35.2,0.717,827.8,121.7,2.2,OVERHEATING,53.6,0.81,401.8
2026-09-02T10:44:51.606032,4770.0,902.9,173.4,2.07,15.27,71.6,3287.3,-6.4,35.2,0.716,827.6,121.6,2.19,OVERHEATING,53.2,0.811,401.7
2026-09-02T10:44:52.606032,4791.0,903.3,171.7,2.13,14.91,71.3,3301.4,-6.5,35.1,0.713,827.5,121.6,2.21,OVERHEATING,53.1,0.812,401.6
2026-09-02T10:44:53.606032,4776.8,898.6,182.5,2.16,15.08,72.6,3286.1,-6.4,35.3,0.726,828.4,122.0,2.2,OVERHEATING,54.9,0.813,401.4
2026-09-02T10:44:54.606032,4828.3,897.4,174.9,2.32,14.91,72.4,3281.4,-6.3,35.2,0.724,828.5,122.1,2.23,OVERHEATING,53.9,0.814,401.3
2026-09-02T10:44:55.606032,4802.1,906.8,184.4,2.15,14.72,72.4,3288.5,-6.4,35.2,0.724,828.4,122.0,2.21,OVERHEATING,54.7,0.816,401.2
2026-09-02T10:44:56.606032,4787.8,901.9,178.1,2.22,14.67,71.7,3285.7,-6.4,35.2,0.717,827.7,121.7,2.2,OVERHEATING,54.9,0.817,401.0
2026-09-02T10:44:57.606032,4818.0,900.3,172.5,2.35,14.53,72.9,3273.8,-6.3,35.3,0.729,828.8,122.3,2.23,OVERHEATING,52.8,0.818,400.9
2026-09-02T10:44:58.606032,4771.6,900.8,181.9,2.18,14.2,71.2,3267.8,-6.2,35.1,0.712,827.2,121.5,2.19,OVERHEATING,52.6,0.819,400.8
2026-09-02T10:44:59.606032,4772.7,911.0,178.2,2.14,14.3,71.5,3271.6,-6.3,35.1,0.715,827.5,121.6,2.19,OVERHEATING,53.1,0.82,400.6
2026-09-02T10:45:00.606032,4792.4,895.2,177.7,2.31,15.65,72.2,3280.2,-6.3,35.2,0.722,828.1,121.9,2.21,OVERHEATING,52.5,0.821,400.5
2026-09-02T10:45:01.606032,4828.2,904.6,172.1,2.35,14.77,71.9,3262.4,-6.2,35.2,0.719,828.0,122.0,2.23,OVERHEATING,51.9,0.822,400.4
2026-09-02T10:45:02.606032,4807.2,899.0,168.4,2.22,14.44,72.9,3262.7,-6.2,35.3,0.729,828.7,122.2,2.22,OVERHEATING,54.4,0.823,400.2
2026-09-02T10:45:03.606032,4787.5,902.6,173.4,2.17,15.1,72.8,3263.4,-6.2,35.3,0.728,828.5,122.1,2.2,OVERHEATING,52.8,0.824,400.1
2026-09-02T10:45:04.606032,4801.1,909.0,176.9,2.12,15.1,72.9,3265.3,-6.2,35.3,0.729,828.6,122.2,2.21,OVERHEATING,52.9,0.826,400.0
2026-09-02T10:45:05.606032,4814.2,897.9,176.1,2.13,14.62,71.9,3241.9,-6.1,35.2,0.719,827.9,122.0,2.22,OVERHEATING,53.4,0.827,399.8
2026-09-02T10:45:06.606032,4777.6,906.1,175.6,2.16,14.42,71.6,3254.7,-6.2,35.2,0.716,827.5,121.7,2.2,OVERHEATING,53.5,0.828,399.7
2026-09-02T10:45:07.606032,4828.8,915.9,173.1,2.33,15.5,72.7,3249.2,-6.1,35.3,0.727,828.6,122.3,2.23,OVERHEATING,52.6,0.829,399.6
2026-09-02T10:45:08.606032,4824.8,908.9,179.2,2.23,14.26,71.8,3232.0,-6.0,35.2,0.718,827.8,122.0,2.23,OVERHEATING,53.0,0.83,399.4
2026-09-02T10:45:09.606032,4781.4,906.6,180.0,2.17,14.58,71.2,3232.5,-6.0,35.1,0.712,827.1,121.7,2.2,OVERHEATING,52.5,0.831,399.3
2026-09-02T10:45:10.606032,4814.3,909.7,178.4,2.17,14.86,72.6,3220.8,-5.9,35.3,0.726,828.3,122.3,2.22,OVERHEATING,53.9,0.832,399.2
2026-09-02T10:45:11.606032,4773.9,828.4,122.3,8.71,15.07,72.1,3221.3,-5.9,35.2,0.721,827.7,121.9,2.19,HIGH_VIBRATION,52.7,0.833,399.0
2026-09-02T10:45:12.606032,4823.1,830.1,122.1,9.35,15.02,72.5,3214.8,-5.9,35.3,0.725,828.3,122.3,2.23,HIGH_VIBRATION,53.0,0.834,398.9
2026-09-02T10:45:13.606032,4791.5,831.5,123.3,8.33,14.66,71.8,3211.6,-5.9,35.2,0.718,827.6,121.9,2.21,HIGH_VIBRATION,53.2,0.836,398.8
2026-09-02T10:45:14.606032,4802.1,821.1,120.4,8.92,14.65,73.0,3209.7,-5.9,35.3,0.73,828.5,122.4,2.21,HIGH_VIBRATION,51.1,0.837,398.6
2026-09-02T10:45:15.606032,4824.8,822.3,123.2,9.2,14.63,72.8,3201.5,-5.8,35.3,0.728,828.5,122.4,2.23,HIGH_VIBRATION,51.9,0.838,398.5
2026-09-02T10:45:16.606032,4789.8,828.0,121.9,9.01,14.55,72.4,3191.7,-5.7,35.2,0.724,828.0,122.2,2.2,HIGH_VIBRATION,51.4,0.839,398.4
2026-09-02T10:45:17.606032,4786.4,831.4,123.5,9.21,14.42,71.0,3199.4,-5.8,35.1,0.71,826.9,121.7,2.2,HIGH_VIBRATION,53.8,0.84,398.2
2026-09-02T10:45:18.606032,4822.1,833.8,120.4,9.0,14.59,72.3,3197.9,-5.8,35.2,0.723,828.1,122.2,2.23,HIGH_VIBRATION,53.6,0.841,398.1
2026-09-02T10:45:19.606032,4827.7,832.5,122.9,9.47,14.89,72.8,3180.8,-5.7,35.3,0.728,828.4,122.5,2.23,HIGH_VIBRATION,51.1,0.842,398.0
2026-09-02T10:45:20.606032,4805.8,830.6,123.2,8.72,14.86,72.6,3186.1,-5.7,35.3,0.726,828.2,122.3,2.22,HIGH_VIBRATION,51.4,0.843,397.8
2026-09-02T10:45:21.606032,4825.2,828.3,122.3,8.23,14.85,72.0,3175.9,-5.6,35.2,0.72,827.8,122.2,2.23,HIGH_VIBRATION,52.4,0.844,397.7
2026-09-02T10:45:22.606032,4818.4,827.6,122.4,8.24,14.56,71.0,3165.1,-5.6,35.1,0.71,827.0,121.9,2.23,HIGH_VIBRATION,52.2,0.846,397.6
2026-09-02T10:45:23.606032,4815.0,826.9,121.8,8.99,15.02,71.7,3158.8,-5.5,35.2,0.717,827.5,122.1,2.22,HIGH_VIBRATION,52.0,0.847,397.4
2026-09-02T10:45:24.606032,4785.6,829.6,119.2,8.34,14.63,71.8,3160.9,-5.5,35.2,0.718,827.4,122.0,2.2,HIGH_VIBRATION,52.3,0.848,397.3
2026-09-02T10:45:25.606032,4780.8,830.8,125.6,8.99,15.3,71.7,3146.9,-5.5,35.2,0.717,827.2,122.0,2.2,HIGH_VIBRATION,51.0,0.849,397.2
2026-09-02T10:45:26.606032,4777.2,829.9,120.8,8.8,14.73,72.7,3145.6,-5.4,35.3,0.727,827.9,122.3,2.2,HIGH_VIBRATION,51.3,0.85,397.0
2026-09-02T10:45:27.606032,4824.0,834.1,121.8,9.3,14.69,72.0,3153.3,-5.5,35.2,0.72,827.7,122.2,2.23,HIGH_VIBRATION,50.5,0.851,396.9
2026-09-02T10:45:28.606032,4825.0,828.1,122.1,8.08,14.72,72.9,3149.9,-5.5,35.3,0.729,828.4,122.5,2.23,HIGH_VIBRATION,53.1,0.852,396.8
2026-09-02T10:45:29.606032,4800.6,826.6,121.9,9.2,15.15,71.4,3131.8,-5.4,35.1,0.714,827.1,122.0,2.21,HIGH_VIBRATION,52.0,0.853,396.6
2026-09-02T10:45:30.606032,4808.5,830.0,121.9,8.66,14.58,72.7,3139.5,-5.4,35.3,0.727,828.1,122.4,2.22,HIGH_VIBRATION,52.9,0.854,396.5
2026-09-02T10:45:31.606032,4811.7,824.5,122.4,8.4,14.91,71.1,3130.8,-5.4,35.1,0.711,826.9,122.0,2.22,HIGH_VIBRATION,51.3,0.856,396.4
2026-09-02T10:45:32.606032,4803.6,824.5,116.2,8.66,14.32,71.3,3124.9,-5.3,35.1,0.713,827.0,122.0,2.21,HIGH_VIBRATION,51.1,0.857,396.2
2026-09-02T10:45:33.606032,4811.2,824.5,123.3,9.46,15.09,71.1,3132.7,-5.4,35.1,0.711,826.9,122.0,2.22,HIGH_VIBRATION,51.0,0.858,396.1
2026-09-02T10:45:34.606032,4776.3,825.9,121.0,9.03,14.88,71.7,3125.3,-5.3,35.2,0.717,827.1,122.0,2.2,HIGH_VIBRATION,50.8,0.859,396.0
2026-09-02T10:45:35.606032,4789.0,831.0,124.5,8.68,15.36,71.8,3113.3,-5.2,35.2,0.718,827.2,122.1,2.2,HIGH_VIBRATION,50.0,0.86,395.8
2026-09-02T10:45:36.606032,4795.2,825.5,123.4,9.37,14.9,71.8,3114.6,-5.2,35.2,0.718,827.3,122.1,2.21,HIGH_VIBRATION,52.3,0.861,395.7
2026-09-02T10:45:37.606032,4783.1,832.4,120.1,8.73,14.74,72.5,3114.5,-5.2,35.3,0.725,827.7,122.3,2.2,HIGH_VIBRATION,50.5,0.862,395.6
2026-09-02T10:45:38.606032,4791.4,823.4,124.8,7.88,14.66,71.1,3116.2,-5.3,35.1,0.711,826.7,121.9,2.21,HIGH_VIBRATION,50.5,0.863,395.4
2026-09-02T10:45:39.606032,4788.5,827.9,119.3,9.05,14.63,71.4,3103.9,-5.2,35.1,0.714,826.9,122.0,2.2,HIGH_VIBRATION,50.1,0.864,395.3
2026-09-02T10:45:40.606032,3160.0,791.0,108.9,7.96,9.55,45.8,3200.0,-5.8,32.6,0.458,785.3,106.7,1.24,HIGH_VIBRATION,49.8,0.866,395.2
2026-09-02T10:45:41.606032,3224.4,794.4,103.3,7.17,10.88,46.4,3175.0,-5.6,32.6,0.464,786.7,107.2,1.27,HIGH_VIBRATION,50.3,0.867,395.0
2026-09-02T10:45:42.606032,3203.2,788.8,107.2,7.23,9.9,45.6,3150.0,-5.5,32.6,0.456,785.2,106.9,1.26,HIGH_VIBRATION,50.9,0.868,394.9
2026-09-02T10:45:43.606032,3172.1,788.6,104.0,7.4,10.01,45.9,3125.0,-5.3,32.6,0.459,785.3,106.9,1.25,HIGH_VIBRATION,50.8,0.869,394.8
2026-09-02T10:45:44.606032,3200.5,786.8,107.1,8.05,10.22,45.9,3100.0,-5.2,32.6,0.459,785.5,107.1,1.26,HIGH_VIBRATION,50.0,0.87,394.6
2026-09-02T10:45:45.606032,3167.9,783.2,109.3,7.98,9.78,46.6,3075.0,-5.0,32.7,0.466,786.0,107.2,1.25,HIGH_VIBRATION,49.6,0.871,394.5
2026-09-02T10:45:46.606032,3157.9,776.9,106.9,8.37,9.43,44.1,3050.0,-4.8,32.4,0.441,782.2,106.5,1.24,HIGH_VIBRATION,51.0,0.872,394.4
2026-09-02T10:45:47.606032,3161.0,783.5,106.3,7.18,10.44,45.2,3025.0,-4.7,32.5,0.452,783.8,106.9,1.24,HIGH_VIBRATION,49.6,0.873,394.2
2026-09-02T10:45:48.606032,3217.1,788.7,106.2,7.98,10.0,44.4,3000.0,-4.5,32.4,0.444,783.1,106.9,1.27,HIGH_VIBRATION,49.0,0.874,394.1
2026-09-02T10:45:49.606032,3233.5,783.8,108.8,7.62,10.43,45.1,2975.0,-4.3,32.5,0.451,784.2,107.2,1.28,HIGH_VIBRATION,51.0,0.876,394.0
2026-09-02T10:45:50.606032,3170.3,785.3,104.5,7.09,10.13,45.7,2950.0,-4.2,32.6,0.457,784.3,107.2,1.25,HIGH_VIBRATION,50.7,0.877,393.8
2026-09-02T10:45:51.606032,3249.6,782.7,105.1,6.98,10.12,43.5,2925.0,-4.0,32.3,0.435,781.9,106.9,1.28,HIGH_VIBRATION,49.0,0.878,393.7
2026-09-02T10:45:52.606032,3165.7,775.3,109.2,7.16,9.67,44.5,2900.0,-3.8,32.4,0.445,782.4,106.9,1.24,HIGH_VIBRATION,51.1,0.879,393.6
2026-09-02T10:45:53.606032,3163.0,779.6,101.1,8.03,10.55,44.9,2875.0,-3.7,32.5,0.449,782.8,107.1,1.24,HIGH_VIBRATION,49.2,0.88,393.4
2026-09-02T10:45:54.606032,3168.6,788.7,106.1,7.14,10.21,44.8,2850.0,-3.5,32.5,0.448,782.7,107.1,1.25,HIGH_VIBRATION,49.7,0.881,393.3
2026-09-02T10:45:55.606032,3230.9,780.5,103.3,7.88,10.22,43.2,2825.0,-3.4,32.3,0.432,780.9,106.9,1.28,HIGH_VIBRATION,48.9,0.882,393.2
2026-09-02T10:45:56.606032,3165.1,783.5,105.3,7.47,10.11,44.1,2800.0,-3.2,32.4,0.441,781.4,107.0,1.24,HIGH_VIBRATION,50.0,0.883,393.0
2026-09-02T10:45:57.606032,3236.8,787.5,106.7,7.44,10.25,44.6,2775.0,-3.0,32.5,0.446,782.9,107.5,1.28,HIGH_VIBRATION,51.2,0.884,392.9
2026-09-02T10:45:58.606032,3165.7,773.9,107.9,7.81,10.04,44.1,2750.0,-2.9,32.4,0.441,781.3,107.1,1.24,HIGH_VIBRATION,50.4,0.886,392.8
2026-09-02T10:45:59.606032,3159.4,771.3,107.4,8.2,10.14,45.3,2725.0,-2.7,32.5,0.453,782.9,107.5,1.24,HIGH_VIBRATION,50.4,0.887,392.6
2026-09-02T10:46:00.606032,3231.0,781.6,109.4,7.36,10.51,44.7,2700.0,-2.6,32.5,0.447,782.7,107.7,1.28,HIGH_VIBRATION,50.3,0.888,392.5
2026-09-02T10:46:01.606032,3200.9,778.9,107.0,7.99,10.47,44.3,2675.0,-2.4,32.4,0.443,781.7,107.5,1.26,HIGH_VIBRATION,48.2,0.889,392.4
2026-09-02T10:46:02.606032,3242.0,796.2,108.6,8.44,10.13,44.0,2650.0,-2.2,32.4,0.44,781.6,107.6,1.28,HIGH_VIBRATION,49.1,0.89,392.2
2026-09-02T10:46:03.606032,3233.9,790.7,105.9,7.24,10.01,45.6,2625.0,-2.1,32.6,0.456,783.7,108.1,1.28,HIGH_VIBRATION,49.3,0.891,392.1
2026-09-02T10:46:04.606032,3206.7,782.1,106.2,7.0,10.7,45.1,2600.0,-1.9,32.5,0.451,782.6,107.9,1.26,HIGH_VIBRATION,48.9,0.892,392.0
2026-09-02T10:46:05.606032,3180.7,780.3,107.6,8.12,10.37,44.9,2575.0,-1.7,32.5,0.449,782.0,107.8,1.25,HIGH_VIBRATION,47.9,0.893,391.8
2026-09-02T10:46:06.606032,3244.5,786.4,108.3,7.34,11.17,45.9,2550.0,-1.6,32.6,0.459,784.0,108.4,1.28,HIGH_VIBRATION,49.9,0.894,391.7
2026-09-02T10:46:07.606032,3205.1,784.1,109.4,8.21,10.32,45.5,2525.0,-1.4,32.5,0.455,782.9,108.2,1.26,HIGH_VIBRATION,49.5,0.896,391.6
2026-09-02T10:46:08.606032,3235.0,787.4,108.9,8.51,10.48,44.0,2500.0,-1.2,32.4,0.44,781.0,107.9,1.28,HIGH_VIBRATION,49.8,0.897,391.4
2026-09-02T10:46:09.606032,3183.8,784.0,106.5,7.7,10.34,44.2,2475.0,-1.1,32.4,0.442,780.7,107.8,1.25,HIGH_VIBRATION,50.1,0.898,391.3
2026-09-02T10:46:10.606032,3195.9,780.1,109.2,8.44,10.83,45.1,2450.0,-0.9,32.5,0.451,782.0,108.1,1.26,HIGH_VIBRATION,49.9,0.899,391.2
2026-09-02T10:46:11.606032,3244.4,780.2,107.4,7.83,10.57,43.4,2425.0,-0.8,32.3,0.434,780.0,107.9,1.28,HIGH_VIBRATION,49.3,0.9,391.0
2026-09-02T10:46:12.606032,3236.0,776.4,107.1,8.35,10.23,44.8,2400.0,-0.6,32.5,0.448,781.8,108.3,1.28,HIGH_VIBRATION,49.9,0.901,390.9
2026-09-02T10:46:13.606032,3202.2,777.7,108.3,8.22,10.23,45.0,2375.0,-0.4,32.5,0.45,781.7,108.3,1.26,HIGH_VIBRATION,48.5,0.902,390.8
2026-09-02T10:46:14.606032,3154.9,771.3,105.5,7.69,10.13,43.0,2350.0,-0.3,32.3,0.43,778.1,107.5,1.24,HIGH_VIBRATION,48.1,0.903,390.6
2026-09-02T10:46:15.606032,3168.9,779.3,105.4,7.5,10.38,43.9,2325.0,-0.1,32.4,0.439,779.5,107.9,1.25,HIGH_VIBRATION,48.1,0.904,390.5
2026-09-02T10:46:16.606032,3238.9,788.4,106.4,7.87,10.38,46.9,2300.0,0.1,32.7,0.469,784.5,109.2,1.28,HIGH_VIBRATION,49.3,0.906,390.4
2026-09-02T10:46:17.606032,3152.7,782.1,109.2,7.31,10.85,45.5,2275.0,0.2,32.6,0.455,781.5,108.4,1.24,HIGH_VIBRATION,49.7,0.907,390.2
2026-09-02T10:46:18.606032,3159.5,780.0,112.7,8.31,11.17,46.3,2250.0,0.4,32.6,0.463,782.6,108.8,1.24,HIGH_VIBRATION,48.2,0.908,390.1
2026-09-02T10:46:19.606032,3224.0,779.8,106.9,8.09,10.5,44.9,2225.0,0.5,32.5,0.449,781.2,108.6,1.27,HIGH_VIBRATION,49.4,0.909,390.0
2026-09-02T10:46:20.606032,3153.3,775.6,106.8,7.31,10.96,45.4,2200.0,0.7,32.5,0.454,781.1,108.5,1.24,HIGH_VIBRATION,48.8,0.91,389.8
2026-09-02T10:46:21.606032,3150.3,775.6,106.7,7.65,11.17,43.9,2175.0,0.9,32.4,0.439,778.8,108.1,1.24,HIGH_VIBRATION,48.8,0.911,389.7
2026-09-02T10:46:22.606032,3207.6,778.9,107.3,7.24,10.94,44.3,2150.0,1.0,32.4,0.443,779.9,108.5,1.26,HIGH_VIBRATION,48.7,0.912,389.6
2026-09-02T10:46:23.606032,3184.7,784.7,110.4,7.8,10.87,46.7,2125.0,1.2,32.7,0.467,783.0,109.2,1.25,HIGH_VIBRATION,47.7,0.913,389.4
2026-09-02T10:46:24.606032,3187.2,778.5,106.6,8.38,10.92,46.1,2100.0,1.3,32.6,0.461,782.1,109.1,1.25,HIGH_VIBRATION,46.9,0.914,389.3
2026-09-02T10:46:25.606032,3249.8,784.5,110.8,8.12,10.5,46.0,2075.0,1.5,32.6,0.46,782.5,109.4,1.28,HIGH_VIBRATION,48.0,0.916,389.2
2026-09-02T10:46:26.606032,3172.6,776.3,106.3,7.99,10.86,43.7,2050.0,1.7,32.4,0.437,778.3,108.4,1.25,HIGH_VIBRATION,47.6,0.917,389.0
2026-09-02T10:46:27.606032,3237.5,777.6,109.9,8.56,11.08,45.1,2025.0,1.8,32.5,0.451,781.0,109.2,1.28,HIGH_VIBRATION,49.0,0.918,388.9
2026-09-02T10:46:28.606032,3202.7,773.4,105.3,7.79,10.11,43.7,2000.0,2.0,32.4,0.437,778.5,108.6,1.26,HIGH_VIBRATION,47.7,0.919,388.8
2026-09-02T10:46:29.606032,3180.9,781.2,111.4,7.6,11.0,46.1,1975.0,2.2,32.6,0.461,781.6,109.3,1.25,HIGH_VIBRATION,48.1,0.92,388.6
2026-09-02T10:46:30.606032,3174.1,781.3,106.1,7.29,10.37,45.1,1950.0,2.3,32.5,0.451,780.0,109.0,1.25,HIGH_VIBRATION,48.6,0.921,388.5
2026-09-02T10:46:31.606032,3176.5,778.7,106.7,7.65,10.53,44.8,1925.0,2.5,32.5,0.448,779.5,109.0,1.25,HIGH_VIBRATION,47.5,0.922,388.4
2026-09-02T10:46:32.606032,3162.7,777.3,109.0,7.19,11.19,43.4,1900.0,2.7,32.3,0.434,777.2,108.6,1.24,HIGH_VIBRATION,46.7,0.923,388.2
2026-09-02T10:46:33.606032,3231.9,775.8,110.2,7.76,11.14,46.1,1875.0,2.8,32.6,0.461,781.8,109.8,1.28,HIGH_VIBRATION,47.3,0.924,388.1
2026-09-02T10:46:34.606032,3168.8,776.4,107.9,8.42,10.88,43.7,1850.0,3.0,32.4,0.437,777.6,108.8,1.25,HIGH_VIBRATION,46.1,0.926,388.0
2026-09-02T10:46:35.606032,3215.5,782.6,112.1,7.73,10.96,44.6,1825.0,3.1,32.5,0.446,779.3,109.3,1.27,HIGH_VIBRATION,47.3,0.927,387.8
2026-09-02T10:46:36.606032,3226.0,778.6,110.5,7.88,11.49,46.2,1800.0,3.3,32.6,0.462,781.6,109.9,1.27,HIGH_VIBRATION,47.4,0.928,387.7
2026-09-02T10:46:37.606032,3165.4,784.3,108.1,7.48,10.64,43.1,1775.0,3.5,32.3,0.431,776.4,108.7,1.24,HIGH_VIBRATION,46.1,0.929,387.6
2026-09-02T10:46:38.606032,3166.6,770.7,105.8,8.66,10.54,46.1,1750.0,3.6,32.6,0.461,780.7,109.7,1.25,HIGH_VIBRATION,46.0,0.93,387.4
2026-09-02T10:46:39.606032,3183.4,785.2,112.4,7.84,10.86,46.4,1725.0,3.8,32.6,0.464,781.2,109.9,1.25,HIGH_VIBRATION,48.3,0.931,387.3
2026-09-02T10:46:40.606032,3245.7,780.6,109.2,7.98,11.31,43.4,1700.0,4.0,32.3,0.434,777.4,109.3,1.28,HIGH_VIBRATION,46.4,0.932,387.2
2026-09-02T10:46:41.606032,3176.4,777.3,109.7,8.52,11.0,44.3,1675.0,4.1,32.4,0.443,777.9,109.4,1.25,HIGH_VIBRATION,48.1,0.933,387.0
2026-09-02T10:46:42.606032,3173.5,777.0,108.6,7.74,10.65,43.3,1650.0,4.3,32.3,0.433,776.3,109.1,1.25,HIGH_VIBRATION,46.2,0.934,386.9
2026-09-02T10:46:43.606032,3181.2,779.4,110.5,8.13,11.29,44.4,1625.0,4.4,32.4,0.444,777.9,109.5,1.25,HIGH_VIBRATION,47.1,0.936,386.7
2026-09-02T10:46:44.606032,3157.0,777.5,108.3,7.19,10.42,43.4,1600.0,4.6,32.3,0.434,776.1,109.1,1.24,HIGH_VIBRATION,47.5,0.937,386.6
2026-09-02T10:46:45.606032,3212.2,779.2,107.9,7.03,10.84,45.5,1575.0,4.8,32.5,0.455,779.7,110.1,1.27,HIGH_VIBRATION,46.0,0.938,386.5
2026-09-02T10:46:46.606032,3151.7,783.9,110.1,8.12,11.28,45.4,1550.0,4.9,32.5,0.454,778.8,109.8,1.24,HIGH_VIBRATION,48.1,0.939,386.3
2026-09-02T10:46:47.606032,3218.4,790.1,110.8,7.54,11.14,44.8,1525.0,5.1,32.5,0.448,778.6,110.0,1.27,HIGH_VIBRATION,47.8,0.94,386.2
2026-09-02T10:46:48.606032,3209.8,784.3,111.2,8.02,10.87,43.9,1500.0,5.2,32.4,0.439,777.1,109.7,1.27,HIGH_VIBRATION,46.4,0.941,386.1
2026-09-02T10:46:49.606032,3239.7,782.2,110.9,7.41,11.07,45.7,1475.0,5.4,32.6,0.457,779.9,110.5,1.28,HIGH_VIBRATION,47.8,0.942,385.9
2026-09-02T10:46:50.606032,3192.6,783.6,108.9,7.71,11.1,44.6,1450.0,5.6,32.5,0.446,777.7,110.0,1.26,HIGH_VIBRATION,46.5,0.943,385.8
2026-09-02T10:46:51.606032,3150.0,774.6,113.1,7.84,11.03,43.3,1425.0,5.7,32.3,0.433,775.3,109.4,1.24,HIGH_VIBRATION,47.3,0.944,385.7
2026-09-02T10:46:52.606032,3212.9,772.7,111.6,8.55,10.75,44.3,1400.0,5.9,32.4,0.443,777.4,110.1,1.27,HIGH_VIBRATION,46.6,0.946,385.5
2026-09-02T10:46:53.606032,3197.0,785.2,114.7,7.74,11.18,46.0,1375.0,6.1,32.6,0.46,779.5,110.6,1.26,HIGH_VIBRATION,46.2,0.947,385.4
2026-09-02T10:46:54.606032,3226.9,785.5,109.0,8.31,11.19,45.8,1350.0,6.2,32.6,0.458,779.5,110.7,1.27,HIGH_VIBRATION,47.5,0.948,385.3
2026-09-02T10:46:55.606032,3190.9,779.5,111.5,8.02,11.11,45.2,1325.0,6.4,32.5,0.452,778.2,110.4,1.26,HIGH_VIBRATION,45.0,0.949,385.1
2026-09-02T10:46:56.606032,3193.6,788.9,107.4,7.34,10.99,44.2,1300.0,6.5,32.4,0.442,776.6,110.1,1.26,HIGH_VIBRATION,46.7,0.95,385.0
2026-09-02T10:46:57.606032,3188.6,780.5,108.1,7.17,11.59,44.8,1275.0,6.7,32.5,0.448,777.4,110.4,1.26,HIGH_VIBRATION,47.5,0.951,384.9
2026-09-02T10:46:58.606032,3243.3,782.4,110.5,7.55,12.38,46.7,1250.0,6.9,32.7,0.467,780.6,111.2,1.28,HIGH_VIBRATION,46.2,0.952,384.7
2026-09-02T10:46:59.606032,3176.0,768.0,113.6,7.46,11.71,45.3,1225.0,7.0,32.5,0.453,777.8,110.6,1.25,HIGH_VIBRATION,47.2,0.953,384.6
2026-09-02T10:47:00.606032,3236.0,780.0,110.6,8.01,11.32,44.6,1200.0,7.2,32.5,0.446,777.3,110.7,1.28,HIGH_VIBRATION,47.0,0.954,384.5
2026-09-02T10:47:01.606032,3186.2,778.6,109.3,7.36,11.34,44.2,1175.0,7.4,32.4,0.442,776.1,110.4,1.25,HIGH_VIBRATION,47.3,0.956,384.3
2026-09-02T10:47:02.606032,3241.6,774.5,107.4,8.51,11.32,46.4,1150.0,7.5,32.6,0.464,779.8,111.3,1.28,HIGH_VIBRATION,45.0,0.957,384.2
2026-09-02T10:47:03.606032,3190.4,768.2,111.1,8.26,11.07,43.9,1125.0,7.7,32.4,0.439,775.6,110.4,1.26,HIGH_VIBRATION,45.5,0.958,384.1
2026-09-02T10:47:04.606032,3198.9,773.9,105.5,7.71,11.08,45.2,1100.0,7.8,32.5,0.452,777.5,110.9,1.26,HIGH_VIBRATION,44.4,0.959,383.9
2026-09-02T10:47:05.606032,3153.7,773.3,107.5,7.45,11.28,45.1,1075.0,8.0,32.5,0.451,776.7,110.7,1.24,HIGH_VIBRATION,45.2,0.96,383.8
2026-09-02T10:47:06.606032,3217.0,781.1,113.7,8.43,12.04,46.8,1050.0,8.2,32.7,0.468,779.7,111.6,1.27,HIGH_VIBRATION,46.8,0.961,383.7
2026-09-02T10:47:07.606032,3240.5,773.2,108.9,7.86,11.13,43.4,1025.0,8.3,32.3,0.434,775.0,110.6,1.28,HIGH_VIBRATION,46.4,0.962,383.5
2026-09-02T10:47:08.606032,3177.8,775.6,106.7,7.62,11.16,43.7,1000.0,8.5,32.4,0.437,774.7,110.5,1.25,HIGH_VIBRATION,45.9,0.963,383.4
2026-09-02T10:47:09.606032,3190.0,776.3,108.1,7.8,11.53,44.6,975.0,8.7,32.5,0.446,776.1,110.9,1.26,HIGH_VIBRATION,45.9,0.964,383.3
2026-09-02T10:47:10.606032,3227.6,780.6,112.4,8.71,11.99,45.9,950.0,8.8,32.6,0.459,778.2,111.5,1.27,HIGH_VIBRATION,44.4,0.966,383.1
2026-09-02T10:47:11.606032,3249.4,782.8,111.0,7.1,11.69,45.4,925.0,9.0,32.5,0.454,777.7,111.5,1.28,HIGH_VIBRATION,44.5,0.967,383.0
2026-09-02T10:47:12.606032,3167.7,780.9,110.2,7.5,11.17,45.1,900.0,9.1,32.5,0.451,776.3,111.1,1.25,HIGH_VIBRATION,46.1,0.968,382.9
2026-09-02T10:47:13.606032,3154.2,772.2,109.0,7.84,10.89,43.2,875.0,9.3,32.3,0.432,773.3,110.5,1.24,HIGH_VIBRATION,44.9,0.969,382.7
2026-09-02T10:47:14.606032,3162.4,777.7,110.3,8.32,11.76,46.0,850.0,9.5,32.6,0.46,777.3,111.5,1.24,HIGH_VIBRATION,44.5,0.97,382.6
2026-09-02T10:47:15.606032,3154.1,777.9,108.3,8.46,11.48,43.7,825.0,9.6,32.4,0.437,773.8,110.8,1.24,HIGH_VIBRATION,44.2,0.971,382.5
2026-09-02T10:47:16.606032,3165.4,779.8,112.9,7.48,11.8,45.9,800.0,9.8,32.6,0.459,777.1,111.6,1.24,HIGH_VIBRATION,44.0,0.972,382.3
2026-09-02T10:47:17.606032,3226.2,779.4,113.9,8.35,11.37,45.4,775.0,10.0,32.5,0.454,776.9,111.7,1.27,HIGH_VIBRATION,44.9,0.973,382.2
2026-09-02T10:47:18.606032,3210.2,774.5,106.7,8.1,11.2,43.5,750.0,10.1,32.3,0.435,773.9,111.1,1.27,HIGH_VIBRATION,45.8,0.974,382.1
2026-09-02T10:47:19.606032,3207.2,769.3,110.3,7.85,11.66,43.3,725.0,10.3,32.3,0.433,773.5,111.1,1.26,HIGH_VIBRATION,43.8,0.976,381.9
2026-09-02T10:47:20.606032,3192.7,779.6,112.4,7.65,11.62,45.1,700.0,10.4,32.5,0.451,775.8,111.6,1.26,HIGH_VIBRATION,45.4,0.977,381.8
2026-09-02T10:47:21.606032,3234.2,770.7,111.1,8.28,11.94,45.7,675.0,10.6,32.6,0.457,777.1,112.0,1.28,HIGH_VIBRATION,44.3,0.978,381.7
2026-09-02T10:47:22.606032,3209.1,780.7,107.7,7.01,11.33,44.3,650.0,10.8,32.4,0.443,774.7,111.5,1.27,HIGH_VIBRATION,45.7,0.979,381.5
2026-09-02T10:47:23.606032,3205.7,774.2,110.8,7.71,11.85,45.3,625.0,10.9,32.5,0.453,776.0,111.9,1.26,HIGH_VIBRATION,43.3,0.98,381.4
2026-09-02T10:47:24.606032,3217.5,776.5,111.6,7.03,12.16,45.8,600.0,11.1,32.6,0.458,776.8,112.2,1.27,HIGH_VIBRATION,43.6,0.981,381.3
2026-09-02T10:47:25.606032,3199.8,776.5,110.4,8.55,11.82,44.3,575.0,11.3,32.4,0.443,774.3,111.7,1.26,HIGH_VIBRATION,45.5,0.982,381.1
2026-09-02T10:47:26.606032,3241.9,770.1,111.9,7.81,11.52,43.3,550.0,11.4,32.3,0.433,773.2,111.6,1.28,HIGH_VIBRATION,43.2,0.983,381.0
2026-09-02T10:47:27.606032,3223.4,780.0,109.4,8.49,11.64,43.5,525.0,11.6,32.4,0.435,773.2,111.6,1.27,HIGH_VIBRATION,45.0,0.984,380.9
2026-09-02T10:47:28.606032,3157.4,776.9,111.5,7.21,11.9,45.0,500.0,11.8,32.5,0.45,774.6,111.8,1.24,HIGH_VIBRATION,43.8,0.986,380.7
2026-09-02T10:47:29.606032,3180.8,768.8,115.7,7.87,11.76,45.6,475.0,11.9,32.6,0.456,775.6,112.2,1.25,HIGH_VIBRATION,42.8,0.987,380.6
2026-09-02T10:47:30.606032,3249.5,777.0,111.6,7.96,11.6,43.9,450.0,12.1,32.4,0.439,773.8,112.0,1.28,HIGH_VIBRATION,43.7,0.988,380.5
2026-09-02T10:47:31.606032,3170.7,768.4,114.4,7.74,11.61,43.2,425.0,12.2,32.3,0.432,771.9,111.5,1.25,HIGH_VIBRATION,42.7,0.989,380.3
2026-09-02T10:47:32.606032,3224.1,777.0,109.5,8.3,11.51,43.9,400.0,12.4,32.4,0.439,773.4,112.0,1.27,HIGH_VIBRATION,44.9,0.99,380.2
2026-09-02T10:47:33.606032,3208.5,769.6,113.1,8.16,12.07,46.3,375.0,12.6,32.6,0.463,776.6,112.7,1.27,HIGH_VIBRATION,43.8,0.991,380.1
2026-09-02T10:47:34.606032,3189.4,777.0,110.5,8.39,12.16,43.9,350.0,12.7,32.4,0.439,772.8,111.9,1.26,HIGH_VIBRATION,44.1,0.992,379.9
2026-09-02T10:47:35.606032,3249.9,774.8,110.5,8.49,11.6,43.9,325.0,12.9,32.4,0.439,773.4,112.2,1.28,HIGH_VIBRATION,42.7,0.993,379.8
2026-09-02T10:47:36.606032,3206.0,780.8,115.7,7.58,12.33,46.7,300.0,13.1,32.7,0.467,776.9,113.0,1.26,HIGH_VIBRATION,43.7,0.994,379.7
2026-09-02T10:47:37.606032,3214.0,773.2,110.4,7.79,11.7,44.1,275.0,13.2,32.4,0.441,773.1,112.3,1.27,HIGH_VIBRATION,42.6,0.996,379.5
2026-09-02T10:47:38.606032,3157.9,769.3,111.8,8.11,11.84,44.6,250.0,13.4,32.5,0.446,773.2,112.2,1.24,HIGH_VIBRATION,44.0,0.997,379.4
2026-09-02T10:47:39.606032,3228.8,775.0,110.4,7.6,12.38,44.4,225.0,13.5,32.4,0.444,773.6,112.5,1.27,HIGH_VIBRATION,42.9,0.998,379.3
2026-09-02T10:47:40.606032,5354.0,836.5,138.0,9.75,24.43,92.6,100.0,14.3,37.3,0.926,829.1,137.1,2.63,HIGH_VIBRATION,43.5,0.999,379.1
